date,use,demand (TWh)
2025-10-25,"NTS Energy Offtaken, Industrial Offtake Total",0.019791407
2025-10-25,"NTS Energy Offtaken, LDZ Offtake Total",1.390866206
2025-10-25,"NTS Energy Offtaken, Powerstations Total",0.176590147
2025-10-24,"NTS Energy Offtaken, Industrial Offtake Total",0.01922264
2025-10-24,"NTS Energy Offtaken, LDZ Offtake Total",1.421779381
2025-10-24,"NTS Energy Offtaken, Powerstations Total",0.164746953
2025-10-23,"NTS Energy Offtaken, Industrial Offtake Total",0.032625264
2025-10-23,"NTS Energy Offtaken, LDZ Offtake Total",1.367229684
2025-10-23,"NTS Energy Offtaken, Powerstations Total",0.152777349
2025-10-22,"NTS Energy Offtaken, Industrial Offtake Total",0.047485052
2025-10-22,"NTS Energy Offtaken, LDZ Offtake Total",1.166887105
2025-10-22,"NTS Energy Offtaken, Powerstations Total",0.597062674
2025-10-21,"NTS Energy Offtaken, Industrial Offtake Total",0.026640698
2025-10-21,"NTS Energy Offtaken, LDZ Offtake Total",1.046916992
2025-10-21,"NTS Energy Offtaken, Powerstations Total",0.254155661
2025-10-20,"NTS Energy Offtaken, Industrial Offtake Total",0.024412723
2025-10-20,"NTS Energy Offtaken, LDZ Offtake Total",1.010660511
2025-10-20,"NTS Energy Offtaken, Powerstations Total",0.449119281
2025-10-19,"NTS Energy Offtaken, Industrial Offtake Total",0.017937361
2025-10-19,"NTS Energy Offtaken, LDZ Offtake Total",1.024976627
2025-10-19,"NTS Energy Offtaken, Powerstations Total",0.168579773
2025-10-18,"NTS Energy Offtaken, Industrial Offtake Total",0.038033809
2025-10-18,"NTS Energy Offtaken, LDZ Offtake Total",1.037292377
2025-10-18,"NTS Energy Offtaken, Powerstations Total",0.321791151
2025-10-17,"NTS Energy Offtaken, Industrial Offtake Total",0.037745127
2025-10-17,"NTS Energy Offtaken, LDZ Offtake Total",1.097059114
2025-10-17,"NTS Energy Offtaken, Powerstations Total",0.768878922
2025-10-16,"NTS Energy Offtaken, Industrial Offtake Total",0.032604001
2025-10-16,"NTS Energy Offtaken, LDZ Offtake Total",1.13248656
2025-10-16,"NTS Energy Offtaken, Powerstations Total",0.787497368
2025-10-15,"NTS Energy Offtaken, Industrial Offtake Total",0.061265803
2025-10-15,"NTS Energy Offtaken, LDZ Offtake Total",1.171754684
2025-10-15,"NTS Energy Offtaken, Powerstations Total",0.833486627
2025-10-14,"NTS Energy Offtaken, Industrial Offtake Total",0.065567649
2025-10-14,"NTS Energy Offtaken, LDZ Offtake Total",1.1142688
2025-10-14,"NTS Energy Offtaken, Powerstations Total",0.920581312
2025-10-13,"NTS Energy Offtaken, Industrial Offtake Total",0.064501165
2025-10-13,"NTS Energy Offtaken, LDZ Offtake Total",1.067329573
2025-10-13,"NTS Energy Offtaken, Powerstations Total",0.906025267
2025-10-12,"NTS Energy Offtaken, Industrial Offtake Total",0.032358889
2025-10-12,"NTS Energy Offtaken, LDZ Offtake Total",1.028829971
2025-10-12,"NTS Energy Offtaken, Powerstations Total",0.726074411
2025-10-11,"NTS Energy Offtaken, Industrial Offtake Total",0.031190924
2025-10-11,"NTS Energy Offtaken, LDZ Offtake Total",0.902674
2025-10-11,"NTS Energy Offtaken, Powerstations Total",0.583666739
2025-10-10,"NTS Energy Offtaken, Industrial Offtake Total",0.031375061
2025-10-10,"NTS Energy Offtaken, LDZ Offtake Total",0.939366893
2025-10-10,"NTS Energy Offtaken, Powerstations Total",0.592536522
2025-10-09,"NTS Energy Offtaken, Industrial Offtake Total",0.031227315
2025-10-09,"NTS Energy Offtaken, LDZ Offtake Total",0.969594843
2025-10-09,"NTS Energy Offtaken, Powerstations Total",0.476986156
2025-10-08,"NTS Energy Offtaken, Industrial Offtake Total",0.035108221
2025-10-08,"NTS Energy Offtaken, LDZ Offtake Total",0.919971933
2025-10-08,"NTS Energy Offtaken, Powerstations Total",0.662171682
2025-10-07,"NTS Energy Offtaken, Industrial Offtake Total",0.027901924
2025-10-07,"NTS Energy Offtaken, LDZ Offtake Total",0.86518696
2025-10-07,"NTS Energy Offtaken, Powerstations Total",0.657443915
2025-10-06,"NTS Energy Offtaken, Industrial Offtake Total",0.026784781
2025-10-06,"NTS Energy Offtaken, LDZ Offtake Total",0.838625358
2025-10-06,"NTS Energy Offtaken, Powerstations Total",0.419225474
2025-10-05,"NTS Energy Offtaken, Industrial Offtake Total",0.018461274
2025-10-05,"NTS Energy Offtaken, LDZ Offtake Total",0.944985291
2025-10-05,"NTS Energy Offtaken, Powerstations Total",0.151036071
2025-10-04,"NTS Energy Offtaken, Industrial Offtake Total",0.017176939
2025-10-04,"NTS Energy Offtaken, LDZ Offtake Total",0.92531744
2025-10-04,"NTS Energy Offtaken, Powerstations Total",0.163385273
2025-10-03,"NTS Energy Offtaken, Industrial Offtake Total",0.023067141
2025-10-03,"NTS Energy Offtaken, LDZ Offtake Total",0.857329435
2025-10-03,"NTS Energy Offtaken, Powerstations Total",0.218654786
2025-10-02,"NTS Energy Offtaken, Industrial Offtake Total",0.025092558
2025-10-02,"NTS Energy Offtaken, LDZ Offtake Total",0.837671606
2025-10-02,"NTS Energy Offtaken, Powerstations Total",0.294767711
2025-10-01,"NTS Energy Offtaken, Industrial Offtake Total",0.023874395
2025-10-01,"NTS Energy Offtaken, LDZ Offtake Total",0.848429844
2025-10-01,"NTS Energy Offtaken, Powerstations Total",0.465497967
2025-09-30,"NTS Energy Offtaken, Industrial Offtake Total",0.022513259
2025-09-30,"NTS Energy Offtaken, LDZ Offtake Total",0.856120912
2025-09-30,"NTS Energy Offtaken, Powerstations Total",0.566206761
2025-09-29,"NTS Energy Offtaken, Industrial Offtake Total",0.035942341
2025-09-29,"NTS Energy Offtaken, LDZ Offtake Total",0.943698655
2025-09-29,"NTS Energy Offtaken, Powerstations Total",0.636002373
2025-09-28,"NTS Energy Offtaken, Industrial Offtake Total",0.031285185
2025-09-28,"NTS Energy Offtaken, LDZ Offtake Total",0.824698841
2025-09-28,"NTS Energy Offtaken, Powerstations Total",0.540800674
2025-09-27,"NTS Energy Offtaken, Industrial Offtake Total",0.023863751
2025-09-27,"NTS Energy Offtaken, LDZ Offtake Total",0.817253113
2025-09-27,"NTS Energy Offtaken, Powerstations Total",0.357492166
2025-09-26,"NTS Energy Offtaken, Industrial Offtake Total",0.024814898
2025-09-26,"NTS Energy Offtaken, LDZ Offtake Total",0.910829114
2025-09-26,"NTS Energy Offtaken, Powerstations Total",0.404621507
2025-09-25,"NTS Energy Offtaken, Industrial Offtake Total",0.024589745
2025-09-25,"NTS Energy Offtaken, LDZ Offtake Total",0.842554249
2025-09-25,"NTS Energy Offtaken, Powerstations Total",0.304290295
2025-09-24,"NTS Energy Offtaken, Industrial Offtake Total",0.022256618
2025-09-24,"NTS Energy Offtaken, LDZ Offtake Total",0.887363665
2025-09-24,"NTS Energy Offtaken, Powerstations Total",0.418512828
2025-09-23,"NTS Energy Offtaken, Industrial Offtake Total",0.022269186
2025-09-23,"NTS Energy Offtaken, LDZ Offtake Total",0.96638565
2025-09-23,"NTS Energy Offtaken, Powerstations Total",0.519855447
2025-09-22,"NTS Energy Offtaken, Industrial Offtake Total",0.025860811
2025-09-22,"NTS Energy Offtaken, LDZ Offtake Total",0.912078193
2025-09-22,"NTS Energy Offtaken, Powerstations Total",0.374073672
2025-09-21,"NTS Energy Offtaken, Industrial Offtake Total",0.026340699
2025-09-21,"NTS Energy Offtaken, LDZ Offtake Total",0.739046883
2025-09-21,"NTS Energy Offtaken, Powerstations Total",0.183469798
2025-09-20,"NTS Energy Offtaken, Industrial Offtake Total",0.027288846
2025-09-20,"NTS Energy Offtaken, LDZ Offtake Total",0.617691277
2025-09-20,"NTS Energy Offtaken, Powerstations Total",0.305212665
2025-09-19,"NTS Energy Offtaken, Industrial Offtake Total",0.02751236
2025-09-19,"NTS Energy Offtaken, LDZ Offtake Total",0.604084094
2025-09-19,"NTS Energy Offtaken, Powerstations Total",0.344323886
2025-09-18,"NTS Energy Offtaken, Industrial Offtake Total",0.026626216
2025-09-18,"NTS Energy Offtaken, LDZ Offtake Total",0.637892182
2025-09-18,"NTS Energy Offtaken, Powerstations Total",0.244761278
2025-09-17,"NTS Energy Offtaken, Industrial Offtake Total",0.027253988
2025-09-17,"NTS Energy Offtaken, LDZ Offtake Total",0.738034559
2025-09-17,"NTS Energy Offtaken, Powerstations Total",0.17268367
2025-09-16,"NTS Energy Offtaken, Industrial Offtake Total",0.028193061
2025-09-16,"NTS Energy Offtaken, LDZ Offtake Total",0.719646158
2025-09-16,"NTS Energy Offtaken, Powerstations Total",0.205352281
2025-09-15,"NTS Energy Offtaken, Industrial Offtake Total",0.027762791
2025-09-15,"NTS Energy Offtaken, LDZ Offtake Total",0.753724583
2025-09-15,"NTS Energy Offtaken, Powerstations Total",0.130530301
2025-09-14,"NTS Energy Offtaken, Industrial Offtake Total",0.028956589
2025-09-14,"NTS Energy Offtaken, LDZ Offtake Total",0.774098584
2025-09-14,"NTS Energy Offtaken, Powerstations Total",0.187830025
2025-09-13,"NTS Energy Offtaken, Industrial Offtake Total",0.028922897
2025-09-13,"NTS Energy Offtaken, LDZ Offtake Total",0.649804235
2025-09-13,"NTS Energy Offtaken, Powerstations Total",0.170173386
2025-09-12,"NTS Energy Offtaken, Industrial Offtake Total",0.027841636
2025-09-12,"NTS Energy Offtaken, LDZ Offtake Total",0.682407856
2025-09-12,"NTS Energy Offtaken, Powerstations Total",0.170658441
2025-09-11,"NTS Energy Offtaken, Industrial Offtake Total",0.027801686
2025-09-11,"NTS Energy Offtaken, LDZ Offtake Total",0.659167574
2025-09-11,"NTS Energy Offtaken, Powerstations Total",0.142800555
2025-09-10,"NTS Energy Offtaken, Industrial Offtake Total",0.028286604
2025-09-10,"NTS Energy Offtaken, LDZ Offtake Total",0.602793945
2025-09-10,"NTS Energy Offtaken, Powerstations Total",0.157524224
2025-09-09,"NTS Energy Offtaken, Industrial Offtake Total",0.029179724
2025-09-09,"NTS Energy Offtaken, LDZ Offtake Total",0.612763307
2025-09-09,"NTS Energy Offtaken, Powerstations Total",0.372148683
2025-09-08,"NTS Energy Offtaken, Industrial Offtake Total",0.02779541
2025-09-08,"NTS Energy Offtaken, LDZ Offtake Total",0.591449241
2025-09-08,"NTS Energy Offtaken, Powerstations Total",0.388507336
2025-09-07,"NTS Energy Offtaken, Industrial Offtake Total",0.027368522
2025-09-07,"NTS Energy Offtaken, LDZ Offtake Total",0.497909362
2025-09-07,"NTS Energy Offtaken, Powerstations Total",0.143858018
2025-09-06,"NTS Energy Offtaken, Industrial Offtake Total",0.0272271
2025-09-06,"NTS Energy Offtaken, LDZ Offtake Total",0.478366187
2025-09-06,"NTS Energy Offtaken, Powerstations Total",0.138982676
2025-09-05,"NTS Energy Offtaken, Industrial Offtake Total",0.030401938
2025-09-05,"NTS Energy Offtaken, LDZ Offtake Total",0.578956296
2025-09-05,"NTS Energy Offtaken, Powerstations Total",0.360775213
2025-09-04,"NTS Energy Offtaken, Industrial Offtake Total",0.030185121
2025-09-04,"NTS Energy Offtaken, LDZ Offtake Total",0.617442359
2025-09-04,"NTS Energy Offtaken, Powerstations Total",0.339051441
2025-09-03,"NTS Energy Offtaken, Industrial Offtake Total",0.028103918
2025-09-03,"NTS Energy Offtaken, LDZ Offtake Total",0.588081455
2025-09-03,"NTS Energy Offtaken, Powerstations Total",0.210300402
2025-09-02,"NTS Energy Offtaken, Industrial Offtake Total",0.031429927
2025-09-02,"NTS Energy Offtaken, LDZ Offtake Total",0.581986529
2025-09-02,"NTS Energy Offtaken, Powerstations Total",0.40005952
2025-09-01,"NTS Energy Offtaken, Industrial Offtake Total",0.024623037
2025-09-01,"NTS Energy Offtaken, LDZ Offtake Total",0.546006451
2025-09-01,"NTS Energy Offtaken, Powerstations Total",0.185061106
2025-08-31,"NTS Energy Offtaken, Industrial Offtake Total",0.025177327
2025-08-31,"NTS Energy Offtaken, LDZ Offtake Total",0.483029502
2025-08-31,"NTS Energy Offtaken, Powerstations Total",0.167186835
2025-08-30,"NTS Energy Offtaken, Industrial Offtake Total",0.022291054
2025-08-30,"NTS Energy Offtaken, LDZ Offtake Total",0.475593077
2025-08-30,"NTS Energy Offtaken, Powerstations Total",0.162023858
2025-08-29,"NTS Energy Offtaken, Industrial Offtake Total",0.029508647
2025-08-29,"NTS Energy Offtaken, LDZ Offtake Total",0.520672344
2025-08-29,"NTS Energy Offtaken, Powerstations Total",0.318395865
2025-08-28,"NTS Energy Offtaken, Industrial Offtake Total",0.028474092
2025-08-28,"NTS Energy Offtaken, LDZ Offtake Total",0.52163528
2025-08-28,"NTS Energy Offtaken, Powerstations Total",0.290245466
2025-08-27,"NTS Energy Offtaken, Industrial Offtake Total",0.029906309
2025-08-27,"NTS Energy Offtaken, LDZ Offtake Total",0.515386853
2025-08-27,"NTS Energy Offtaken, Powerstations Total",0.299099847
2025-08-26,"NTS Energy Offtaken, Industrial Offtake Total",0.030518592
2025-08-26,"NTS Energy Offtaken, LDZ Offtake Total",0.519348674
2025-08-26,"NTS Energy Offtaken, Powerstations Total",0.310925434
2025-08-25,"NTS Energy Offtaken, Industrial Offtake Total",0.028609767
2025-08-25,"NTS Energy Offtaken, LDZ Offtake Total",0.479626767
2025-08-25,"NTS Energy Offtaken, Powerstations Total",0.214566897
2025-08-24,"NTS Energy Offtaken, Industrial Offtake Total",0.030478812
2025-08-24,"NTS Energy Offtaken, LDZ Offtake Total",0.45908535
2025-08-24,"NTS Energy Offtaken, Powerstations Total",0.299798507
2025-08-23,"NTS Energy Offtaken, Industrial Offtake Total",0.036718931
2025-08-23,"NTS Energy Offtaken, LDZ Offtake Total",0.48398325
2025-08-23,"NTS Energy Offtaken, Powerstations Total",0.355317475
2025-08-22,"NTS Energy Offtaken, Industrial Offtake Total",0.032769294
2025-08-22,"NTS Energy Offtaken, LDZ Offtake Total",0.589813603
2025-08-22,"NTS Energy Offtaken, Powerstations Total",0.386806347
2025-08-21,"NTS Energy Offtaken, Industrial Offtake Total",0.032694175
2025-08-21,"NTS Energy Offtaken, LDZ Offtake Total",0.562601959
2025-08-21,"NTS Energy Offtaken, Powerstations Total",0.403540875
2025-08-20,"NTS Energy Offtaken, Industrial Offtake Total",0.042212948
2025-08-20,"NTS Energy Offtaken, LDZ Offtake Total",0.559278238
2025-08-20,"NTS Energy Offtaken, Powerstations Total",0.426657031
2025-08-19,"NTS Energy Offtaken, Industrial Offtake Total",0.030465881
2025-08-19,"NTS Energy Offtaken, LDZ Offtake Total",0.519802156
2025-08-19,"NTS Energy Offtaken, Powerstations Total",0.371008388
2025-08-18,"NTS Energy Offtaken, Industrial Offtake Total",0.038734662
2025-08-18,"NTS Energy Offtaken, LDZ Offtake Total",0.54542223
2025-08-18,"NTS Energy Offtaken, Powerstations Total",0.49158474
2025-08-17,"NTS Energy Offtaken, Industrial Offtake Total",0.031147815
2025-08-17,"NTS Energy Offtaken, LDZ Offtake Total",0.447731528
2025-08-17,"NTS Energy Offtaken, Powerstations Total",0.278213671
2025-08-16,"NTS Energy Offtaken, Industrial Offtake Total",0.032170355
2025-08-16,"NTS Energy Offtaken, LDZ Offtake Total",0.428297495
2025-08-16,"NTS Energy Offtaken, Powerstations Total",0.273995952
2025-08-15,"NTS Energy Offtaken, Industrial Offtake Total",0.02757554
2025-08-15,"NTS Energy Offtaken, LDZ Offtake Total",0.457250728
2025-08-15,"NTS Energy Offtaken, Powerstations Total",0.354415848
2025-08-14,"NTS Energy Offtaken, Industrial Offtake Total",0.027174854
2025-08-14,"NTS Energy Offtaken, LDZ Offtake Total",0.485071558
2025-08-14,"NTS Energy Offtaken, Powerstations Total",0.496854968
2025-08-13,"NTS Energy Offtaken, Industrial Offtake Total",0.038222657
2025-08-13,"NTS Energy Offtaken, LDZ Offtake Total",0.487756544
2025-08-13,"NTS Energy Offtaken, Powerstations Total",0.527031562
2025-08-12,"NTS Energy Offtaken, Industrial Offtake Total",0.038962877
2025-08-12,"NTS Energy Offtaken, LDZ Offtake Total",0.490932885
2025-08-12,"NTS Energy Offtaken, Powerstations Total",0.511819834
2025-08-11,"NTS Energy Offtaken, Industrial Offtake Total",0.03952099
2025-08-11,"NTS Energy Offtaken, LDZ Offtake Total",0.501406049
2025-08-11,"NTS Energy Offtaken, Powerstations Total",0.435463925
2025-08-10,"NTS Energy Offtaken, Industrial Offtake Total",0.027857349
2025-08-10,"NTS Energy Offtaken, LDZ Offtake Total",0.449757506
2025-08-10,"NTS Energy Offtaken, Powerstations Total",0.240480156
2025-08-09,"NTS Energy Offtaken, Industrial Offtake Total",0.028150355
2025-08-09,"NTS Energy Offtaken, LDZ Offtake Total",0.464724562
2025-08-09,"NTS Energy Offtaken, Powerstations Total",0.194891149
2025-08-08,"NTS Energy Offtaken, Industrial Offtake Total",0.030802048
2025-08-08,"NTS Energy Offtaken, LDZ Offtake Total",0.527235742
2025-08-08,"NTS Energy Offtaken, Powerstations Total",0.227926126
2025-08-07,"NTS Energy Offtaken, Industrial Offtake Total",0.027923727
2025-08-07,"NTS Energy Offtaken, LDZ Offtake Total",0.519734193
2025-08-07,"NTS Energy Offtaken, Powerstations Total",0.214969019
2025-08-06,"NTS Energy Offtaken, Industrial Offtake Total",0.025773851
2025-08-06,"NTS Energy Offtaken, LDZ Offtake Total",0.516751976
2025-08-06,"NTS Energy Offtaken, Powerstations Total",0.229254869
2025-08-05,"NTS Energy Offtaken, Industrial Offtake Total",0.036957054
2025-08-05,"NTS Energy Offtaken, LDZ Offtake Total",0.53238435
2025-08-05,"NTS Energy Offtaken, Powerstations Total",0.191029401
2025-08-04,"NTS Energy Offtaken, Industrial Offtake Total",0.027187195
2025-08-04,"NTS Energy Offtaken, LDZ Offtake Total",0.506504205
2025-08-04,"NTS Energy Offtaken, Powerstations Total",0.210529535
2025-08-03,"NTS Energy Offtaken, Industrial Offtake Total",0.025640847
2025-08-03,"NTS Energy Offtaken, LDZ Offtake Total",0.460460542
2025-08-03,"NTS Energy Offtaken, Powerstations Total",0.19359464
2025-08-02,"NTS Energy Offtaken, Industrial Offtake Total",0.027454186
2025-08-02,"NTS Energy Offtaken, LDZ Offtake Total",0.441535237
2025-08-02,"NTS Energy Offtaken, Powerstations Total",0.170035825
2025-08-01,"NTS Energy Offtaken, Industrial Offtake Total",0.029285932
2025-08-01,"NTS Energy Offtaken, LDZ Offtake Total",0.510803218
2025-08-01,"NTS Energy Offtaken, Powerstations Total",0.170000489
2025-07-31,"NTS Energy Offtaken, Industrial Offtake Total",0.028566562
2025-07-31,"NTS Energy Offtaken, LDZ Offtake Total",0.51196172
2025-07-31,"NTS Energy Offtaken, Powerstations Total",0.286952418
2025-07-30,"NTS Energy Offtaken, Industrial Offtake Total",0.026136523
2025-07-30,"NTS Energy Offtaken, LDZ Offtake Total",0.493793319
2025-07-30,"NTS Energy Offtaken, Powerstations Total",0.353794004
2025-07-29,"NTS Energy Offtaken, Industrial Offtake Total",0.035824812
2025-07-29,"NTS Energy Offtaken, LDZ Offtake Total",0.495941714
2025-07-29,"NTS Energy Offtaken, Powerstations Total",0.449742105
2025-07-28,"NTS Energy Offtaken, Industrial Offtake Total",0.028316619
2025-07-28,"NTS Energy Offtaken, LDZ Offtake Total",0.511009845
2025-07-28,"NTS Energy Offtaken, Powerstations Total",0.315904494
2025-07-27,"NTS Energy Offtaken, Industrial Offtake Total",0.025967256
2025-07-27,"NTS Energy Offtaken, LDZ Offtake Total",0.459257388
2025-07-27,"NTS Energy Offtaken, Powerstations Total",0.254192787
2025-07-26,"NTS Energy Offtaken, Industrial Offtake Total",0.029200855
2025-07-26,"NTS Energy Offtaken, LDZ Offtake Total",0.435104415
2025-07-26,"NTS Energy Offtaken, Powerstations Total",0.268302104
2025-07-25,"NTS Energy Offtaken, Industrial Offtake Total",0.029938135
2025-07-25,"NTS Energy Offtaken, LDZ Offtake Total",0.491168018
2025-07-25,"NTS Energy Offtaken, Powerstations Total",0.349883568
2025-07-24,"NTS Energy Offtaken, Industrial Offtake Total",0.028262524
2025-07-24,"NTS Energy Offtaken, LDZ Offtake Total",0.523035139
2025-07-24,"NTS Energy Offtaken, Powerstations Total",0.410677904
2025-07-23,"NTS Energy Offtaken, Industrial Offtake Total",0.028961712
2025-07-23,"NTS Energy Offtaken, LDZ Offtake Total",0.526777562
2025-07-23,"NTS Energy Offtaken, Powerstations Total",0.374336518
2025-07-22,"NTS Energy Offtaken, Industrial Offtake Total",0.027113461
2025-07-22,"NTS Energy Offtaken, LDZ Offtake Total",0.523123483
2025-07-22,"NTS Energy Offtaken, Powerstations Total",0.384950017
2025-07-21,"NTS Energy Offtaken, Industrial Offtake Total",0.027842065
2025-07-21,"NTS Energy Offtaken, LDZ Offtake Total",0.496254841
2025-07-21,"NTS Energy Offtaken, Powerstations Total",0.419903598
2025-07-20,"NTS Energy Offtaken, Industrial Offtake Total",0.025604737
2025-07-20,"NTS Energy Offtaken, LDZ Offtake Total",0.485911721
2025-07-20,"NTS Energy Offtaken, Powerstations Total",0.269838754
2025-07-19,"NTS Energy Offtaken, Industrial Offtake Total",0.029137086
2025-07-19,"NTS Energy Offtaken, LDZ Offtake Total",0.452081882
2025-07-19,"NTS Energy Offtaken, Powerstations Total",0.32295538
2025-07-18,"NTS Energy Offtaken, Industrial Offtake Total",0.030004696
2025-07-18,"NTS Energy Offtaken, LDZ Offtake Total",0.483653774
2025-07-18,"NTS Energy Offtaken, Powerstations Total",0.409027536
2025-07-17,"NTS Energy Offtaken, Industrial Offtake Total",0.028298302
2025-07-17,"NTS Energy Offtaken, LDZ Offtake Total",0.517122609
2025-07-17,"NTS Energy Offtaken, Powerstations Total",0.450977218
2025-07-16,"NTS Energy Offtaken, Industrial Offtake Total",0.03657102
2025-07-16,"NTS Energy Offtaken, LDZ Offtake Total",0.51578946
2025-07-16,"NTS Energy Offtaken, Powerstations Total",0.43460741
2025-07-15,"NTS Energy Offtaken, Industrial Offtake Total",0.026851837
2025-07-15,"NTS Energy Offtaken, LDZ Offtake Total",0.507312338
2025-07-15,"NTS Energy Offtaken, Powerstations Total",0.168036763
2025-07-14,"NTS Energy Offtaken, Industrial Offtake Total",0.027574413
2025-07-14,"NTS Energy Offtaken, LDZ Offtake Total",0.461384278
2025-07-14,"NTS Energy Offtaken, Powerstations Total",0.202160921
2025-07-13,"NTS Energy Offtaken, Industrial Offtake Total",0.031942401
2025-07-13,"NTS Energy Offtaken, LDZ Offtake Total",0.399181293
2025-07-13,"NTS Energy Offtaken, Powerstations Total",0.273007972
2025-07-12,"NTS Energy Offtaken, Industrial Offtake Total",0.02815535
2025-07-12,"NTS Energy Offtaken, LDZ Offtake Total",0.375863692
2025-07-12,"NTS Energy Offtaken, Powerstations Total",0.252035525
2025-07-11,"NTS Energy Offtaken, Industrial Offtake Total",0.027112812
2025-07-11,"NTS Energy Offtaken, LDZ Offtake Total",0.432388864
2025-07-11,"NTS Energy Offtaken, Powerstations Total",0.436986641
2025-07-10,"NTS Energy Offtaken, Industrial Offtake Total",0.027591077
2025-07-10,"NTS Energy Offtaken, LDZ Offtake Total",0.488336261
2025-07-10,"NTS Energy Offtaken, Powerstations Total",0.464206116
2025-07-09,"NTS Energy Offtaken, Industrial Offtake Total",0.027326246
2025-07-09,"NTS Energy Offtaken, LDZ Offtake Total",0.497806505
2025-07-09,"NTS Energy Offtaken, Powerstations Total",0.446237273
2025-07-08,"NTS Energy Offtaken, Industrial Offtake Total",0.027711568
2025-07-08,"NTS Energy Offtaken, LDZ Offtake Total",0.51563354
2025-07-08,"NTS Energy Offtaken, Powerstations Total",0.281968878
2025-07-07,"NTS Energy Offtaken, Industrial Offtake Total",0.027238744
2025-07-07,"NTS Energy Offtaken, LDZ Offtake Total",0.522620098
2025-07-07,"NTS Energy Offtaken, Powerstations Total",0.178732737
2025-07-06,"NTS Energy Offtaken, Industrial Offtake Total",0.026883255
2025-07-06,"NTS Energy Offtaken, LDZ Offtake Total",0.491800762
2025-07-06,"NTS Energy Offtaken, Powerstations Total",0.286019404
2025-07-05,"NTS Energy Offtaken, Industrial Offtake Total",0.023919258
2025-07-05,"NTS Energy Offtaken, LDZ Offtake Total",0.447944626
2025-07-05,"NTS Energy Offtaken, Powerstations Total",0.156644685
2025-07-04,"NTS Energy Offtaken, Industrial Offtake Total",0.025439361
2025-07-04,"NTS Energy Offtaken, LDZ Offtake Total",0.515200115
2025-07-04,"NTS Energy Offtaken, Powerstations Total",0.172199649
2025-07-03,"NTS Energy Offtaken, Industrial Offtake Total",0.033272829
2025-07-03,"NTS Energy Offtaken, LDZ Offtake Total",0.542833165
2025-07-03,"NTS Energy Offtaken, Powerstations Total",0.267763678
2025-07-02,"NTS Energy Offtaken, Industrial Offtake Total",0.03327838
2025-07-02,"NTS Energy Offtaken, LDZ Offtake Total",0.530123771
2025-07-02,"NTS Energy Offtaken, Powerstations Total",0.389408652
2025-07-01,"NTS Energy Offtaken, Industrial Offtake Total",0.037358795
2025-07-01,"NTS Energy Offtaken, LDZ Offtake Total",0.53287932
2025-07-01,"NTS Energy Offtaken, Powerstations Total",0.558947761
2025-06-30,"NTS Energy Offtaken, Industrial Offtake Total",0.035188379
2025-06-30,"NTS Energy Offtaken, LDZ Offtake Total",0.506706598
2025-06-30,"NTS Energy Offtaken, Powerstations Total",0.420854532
2025-06-29,"NTS Energy Offtaken, Industrial Offtake Total",0.025810807
2025-06-29,"NTS Energy Offtaken, LDZ Offtake Total",0.457759674
2025-06-29,"NTS Energy Offtaken, Powerstations Total",0.293538184
2025-06-28,"NTS Energy Offtaken, Industrial Offtake Total",0.0256124
2025-06-28,"NTS Energy Offtaken, LDZ Offtake Total",0.423364767
2025-06-28,"NTS Energy Offtaken, Powerstations Total",0.197482931
2025-06-27,"NTS Energy Offtaken, Industrial Offtake Total",0.02571207
2025-06-27,"NTS Energy Offtaken, LDZ Offtake Total",0.496023697
2025-06-27,"NTS Energy Offtaken, Powerstations Total",0.191945251
2025-06-26,"NTS Energy Offtaken, Industrial Offtake Total",0.024956848
2025-06-26,"NTS Energy Offtaken, LDZ Offtake Total",0.503888657
2025-06-26,"NTS Energy Offtaken, Powerstations Total",0.209581229
2025-06-25,"NTS Energy Offtaken, Industrial Offtake Total",0.037353616
2025-06-25,"NTS Energy Offtaken, LDZ Offtake Total",0.551576222
2025-06-25,"NTS Energy Offtaken, Powerstations Total",0.458831783
2025-06-24,"NTS Energy Offtaken, Industrial Offtake Total",0.023516635
2025-06-24,"NTS Energy Offtaken, LDZ Offtake Total",0.516888506
2025-06-24,"NTS Energy Offtaken, Powerstations Total",0.165766703
2025-06-23,"NTS Energy Offtaken, Industrial Offtake Total",0.024081999
2025-06-23,"NTS Energy Offtaken, LDZ Offtake Total",0.5146758
2025-06-23,"NTS Energy Offtaken, Powerstations Total",0.155113781
2025-06-22,"NTS Energy Offtaken, Industrial Offtake Total",0.02388438
2025-06-22,"NTS Energy Offtaken, LDZ Offtake Total",0.429544052
2025-06-22,"NTS Energy Offtaken, Powerstations Total",0.147208874
2025-06-21,"NTS Energy Offtaken, Industrial Offtake Total",0.025720238
2025-06-21,"NTS Energy Offtaken, LDZ Offtake Total",0.421770838
2025-06-21,"NTS Energy Offtaken, Powerstations Total",0.193716368
2025-06-20,"NTS Energy Offtaken, Industrial Offtake Total",0.025954879
2025-06-20,"NTS Energy Offtaken, LDZ Offtake Total",0.473684704
2025-06-20,"NTS Energy Offtaken, Powerstations Total",0.294984204
2025-06-19,"NTS Energy Offtaken, Industrial Offtake Total",0.027065163
2025-06-19,"NTS Energy Offtaken, LDZ Offtake Total",0.509911694
2025-06-19,"NTS Energy Offtaken, Powerstations Total",0.331453075
2025-06-18,"NTS Energy Offtaken, Industrial Offtake Total",0.033109998
2025-06-18,"NTS Energy Offtaken, LDZ Offtake Total",0.56065981
2025-06-18,"NTS Energy Offtaken, Powerstations Total",0.37846191
2025-06-17,"NTS Energy Offtaken, Industrial Offtake Total",0.025797942
2025-06-17,"NTS Energy Offtaken, LDZ Offtake Total",0.541815909
2025-06-17,"NTS Energy Offtaken, Powerstations Total",0.285437159
2025-06-16,"NTS Energy Offtaken, Industrial Offtake Total",0.030746413
2025-06-16,"NTS Energy Offtaken, LDZ Offtake Total",0.548987352
2025-06-16,"NTS Energy Offtaken, Powerstations Total",0.231162152
2025-06-15,"NTS Energy Offtaken, Industrial Offtake Total",0.022458549
2025-06-15,"NTS Energy Offtaken, LDZ Offtake Total",0.493305888
2025-06-15,"NTS Energy Offtaken, Powerstations Total",0.198582796
2025-06-14,"NTS Energy Offtaken, Industrial Offtake Total",0.023651401
2025-06-14,"NTS Energy Offtaken, LDZ Offtake Total",0.480550561
2025-06-14,"NTS Energy Offtaken, Powerstations Total",0.161851684
2025-06-13,"NTS Energy Offtaken, Industrial Offtake Total",0.02379276
2025-06-13,"NTS Energy Offtaken, LDZ Offtake Total",0.514600866
2025-06-13,"NTS Energy Offtaken, Powerstations Total",0.297309609
2025-06-12,"NTS Energy Offtaken, Industrial Offtake Total",0.025661819
2025-06-12,"NTS Energy Offtaken, LDZ Offtake Total",0.567141577
2025-06-12,"NTS Energy Offtaken, Powerstations Total",0.262401938
2025-06-11,"NTS Energy Offtaken, Industrial Offtake Total",0.025550237
2025-06-11,"NTS Energy Offtaken, LDZ Offtake Total",0.591439803
2025-06-11,"NTS Energy Offtaken, Powerstations Total",0.294096643
2025-06-10,"NTS Energy Offtaken, Industrial Offtake Total",0.024863488
2025-06-10,"NTS Energy Offtaken, LDZ Offtake Total",0.642974278
2025-06-10,"NTS Energy Offtaken, Powerstations Total",0.298395435
2025-06-09,"NTS Energy Offtaken, Industrial Offtake Total",0.023954927
2025-06-09,"NTS Energy Offtaken, LDZ Offtake Total",0.701719763
2025-06-09,"NTS Energy Offtaken, Powerstations Total",0.267766183
2025-06-08,"NTS Energy Offtaken, Industrial Offtake Total",0.021398043
2025-06-08,"NTS Energy Offtaken, LDZ Offtake Total",0.675172669
2025-06-08,"NTS Energy Offtaken, Powerstations Total",0.174710946
2025-06-07,"NTS Energy Offtaken, Industrial Offtake Total",0.026083433
2025-06-07,"NTS Energy Offtaken, LDZ Offtake Total",0.683515848
2025-06-07,"NTS Energy Offtaken, Powerstations Total",0.255711681
2025-06-06,"NTS Energy Offtaken, Industrial Offtake Total",0.022931389
2025-06-06,"NTS Energy Offtaken, LDZ Offtake Total",0.685681541
2025-06-06,"NTS Energy Offtaken, Powerstations Total",0.246842779
2025-06-05,"NTS Energy Offtaken, Industrial Offtake Total",0.030485164
2025-06-05,"NTS Energy Offtaken, LDZ Offtake Total",0.714201333
2025-06-05,"NTS Energy Offtaken, Powerstations Total",0.231632103
2025-06-04,"NTS Energy Offtaken, Industrial Offtake Total",0.023639738
2025-06-04,"NTS Energy Offtaken, LDZ Offtake Total",0.680900938
2025-06-04,"NTS Energy Offtaken, Powerstations Total",0.25309801
2025-06-03,"NTS Energy Offtaken, Industrial Offtake Total",0.021602328
2025-06-03,"NTS Energy Offtaken, LDZ Offtake Total",0.66567036
2025-06-03,"NTS Energy Offtaken, Powerstations Total",0.19105546
2025-06-02,"NTS Energy Offtaken, Industrial Offtake Total",0.029843126
2025-06-02,"NTS Energy Offtaken, LDZ Offtake Total",0.602980195
2025-06-02,"NTS Energy Offtaken, Powerstations Total",0.225710135
2025-06-01,"NTS Energy Offtaken, Industrial Offtake Total",0.028430373
2025-06-01,"NTS Energy Offtaken, LDZ Offtake Total",0.551454155
2025-06-01,"NTS Energy Offtaken, Powerstations Total",0.145911267
2025-05-31,"NTS Energy Offtaken, Industrial Offtake Total",0.028619842
2025-05-31,"NTS Energy Offtaken, LDZ Offtake Total",0.527694508
2025-05-31,"NTS Energy Offtaken, Powerstations Total",0.162206668
2025-05-30,"NTS Energy Offtaken, Industrial Offtake Total",0.030423344
2025-05-30,"NTS Energy Offtaken, LDZ Offtake Total",0.572982133
2025-05-30,"NTS Energy Offtaken, Powerstations Total",0.251967571
2025-05-29,"NTS Energy Offtaken, Industrial Offtake Total",0.027109971
2025-05-29,"NTS Energy Offtaken, LDZ Offtake Total",0.606875613
2025-05-29,"NTS Energy Offtaken, Powerstations Total",0.09558682
2025-05-28,"NTS Energy Offtaken, Industrial Offtake Total",0.031358183
2025-05-28,"NTS Energy Offtaken, LDZ Offtake Total",0.669782066
2025-05-28,"NTS Energy Offtaken, Powerstations Total",0.248032396
2025-05-27,"NTS Energy Offtaken, Industrial Offtake Total",0.03318152
2025-05-27,"NTS Energy Offtaken, LDZ Offtake Total",0.771562155
2025-05-27,"NTS Energy Offtaken, Powerstations Total",0.248150705
2025-05-26,"NTS Energy Offtaken, Industrial Offtake Total",0.028331982
2025-05-26,"NTS Energy Offtaken, LDZ Offtake Total",0.673181405
2025-05-26,"NTS Energy Offtaken, Powerstations Total",0.137143775
2025-05-25,"NTS Energy Offtaken, Industrial Offtake Total",0.029048075
2025-05-25,"NTS Energy Offtaken, LDZ Offtake Total",0.58157668
2025-05-25,"NTS Energy Offtaken, Powerstations Total",0.148578538
2025-05-24,"NTS Energy Offtaken, Industrial Offtake Total",0.026426517
2025-05-24,"NTS Energy Offtaken, LDZ Offtake Total",0.567477743
2025-05-24,"NTS Energy Offtaken, Powerstations Total",0.126835443
2025-05-23,"NTS Energy Offtaken, Industrial Offtake Total",0.03177398
2025-05-23,"NTS Energy Offtaken, LDZ Offtake Total",0.674570876
2025-05-23,"NTS Energy Offtaken, Powerstations Total",0.273102689
2025-05-22,"NTS Energy Offtaken, Industrial Offtake Total",0.032777865
2025-05-22,"NTS Energy Offtaken, LDZ Offtake Total",0.73372853
2025-05-22,"NTS Energy Offtaken, Powerstations Total",0.295897494
2025-05-21,"NTS Energy Offtaken, Industrial Offtake Total",0.031863901
2025-05-21,"NTS Energy Offtaken, LDZ Offtake Total",0.661659051
2025-05-21,"NTS Energy Offtaken, Powerstations Total",0.27803557
2025-05-20,"NTS Energy Offtaken, Industrial Offtake Total",0.029325584
2025-05-20,"NTS Energy Offtaken, LDZ Offtake Total",0.653418205
2025-05-20,"NTS Energy Offtaken, Powerstations Total",0.421125269
2025-05-19,"NTS Energy Offtaken, Industrial Offtake Total",0.032449552
2025-05-19,"NTS Energy Offtaken, LDZ Offtake Total",0.689359015
2025-05-19,"NTS Energy Offtaken, Powerstations Total",0.415072368
2025-05-18,"NTS Energy Offtaken, Industrial Offtake Total",0.026749931
2025-05-18,"NTS Energy Offtaken, LDZ Offtake Total",0.632101877
2025-05-18,"NTS Energy Offtaken, Powerstations Total",0.279213913
2025-05-17,"NTS Energy Offtaken, Industrial Offtake Total",0.026110049
2025-05-17,"NTS Energy Offtaken, LDZ Offtake Total",0.618649617
2025-05-17,"NTS Energy Offtaken, Powerstations Total",0.21564223
2025-05-16,"NTS Energy Offtaken, Industrial Offtake Total",0.02663196
2025-05-16,"NTS Energy Offtaken, LDZ Offtake Total",0.673636605
2025-05-16,"NTS Energy Offtaken, Powerstations Total",0.207177082
2025-05-15,"NTS Energy Offtaken, Industrial Offtake Total",0.030616187
2025-05-15,"NTS Energy Offtaken, LDZ Offtake Total",0.777987227
2025-05-15,"NTS Energy Offtaken, Powerstations Total",0.298527808
2025-05-14,"NTS Energy Offtaken, Industrial Offtake Total",0.026736268
2025-05-14,"NTS Energy Offtaken, LDZ Offtake Total",0.643174588
2025-05-14,"NTS Energy Offtaken, Powerstations Total",0.185328566
2025-05-13,"NTS Energy Offtaken, Industrial Offtake Total",0.028083127
2025-05-13,"NTS Energy Offtaken, LDZ Offtake Total",0.617846199
2025-05-13,"NTS Energy Offtaken, Powerstations Total",0.314078396
2025-05-12,"NTS Energy Offtaken, Industrial Offtake Total",0.027566794
2025-05-12,"NTS Energy Offtaken, LDZ Offtake Total",0.607446484
2025-05-12,"NTS Energy Offtaken, Powerstations Total",0.301502992
2025-05-11,"NTS Energy Offtaken, Industrial Offtake Total",0.023826295
2025-05-11,"NTS Energy Offtaken, LDZ Offtake Total",0.564329451
2025-05-11,"NTS Energy Offtaken, Powerstations Total",0.173912781
2025-05-10,"NTS Energy Offtaken, Industrial Offtake Total",0.027271889
2025-05-10,"NTS Energy Offtaken, LDZ Offtake Total",0.599461635
2025-05-10,"NTS Energy Offtaken, Powerstations Total",0.184090043
2025-05-09,"NTS Energy Offtaken, Industrial Offtake Total",0.029377476
2025-05-09,"NTS Energy Offtaken, LDZ Offtake Total",0.777485032
2025-05-09,"NTS Energy Offtaken, Powerstations Total",0.34463721
2025-05-08,"NTS Energy Offtaken, Industrial Offtake Total",0.03039675
2025-05-08,"NTS Energy Offtaken, LDZ Offtake Total",0.925708941
2025-05-08,"NTS Energy Offtaken, Powerstations Total",0.537021599
2025-05-07,"NTS Energy Offtaken, Industrial Offtake Total",0.029275162
2025-05-07,"NTS Energy Offtaken, LDZ Offtake Total",0.909297498
2025-05-07,"NTS Energy Offtaken, Powerstations Total",0.506877223
2025-05-06,"NTS Energy Offtaken, Industrial Offtake Total",0.029504397
2025-05-06,"NTS Energy Offtaken, LDZ Offtake Total",0.971305776
2025-05-06,"NTS Energy Offtaken, Powerstations Total",0.46369731
2025-05-05,"NTS Energy Offtaken, Industrial Offtake Total",0.028900405
2025-05-05,"NTS Energy Offtaken, LDZ Offtake Total",0.985508943
2025-05-05,"NTS Energy Offtaken, Powerstations Total",0.281467749
2025-05-04,"NTS Energy Offtaken, Industrial Offtake Total",0.026202358
2025-05-04,"NTS Energy Offtaken, LDZ Offtake Total",0.774176204
2025-05-04,"NTS Energy Offtaken, Powerstations Total",0.161599786
2025-05-03,"NTS Energy Offtaken, Industrial Offtake Total",0.026190276
2025-05-03,"NTS Energy Offtaken, LDZ Offtake Total",0.611234318
2025-05-03,"NTS Energy Offtaken, Powerstations Total",0.152813552
2025-05-02,"NTS Energy Offtaken, Industrial Offtake Total",0.028690552
2025-05-02,"NTS Energy Offtaken, LDZ Offtake Total",0.60321293
2025-05-02,"NTS Energy Offtaken, Powerstations Total",0.333275412
2025-05-01,"NTS Energy Offtaken, Industrial Offtake Total",0.026839274
2025-05-01,"NTS Energy Offtaken, LDZ Offtake Total",0.592484622
2025-05-01,"NTS Energy Offtaken, Powerstations Total",0.437023447
2025-04-30,"NTS Energy Offtaken, Industrial Offtake Total",0.028475702
2025-04-30,"NTS Energy Offtaken, LDZ Offtake Total",0.631272173
2025-04-30,"NTS Energy Offtaken, Powerstations Total",0.496408944
2025-04-29,"NTS Energy Offtaken, Industrial Offtake Total",0.029109104
2025-04-29,"NTS Energy Offtaken, LDZ Offtake Total",0.674116631
2025-04-29,"NTS Energy Offtaken, Powerstations Total",0.52510985
2025-04-28,"NTS Energy Offtaken, Industrial Offtake Total",0.032728519
2025-04-28,"NTS Energy Offtaken, LDZ Offtake Total",0.720080989
2025-04-28,"NTS Energy Offtaken, Powerstations Total",0.480004533
2025-04-27,"NTS Energy Offtaken, Industrial Offtake Total",0.033094562
2025-04-27,"NTS Energy Offtaken, LDZ Offtake Total",0.762201492
2025-04-27,"NTS Energy Offtaken, Powerstations Total",0.212781012
2025-04-26,"NTS Energy Offtaken, Industrial Offtake Total",0.034938663
2025-04-26,"NTS Energy Offtaken, LDZ Offtake Total",0.894730383
2025-04-26,"NTS Energy Offtaken, Powerstations Total",0.271853136
2025-04-25,"NTS Energy Offtaken, Industrial Offtake Total",0.037845341
2025-04-25,"NTS Energy Offtaken, LDZ Offtake Total",1.015040639
2025-04-25,"NTS Energy Offtaken, Powerstations Total",0.462932068
2025-04-24,"NTS Energy Offtaken, Industrial Offtake Total",0.036338562
2025-04-24,"NTS Energy Offtaken, LDZ Offtake Total",1.02553198
2025-04-24,"NTS Energy Offtaken, Powerstations Total",0.537535265
2025-04-23,"NTS Energy Offtaken, Industrial Offtake Total",0.036354133
2025-04-23,"NTS Energy Offtaken, LDZ Offtake Total",1.098266767
2025-04-23,"NTS Energy Offtaken, Powerstations Total",0.638063286
2025-04-22,"NTS Energy Offtaken, Industrial Offtake Total",0.034714979
2025-04-22,"NTS Energy Offtaken, LDZ Offtake Total",0.997206803
2025-04-22,"NTS Energy Offtaken, Powerstations Total",0.527237367
2025-04-21,"NTS Energy Offtaken, Industrial Offtake Total",0.035902248
2025-04-21,"NTS Energy Offtaken, LDZ Offtake Total",1.088827491
2025-04-21,"NTS Energy Offtaken, Powerstations Total",0.502125393
2025-04-20,"NTS Energy Offtaken, Industrial Offtake Total",0.036185298
2025-04-20,"NTS Energy Offtaken, LDZ Offtake Total",0.997258288
2025-04-20,"NTS Energy Offtaken, Powerstations Total",0.314920377
2025-04-19,"NTS Energy Offtaken, Industrial Offtake Total",0.033722904
2025-04-19,"NTS Energy Offtaken, LDZ Offtake Total",1.02472105
2025-04-19,"NTS Energy Offtaken, Powerstations Total",0.196180876
2025-04-18,"NTS Energy Offtaken, Industrial Offtake Total",0.030504429
2025-04-18,"NTS Energy Offtaken, LDZ Offtake Total",1.116298506
2025-04-18,"NTS Energy Offtaken, Powerstations Total",0.159947598
2025-04-17,"NTS Energy Offtaken, Industrial Offtake Total",0.028535568
2025-04-17,"NTS Energy Offtaken, LDZ Offtake Total",1.145112378
2025-04-17,"NTS Energy Offtaken, Powerstations Total",0.431319768
2025-04-16,"NTS Energy Offtaken, Industrial Offtake Total",0.027226659
2025-04-16,"NTS Energy Offtaken, LDZ Offtake Total",1.249599486
2025-04-16,"NTS Energy Offtaken, Powerstations Total",0.231130625
2025-04-15,"NTS Energy Offtaken, Industrial Offtake Total",0.02615415
2025-04-15,"NTS Energy Offtaken, LDZ Offtake Total",1.131673661
2025-04-15,"NTS Energy Offtaken, Powerstations Total",0.439502073
2025-04-14,"NTS Energy Offtaken, Industrial Offtake Total",0.023321731
2025-04-14,"NTS Energy Offtaken, LDZ Offtake Total",1.078353634
2025-04-14,"NTS Energy Offtaken, Powerstations Total",0.291422262
2025-04-13,"NTS Energy Offtaken, Industrial Offtake Total",0.022582676
2025-04-13,"NTS Energy Offtaken, LDZ Offtake Total",0.863347298
2025-04-13,"NTS Energy Offtaken, Powerstations Total",0.176490783
2025-04-12,"NTS Energy Offtaken, Industrial Offtake Total",0.023436637
2025-04-12,"NTS Energy Offtaken, LDZ Offtake Total",0.746712548
2025-04-12,"NTS Energy Offtaken, Powerstations Total",0.18510661
2025-04-11,"NTS Energy Offtaken, Industrial Offtake Total",0.024904604
2025-04-11,"NTS Energy Offtaken, LDZ Offtake Total",0.908942852
2025-04-11,"NTS Energy Offtaken, Powerstations Total",0.386364499
2025-04-10,"NTS Energy Offtaken, Industrial Offtake Total",0.026928642
2025-04-10,"NTS Energy Offtaken, LDZ Offtake Total",1.07953939
2025-04-10,"NTS Energy Offtaken, Powerstations Total",0.41695369
2025-04-09,"NTS Energy Offtaken, Industrial Offtake Total",0.028270486
2025-04-09,"NTS Energy Offtaken, LDZ Offtake Total",1.211272732
2025-04-09,"NTS Energy Offtaken, Powerstations Total",0.501037416
2025-04-08,"NTS Energy Offtaken, Industrial Offtake Total",0.027469407
2025-04-08,"NTS Energy Offtaken, LDZ Offtake Total",1.148328789
2025-04-08,"NTS Energy Offtaken, Powerstations Total",0.636419516
2025-04-07,"NTS Energy Offtaken, Industrial Offtake Total",0.026523709
2025-04-07,"NTS Energy Offtaken, LDZ Offtake Total",1.152779271
2025-04-07,"NTS Energy Offtaken, Powerstations Total",0.603785439
2025-04-06,"NTS Energy Offtaken, Industrial Offtake Total",0.02318822
2025-04-06,"NTS Energy Offtaken, LDZ Offtake Total",1.062866235
2025-04-06,"NTS Energy Offtaken, Powerstations Total",0.283512876
2025-04-05,"NTS Energy Offtaken, Industrial Offtake Total",0.02151412
2025-04-05,"NTS Energy Offtaken, LDZ Offtake Total",1.031671006
2025-04-05,"NTS Energy Offtaken, Powerstations Total",0.153615713
2025-04-04,"NTS Energy Offtaken, Industrial Offtake Total",0.023391982
2025-04-04,"NTS Energy Offtaken, LDZ Offtake Total",0.987380473
2025-04-04,"NTS Energy Offtaken, Powerstations Total",0.20886599
2025-04-03,"NTS Energy Offtaken, Industrial Offtake Total",0.026009166
2025-04-03,"NTS Energy Offtaken, LDZ Offtake Total",1.095762073
2025-04-03,"NTS Energy Offtaken, Powerstations Total",0.219626814
2025-04-02,"NTS Energy Offtaken, Industrial Offtake Total",0.024271774
2025-04-02,"NTS Energy Offtaken, LDZ Offtake Total",1.159126155
2025-04-02,"NTS Energy Offtaken, Powerstations Total",0.164850784
2025-04-01,"NTS Energy Offtaken, Industrial Offtake Total",0.02468408
2025-04-01,"NTS Energy Offtaken, LDZ Offtake Total",1.146700815
2025-04-01,"NTS Energy Offtaken, Powerstations Total",0.230867202
2025-03-31,"NTS Energy Offtaken, Industrial Offtake Total",0.027578326
2025-03-31,"NTS Energy Offtaken, LDZ Offtake Total",1.160571187
2025-03-31,"NTS Energy Offtaken, Powerstations Total",0.56353033
2025-03-30,"NTS Energy Offtaken, Industrial Offtake Total",0.025582399
2025-03-30,"NTS Energy Offtaken, LDZ Offtake Total",1.105821697
2025-03-30,"NTS Energy Offtaken, Powerstations Total",0.261447065
2025-03-29,"NTS Energy Offtaken, Industrial Offtake Total",0.02235796
2025-03-29,"NTS Energy Offtaken, LDZ Offtake Total",1.32728687
2025-03-29,"NTS Energy Offtaken, Powerstations Total",0.200607748
2025-03-28,"NTS Energy Offtaken, Industrial Offtake Total",0.027580728
2025-03-28,"NTS Energy Offtaken, LDZ Offtake Total",1.301820513
2025-03-28,"NTS Energy Offtaken, Powerstations Total",0.276580114
2025-03-27,"NTS Energy Offtaken, Industrial Offtake Total",0.027956048
2025-03-27,"NTS Energy Offtaken, LDZ Offtake Total",1.219368786
2025-03-27,"NTS Energy Offtaken, Powerstations Total",0.289245697
2025-03-26,"NTS Energy Offtaken, Industrial Offtake Total",0.029047756
2025-03-26,"NTS Energy Offtaken, LDZ Offtake Total",1.23182358
2025-03-26,"NTS Energy Offtaken, Powerstations Total",0.555362681
2025-03-25,"NTS Energy Offtaken, Industrial Offtake Total",0.029583836
2025-03-25,"NTS Energy Offtaken, LDZ Offtake Total",1.415119275
2025-03-25,"NTS Energy Offtaken, Powerstations Total",0.602756374
2025-03-24,"NTS Energy Offtaken, Industrial Offtake Total",0.031723438
2025-03-24,"NTS Energy Offtaken, LDZ Offtake Total",1.430660138
2025-03-24,"NTS Energy Offtaken, Powerstations Total",0.644994179
2025-03-23,"NTS Energy Offtaken, Industrial Offtake Total",0.03167492
2025-03-23,"NTS Energy Offtaken, LDZ Offtake Total",1.346481959
2025-03-23,"NTS Energy Offtaken, Powerstations Total",0.507805591
2025-03-22,"NTS Energy Offtaken, Industrial Offtake Total",0.029556218
2025-03-22,"NTS Energy Offtaken, LDZ Offtake Total",1.133330206
2025-03-22,"NTS Energy Offtaken, Powerstations Total",0.307175838
2025-03-21,"NTS Energy Offtaken, Industrial Offtake Total",0.025955396
2025-03-21,"NTS Energy Offtaken, LDZ Offtake Total",1.263987486
2025-03-21,"NTS Energy Offtaken, Powerstations Total",0.188993608
2025-03-20,"NTS Energy Offtaken, Industrial Offtake Total",0.027066933
2025-03-20,"NTS Energy Offtaken, LDZ Offtake Total",1.280472976
2025-03-20,"NTS Energy Offtaken, Powerstations Total",0.482950662
2025-03-19,"NTS Energy Offtaken, Industrial Offtake Total",0.041279497
2025-03-19,"NTS Energy Offtaken, LDZ Offtake Total",1.673345279
2025-03-19,"NTS Energy Offtaken, Powerstations Total",0.7494462
2025-03-18,"NTS Energy Offtaken, Industrial Offtake Total",0.027997038
2025-03-18,"NTS Energy Offtaken, LDZ Offtake Total",1.849178913
2025-03-18,"NTS Energy Offtaken, Powerstations Total",0.495505365
2025-03-17,"NTS Energy Offtaken, Industrial Offtake Total",0.02895184
2025-03-17,"NTS Energy Offtaken, LDZ Offtake Total",2.041894491
2025-03-17,"NTS Energy Offtaken, Powerstations Total",0.600162743
2025-03-16,"NTS Energy Offtaken, Industrial Offtake Total",0.027632962
2025-03-16,"NTS Energy Offtaken, LDZ Offtake Total",1.877237162
2025-03-16,"NTS Energy Offtaken, Powerstations Total",0.460864769
2025-03-15,"NTS Energy Offtaken, Industrial Offtake Total",0.028107794
2025-03-15,"NTS Energy Offtaken, LDZ Offtake Total",1.87702002
2025-03-15,"NTS Energy Offtaken, Powerstations Total",0.492923267
2025-03-14,"NTS Energy Offtaken, Industrial Offtake Total",0.04003308
2025-03-14,"NTS Energy Offtaken, LDZ Offtake Total",2.022827828
2025-03-14,"NTS Energy Offtaken, Powerstations Total",0.786267173
2025-03-13,"NTS Energy Offtaken, Industrial Offtake Total",0.055014713
2025-03-13,"NTS Energy Offtaken, LDZ Offtake Total",2.136239271
2025-03-13,"NTS Energy Offtaken, Powerstations Total",0.801292851
2025-03-12,"NTS Energy Offtaken, Industrial Offtake Total",0.043206673
2025-03-12,"NTS Energy Offtaken, LDZ Offtake Total",2.019476101
2025-03-12,"NTS Energy Offtaken, Powerstations Total",0.697436915
2025-03-11,"NTS Energy Offtaken, Industrial Offtake Total",0.029558069
2025-03-11,"NTS Energy Offtaken, LDZ Offtake Total",1.83452545
2025-03-11,"NTS Energy Offtaken, Powerstations Total",0.658171072
2025-03-10,"NTS Energy Offtaken, Industrial Offtake Total",0.029192761
2025-03-10,"NTS Energy Offtaken, LDZ Offtake Total",1.55215621
2025-03-10,"NTS Energy Offtaken, Powerstations Total",0.5331794
2025-03-09,"NTS Energy Offtaken, Industrial Offtake Total",0.029739947
2025-03-09,"NTS Energy Offtaken, LDZ Offtake Total",1.203535299
2025-03-09,"NTS Energy Offtaken, Powerstations Total",0.484849755
2025-03-08,"NTS Energy Offtaken, Industrial Offtake Total",0.029003912
2025-03-08,"NTS Energy Offtaken, LDZ Offtake Total",1.140268465
2025-03-08,"NTS Energy Offtaken, Powerstations Total",0.27632461
2025-03-07,"NTS Energy Offtaken, Industrial Offtake Total",0.031663144
2025-03-07,"NTS Energy Offtaken, LDZ Offtake Total",1.354064711
2025-03-07,"NTS Energy Offtaken, Powerstations Total",0.561495811
2025-03-06,"NTS Energy Offtaken, Industrial Offtake Total",0.029993017
2025-03-06,"NTS Energy Offtaken, LDZ Offtake Total",1.514117422
2025-03-06,"NTS Energy Offtaken, Powerstations Total",0.301076352
2025-03-05,"NTS Energy Offtaken, Industrial Offtake Total",0.029402652
2025-03-05,"NTS Energy Offtaken, LDZ Offtake Total",1.72011142
2025-03-05,"NTS Energy Offtaken, Powerstations Total",0.341597774
2025-03-04,"NTS Energy Offtaken, Industrial Offtake Total",0.029836093
2025-03-04,"NTS Energy Offtaken, LDZ Offtake Total",1.803440774
2025-03-04,"NTS Energy Offtaken, Powerstations Total",0.421303149
2025-03-03,"NTS Energy Offtaken, Industrial Offtake Total",0.033055964
2025-03-03,"NTS Energy Offtaken, LDZ Offtake Total",1.888787264
2025-03-03,"NTS Energy Offtaken, Powerstations Total",0.585529902
2025-03-02,"NTS Energy Offtaken, Industrial Offtake Total",0.033543746
2025-03-02,"NTS Energy Offtaken, LDZ Offtake Total",1.875972818
2025-03-02,"NTS Energy Offtaken, Powerstations Total",0.318129817
2025-03-01,"NTS Energy Offtaken, Industrial Offtake Total",0.035112358
2025-03-01,"NTS Energy Offtaken, LDZ Offtake Total",1.899080347
2025-03-01,"NTS Energy Offtaken, Powerstations Total",0.462515191
2025-02-28,"NTS Energy Offtaken, Industrial Offtake Total",0.038126984
2025-02-28,"NTS Energy Offtaken, LDZ Offtake Total",2.00672043
2025-02-28,"NTS Energy Offtaken, Powerstations Total",0.726467187
2025-02-27,"NTS Energy Offtaken, Industrial Offtake Total",0.05199035
2025-02-27,"NTS Energy Offtaken, LDZ Offtake Total",1.972567052
2025-02-27,"NTS Energy Offtaken, Powerstations Total",0.745176516
2025-02-26,"NTS Energy Offtaken, Industrial Offtake Total",0.047817053
2025-02-26,"NTS Energy Offtaken, LDZ Offtake Total",2.018061133
2025-02-26,"NTS Energy Offtaken, Powerstations Total",0.675762234
2025-02-25,"NTS Energy Offtaken, Industrial Offtake Total",0.043411054
2025-02-25,"NTS Energy Offtaken, LDZ Offtake Total",1.795374076
2025-02-25,"NTS Energy Offtaken, Powerstations Total",0.561884993
2025-02-24,"NTS Energy Offtaken, Industrial Offtake Total",0.031152001
2025-02-24,"NTS Energy Offtaken, LDZ Offtake Total",1.580454026
2025-02-24,"NTS Energy Offtaken, Powerstations Total",0.272753148
2025-02-23,"NTS Energy Offtaken, Industrial Offtake Total",0.032810465
2025-02-23,"NTS Energy Offtaken, LDZ Offtake Total",1.700395798
2025-02-23,"NTS Energy Offtaken, Powerstations Total",0.213132785
2025-02-22,"NTS Energy Offtaken, Industrial Offtake Total",0.030926532
2025-02-22,"NTS Energy Offtaken, LDZ Offtake Total",1.422392778
2025-02-22,"NTS Energy Offtaken, Powerstations Total",0.229040765
2025-02-21,"NTS Energy Offtaken, Industrial Offtake Total",0.026374432
2025-02-21,"NTS Energy Offtaken, LDZ Offtake Total",1.517002298
2025-02-21,"NTS Energy Offtaken, Powerstations Total",0.189073098
2025-02-20,"NTS Energy Offtaken, Industrial Offtake Total",0.032513908
2025-02-20,"NTS Energy Offtaken, LDZ Offtake Total",1.755437238
2025-02-20,"NTS Energy Offtaken, Powerstations Total",0.2249628
2025-02-19,"NTS Energy Offtaken, Industrial Offtake Total",0.038704472
2025-02-19,"NTS Energy Offtaken, LDZ Offtake Total",2.309941386
2025-02-19,"NTS Energy Offtaken, Powerstations Total",0.474104063
2025-02-18,"NTS Energy Offtaken, Industrial Offtake Total",0.033571586
2025-02-18,"NTS Energy Offtaken, LDZ Offtake Total",2.412374917
2025-02-18,"NTS Energy Offtaken, Powerstations Total",0.497004839
2025-02-17,"NTS Energy Offtaken, Industrial Offtake Total",0.043888828
2025-02-17,"NTS Energy Offtaken, LDZ Offtake Total",2.518095871
2025-02-17,"NTS Energy Offtaken, Powerstations Total",0.769467512
2025-02-16,"NTS Energy Offtaken, Industrial Offtake Total",0.033951488
2025-02-16,"NTS Energy Offtaken, LDZ Offtake Total",2.305730536
2025-02-16,"NTS Energy Offtaken, Powerstations Total",0.466173942
2025-02-15,"NTS Energy Offtaken, Industrial Offtake Total",0.043841095
2025-02-15,"NTS Energy Offtaken, LDZ Offtake Total",2.274674914
2025-02-15,"NTS Energy Offtaken, Powerstations Total",0.703744921
2025-02-14,"NTS Energy Offtaken, Industrial Offtake Total",0.066453207
2025-02-14,"NTS Energy Offtaken, LDZ Offtake Total",2.433234371
2025-02-14,"NTS Energy Offtaken, Powerstations Total",0.870363025
2025-02-13,"NTS Energy Offtaken, Industrial Offtake Total",0.057560212
2025-02-13,"NTS Energy Offtaken, LDZ Offtake Total",2.444735956
2025-02-13,"NTS Energy Offtaken, Powerstations Total",0.905493081
2025-02-12,"NTS Energy Offtaken, Industrial Offtake Total",0.053540025
2025-02-12,"NTS Energy Offtaken, LDZ Offtake Total",2.368574189
2025-02-12,"NTS Energy Offtaken, Powerstations Total",0.844968371
2025-02-11,"NTS Energy Offtaken, Industrial Offtake Total",0.040769626
2025-02-11,"NTS Energy Offtaken, LDZ Offtake Total",2.441302005
2025-02-11,"NTS Energy Offtaken, Powerstations Total",0.671542549
2025-02-10,"NTS Energy Offtaken, Industrial Offtake Total",0.041192956
2025-02-10,"NTS Energy Offtaken, LDZ Offtake Total",2.43965424
2025-02-10,"NTS Energy Offtaken, Powerstations Total",0.523016581
2025-02-09,"NTS Energy Offtaken, Industrial Offtake Total",0.04201442
2025-02-09,"NTS Energy Offtaken, LDZ Offtake Total",2.220474846
2025-02-09,"NTS Energy Offtaken, Powerstations Total",0.374437331
2025-02-08,"NTS Energy Offtaken, Industrial Offtake Total",0.052072682
2025-02-08,"NTS Energy Offtaken, LDZ Offtake Total",2.275746251
2025-02-08,"NTS Energy Offtaken, Powerstations Total",0.659059306
2025-02-07,"NTS Energy Offtaken, Industrial Offtake Total",0.042216974
2025-02-07,"NTS Energy Offtaken, LDZ Offtake Total",2.456683296
2025-02-07,"NTS Energy Offtaken, Powerstations Total",0.347857672
2025-02-06,"NTS Energy Offtaken, Industrial Offtake Total",0.05074407
2025-02-06,"NTS Energy Offtaken, LDZ Offtake Total",2.281218619
2025-02-06,"NTS Energy Offtaken, Powerstations Total",0.718555784
2025-02-05,"NTS Energy Offtaken, Industrial Offtake Total",0.062404474
2025-02-05,"NTS Energy Offtaken, LDZ Offtake Total",2.191853763
2025-02-05,"NTS Energy Offtaken, Powerstations Total",0.819485049
2025-02-04,"NTS Energy Offtaken, Industrial Offtake Total",0.040819573
2025-02-04,"NTS Energy Offtaken, LDZ Offtake Total",2.002301652
2025-02-04,"NTS Energy Offtaken, Powerstations Total",0.455426891
2025-02-03,"NTS Energy Offtaken, Industrial Offtake Total",0.042773253
2025-02-03,"NTS Energy Offtaken, LDZ Offtake Total",2.093298748
2025-02-03,"NTS Energy Offtaken, Powerstations Total",0.626318048
2025-02-02,"NTS Energy Offtaken, Industrial Offtake Total",0.049376942
2025-02-02,"NTS Energy Offtaken, LDZ Offtake Total",2.060894522
2025-02-02,"NTS Energy Offtaken, Powerstations Total",0.551082869
2025-02-01,"NTS Energy Offtaken, Industrial Offtake Total",0.0452369
2025-02-01,"NTS Energy Offtaken, LDZ Offtake Total",2.076352542
2025-02-01,"NTS Energy Offtaken, Powerstations Total",0.53133471
2025-01-31,"NTS Energy Offtaken, Industrial Offtake Total",0.070570173
2025-01-31,"NTS Energy Offtaken, LDZ Offtake Total",2.178664305
2025-01-31,"NTS Energy Offtaken, Powerstations Total",0.865284387
2025-01-30,"NTS Energy Offtaken, Industrial Offtake Total",0.050121973
2025-01-30,"NTS Energy Offtaken, LDZ Offtake Total",2.279150205
2025-01-30,"NTS Energy Offtaken, Powerstations Total",0.67592326
2025-01-29,"NTS Energy Offtaken, Industrial Offtake Total",0.044591405
2025-01-29,"NTS Energy Offtaken, LDZ Offtake Total",2.119984931
2025-01-29,"NTS Energy Offtaken, Powerstations Total",0.465266588
2025-01-28,"NTS Energy Offtaken, Industrial Offtake Total",0.04950461
2025-01-28,"NTS Energy Offtaken, LDZ Offtake Total",2.043807112
2025-01-28,"NTS Energy Offtaken, Powerstations Total",0.413010472
2025-01-27,"NTS Energy Offtaken, Industrial Offtake Total",0.045068451
2025-01-27,"NTS Energy Offtaken, LDZ Offtake Total",2.139046102
2025-01-27,"NTS Energy Offtaken, Powerstations Total",0.308794868
2025-01-26,"NTS Energy Offtaken, Industrial Offtake Total",0.044202214
2025-01-26,"NTS Energy Offtaken, LDZ Offtake Total",2.228343749
2025-01-26,"NTS Energy Offtaken, Powerstations Total",0.230760137
2025-01-25,"NTS Energy Offtaken, Industrial Offtake Total",0.046330688
2025-01-25,"NTS Energy Offtaken, LDZ Offtake Total",2.08518141
2025-01-25,"NTS Energy Offtaken, Powerstations Total",0.320780938
2025-01-24,"NTS Energy Offtaken, Industrial Offtake Total",0.044000841
2025-01-24,"NTS Energy Offtaken, LDZ Offtake Total",2.104000524
2025-01-24,"NTS Energy Offtaken, Powerstations Total",0.313659803
2025-01-23,"NTS Energy Offtaken, Industrial Offtake Total",0.047475102
2025-01-23,"NTS Energy Offtaken, LDZ Offtake Total",2.316646193
2025-01-23,"NTS Energy Offtaken, Powerstations Total",0.522680793
2025-01-22,"NTS Energy Offtaken, Industrial Offtake Total",0.082090741
2025-01-22,"NTS Energy Offtaken, LDZ Offtake Total",2.380519186
2025-01-22,"NTS Energy Offtaken, Powerstations Total",0.995226692
2025-01-21,"NTS Energy Offtaken, Industrial Offtake Total",0.083551422
2025-01-21,"NTS Energy Offtaken, LDZ Offtake Total",2.350904663
2025-01-21,"NTS Energy Offtaken, Powerstations Total",1.039675818
2025-01-20,"NTS Energy Offtaken, Industrial Offtake Total",0.08885451
2025-01-20,"NTS Energy Offtaken, LDZ Offtake Total",2.460102863
2025-01-20,"NTS Energy Offtaken, Powerstations Total",1.076491696
2025-01-19,"NTS Energy Offtaken, Industrial Offtake Total",0.079965861
2025-01-19,"NTS Energy Offtaken, LDZ Offtake Total",2.394439419
2025-01-19,"NTS Energy Offtaken, Powerstations Total",0.973497411
2025-01-18,"NTS Energy Offtaken, Industrial Offtake Total",0.072912541
2025-01-18,"NTS Energy Offtaken, LDZ Offtake Total",2.233519134
2025-01-18,"NTS Energy Offtaken, Powerstations Total",0.875326757
2025-01-17,"NTS Energy Offtaken, Industrial Offtake Total",0.079686593
2025-01-17,"NTS Energy Offtaken, LDZ Offtake Total",2.127925416
2025-01-17,"NTS Energy Offtaken, Powerstations Total",0.890394922
2025-01-16,"NTS Energy Offtaken, Industrial Offtake Total",0.074691746
2025-01-16,"NTS Energy Offtaken, LDZ Offtake Total",2.129192233
2025-01-16,"NTS Energy Offtaken, Powerstations Total",0.848483605
2025-01-15,"NTS Energy Offtaken, Industrial Offtake Total",0.076074745
2025-01-15,"NTS Energy Offtaken, LDZ Offtake Total",1.908926659
2025-01-15,"NTS Energy Offtaken, Powerstations Total",0.920849165
2025-01-14,"NTS Energy Offtaken, Industrial Offtake Total",0.063648443
2025-01-14,"NTS Energy Offtaken, LDZ Offtake Total",2.087903722
2025-01-14,"NTS Energy Offtaken, Powerstations Total",0.833247962
2025-01-13,"NTS Energy Offtaken, Industrial Offtake Total",0.05958835
2025-01-13,"NTS Energy Offtaken, LDZ Offtake Total",2.409125354
2025-01-13,"NTS Energy Offtaken, Powerstations Total",0.664611568
2025-01-12,"NTS Energy Offtaken, Industrial Offtake Total",0.063813247
2025-01-12,"NTS Energy Offtaken, LDZ Offtake Total",2.546335583
2025-01-12,"NTS Energy Offtaken, Powerstations Total",0.704350751
2025-01-11,"NTS Energy Offtaken, Industrial Offtake Total",0.081003844
2025-01-11,"NTS Energy Offtaken, LDZ Offtake Total",2.755276837
2025-01-11,"NTS Energy Offtaken, Powerstations Total",0.863864488
2025-01-10,"NTS Energy Offtaken, Industrial Offtake Total",0.089012281
2025-01-10,"NTS Energy Offtaken, LDZ Offtake Total",2.970121576
2025-01-10,"NTS Energy Offtaken, Powerstations Total",0.935033351
2025-01-09,"NTS Energy Offtaken, Industrial Offtake Total",0.081032806
2025-01-09,"NTS Energy Offtaken, LDZ Offtake Total",2.80589747
2025-01-09,"NTS Energy Offtaken, Powerstations Total",0.79344037
2025-01-08,"NTS Energy Offtaken, Industrial Offtake Total",0.092200681
2025-01-08,"NTS Energy Offtaken, LDZ Offtake Total",2.907227367
2025-01-08,"NTS Energy Offtaken, Powerstations Total",0.885605589
2025-01-07,"NTS Energy Offtaken, Industrial Offtake Total",0.062160638
2025-01-07,"NTS Energy Offtaken, LDZ Offtake Total",2.542392496
2025-01-07,"NTS Energy Offtaken, Powerstations Total",0.517738679
2025-01-06,"NTS Energy Offtaken, Industrial Offtake Total",0.045339926
2025-01-06,"NTS Energy Offtaken, LDZ Offtake Total",2.343083512
2025-01-06,"NTS Energy Offtaken, Powerstations Total",0.38447841
2025-01-05,"NTS Energy Offtaken, Industrial Offtake Total",0.041834897
2025-01-05,"NTS Energy Offtaken, LDZ Offtake Total",2.195735739
2025-01-05,"NTS Energy Offtaken, Powerstations Total",0.363409794
2025-01-04,"NTS Energy Offtaken, Industrial Offtake Total",0.056103099
2025-01-04,"NTS Energy Offtaken, LDZ Offtake Total",2.469608442
2025-01-04,"NTS Energy Offtaken, Powerstations Total",0.616917993
2025-01-03,"NTS Energy Offtaken, Industrial Offtake Total",0.045376975
2025-01-03,"NTS Energy Offtaken, LDZ Offtake Total",2.538022581
2025-01-03,"NTS Energy Offtaken, Powerstations Total",0.633134403
2025-01-02,"NTS Energy Offtaken, Industrial Offtake Total",0.04391314
2025-01-02,"NTS Energy Offtaken, LDZ Offtake Total",2.378812009
2025-01-02,"NTS Energy Offtaken, Powerstations Total",0.425231825
2025-01-01,"NTS Energy Offtaken, Industrial Offtake Total",0.045986176
2025-01-01,"NTS Energy Offtaken, LDZ Offtake Total",1.728360567
2025-01-01,"NTS Energy Offtaken, Powerstations Total",0.16192327
2024-12-31,"NTS Energy Offtaken, Industrial Offtake Total",0.03946633
2024-12-31,"NTS Energy Offtaken, LDZ Offtake Total",1.666521791
2024-12-31,"NTS Energy Offtaken, Powerstations Total",0.189035087
2024-12-30,"NTS Energy Offtaken, Industrial Offtake Total",0.043001674
2024-12-30,"NTS Energy Offtaken, LDZ Offtake Total",1.719993444
2024-12-30,"NTS Energy Offtaken, Powerstations Total",0.203576194
2024-12-29,"NTS Energy Offtaken, Industrial Offtake Total",0.039616655
2024-12-29,"NTS Energy Offtaken, LDZ Offtake Total",1.773689521
2024-12-29,"NTS Energy Offtaken, Powerstations Total",0.240449166
2024-12-28,"NTS Energy Offtaken, Industrial Offtake Total",0.042887278
2024-12-28,"NTS Energy Offtaken, LDZ Offtake Total",1.86773037
2024-12-28,"NTS Energy Offtaken, Powerstations Total",0.555505173
2024-12-27,"NTS Energy Offtaken, Industrial Offtake Total",0.042432748
2024-12-27,"NTS Energy Offtaken, LDZ Offtake Total",1.850374546
2024-12-27,"NTS Energy Offtaken, Powerstations Total",0.703660705
2024-12-26,"NTS Energy Offtaken, Industrial Offtake Total",0.041900186
2024-12-26,"NTS Energy Offtaken, LDZ Offtake Total",1.592714342
2024-12-26,"NTS Energy Offtaken, Powerstations Total",0.501305292
2024-12-25,"NTS Energy Offtaken, Industrial Offtake Total",0.043163193
2024-12-25,"NTS Energy Offtaken, LDZ Offtake Total",1.407707868
2024-12-25,"NTS Energy Offtaken, Powerstations Total",0.242193519
2024-12-24,"NTS Energy Offtaken, Industrial Offtake Total",0.040276891
2024-12-24,"NTS Energy Offtaken, LDZ Offtake Total",1.535759905
2024-12-24,"NTS Energy Offtaken, Powerstations Total",0.258258213
2024-12-23,"NTS Energy Offtaken, Industrial Offtake Total",0.041857499
2024-12-23,"NTS Energy Offtaken, LDZ Offtake Total",2.03602837
2024-12-23,"NTS Energy Offtaken, Powerstations Total",0.403240285
2024-12-22,"NTS Energy Offtaken, Industrial Offtake Total",0.038745211
2024-12-22,"NTS Energy Offtaken, LDZ Offtake Total",2.075893954
2024-12-22,"NTS Energy Offtaken, Powerstations Total",0.156169094
2024-12-21,"NTS Energy Offtaken, Industrial Offtake Total",0.035775236
2024-12-21,"NTS Energy Offtaken, LDZ Offtake Total",1.817895957
2024-12-21,"NTS Energy Offtaken, Powerstations Total",0.188694639
2024-12-20,"NTS Energy Offtaken, Industrial Offtake Total",0.041284833
2024-12-20,"NTS Energy Offtaken, LDZ Offtake Total",2.044374628
2024-12-20,"NTS Energy Offtaken, Powerstations Total",0.252209259
2024-12-19,"NTS Energy Offtaken, Industrial Offtake Total",0.038881722
2024-12-19,"NTS Energy Offtaken, LDZ Offtake Total",1.990434851
2024-12-19,"NTS Energy Offtaken, Powerstations Total",0.223593298
2024-12-18,"NTS Energy Offtaken, Industrial Offtake Total",0.049192815
2024-12-18,"NTS Energy Offtaken, LDZ Offtake Total",1.575074538
2024-12-18,"NTS Energy Offtaken, Powerstations Total",0.261134286
2024-12-17,"NTS Energy Offtaken, Industrial Offtake Total",0.063041854
2024-12-17,"NTS Energy Offtaken, LDZ Offtake Total",1.784724461
2024-12-17,"NTS Energy Offtaken, Powerstations Total",0.427750831
2024-12-16,"NTS Energy Offtaken, Industrial Offtake Total",0.061720588
2024-12-16,"NTS Energy Offtaken, LDZ Offtake Total",1.689322298
2024-12-16,"NTS Energy Offtaken, Powerstations Total",0.280456348
2024-12-15,"NTS Energy Offtaken, Industrial Offtake Total",0.068507976
2024-12-15,"NTS Energy Offtaken, LDZ Offtake Total",1.65559443
2024-12-15,"NTS Energy Offtaken, Powerstations Total",0.171365054
2024-12-14,"NTS Energy Offtaken, Industrial Offtake Total",0.058702531
2024-12-14,"NTS Energy Offtaken, LDZ Offtake Total",1.904613335
2024-12-14,"NTS Energy Offtaken, Powerstations Total",0.395108154
2024-12-13,"NTS Energy Offtaken, Industrial Offtake Total",0.079571309
2024-12-13,"NTS Energy Offtaken, LDZ Offtake Total",2.143176737
2024-12-13,"NTS Energy Offtaken, Powerstations Total",0.970524051
2024-12-12,"NTS Energy Offtaken, Industrial Offtake Total",0.088704338
2024-12-12,"NTS Energy Offtaken, LDZ Offtake Total",2.213053864
2024-12-12,"NTS Energy Offtaken, Powerstations Total",1.115608477
2024-12-11,"NTS Energy Offtaken, Industrial Offtake Total",0.088908215
2024-12-11,"NTS Energy Offtaken, LDZ Offtake Total",2.29897419
2024-12-11,"NTS Energy Offtaken, Powerstations Total",1.098132986
2024-12-10,"NTS Energy Offtaken, Industrial Offtake Total",0.074503788
2024-12-10,"NTS Energy Offtaken, LDZ Offtake Total",2.240402821
2024-12-10,"NTS Energy Offtaken, Powerstations Total",0.95131484
2024-12-09,"NTS Energy Offtaken, Industrial Offtake Total",0.061391855
2024-12-09,"NTS Energy Offtaken, LDZ Offtake Total",2.136474761
2024-12-09,"NTS Energy Offtaken, Powerstations Total",0.530759913
2024-12-08,"NTS Energy Offtaken, Industrial Offtake Total",0.056500735
2024-12-08,"NTS Energy Offtaken, LDZ Offtake Total",2.058406428
2024-12-08,"NTS Energy Offtaken, Powerstations Total",0.177004854
2024-12-07,"NTS Energy Offtaken, Industrial Offtake Total",0.055614879
2024-12-07,"NTS Energy Offtaken, LDZ Offtake Total",1.997074052
2024-12-07,"NTS Energy Offtaken, Powerstations Total",0.221335631
2024-12-06,"NTS Energy Offtaken, Industrial Offtake Total",0.057295853
2024-12-06,"NTS Energy Offtaken, LDZ Offtake Total",1.917124707
2024-12-06,"NTS Energy Offtaken, Powerstations Total",0.414001192
2024-12-05,"NTS Energy Offtaken, Industrial Offtake Total",0.056337318
2024-12-05,"NTS Energy Offtaken, LDZ Offtake Total",1.713360304
2024-12-05,"NTS Energy Offtaken, Powerstations Total",0.291207272
2024-12-04,"NTS Energy Offtaken, Industrial Offtake Total",0.071925513
2024-12-04,"NTS Energy Offtaken, LDZ Offtake Total",2.083111155
2024-12-04,"NTS Energy Offtaken, Powerstations Total",0.712291558
2024-12-03,"NTS Energy Offtaken, Industrial Offtake Total",0.0752678
2024-12-03,"NTS Energy Offtaken, LDZ Offtake Total",2.098951024
2024-12-03,"NTS Energy Offtaken, Powerstations Total",0.854628796
2024-12-02,"NTS Energy Offtaken, Industrial Offtake Total",0.060977736
2024-12-02,"NTS Energy Offtaken, LDZ Offtake Total",1.777927805
2024-12-02,"NTS Energy Offtaken, Powerstations Total",0.522303884
2024-12-01,"NTS Energy Offtaken, Industrial Offtake Total",0.057664886
2024-12-01,"NTS Energy Offtaken, LDZ Offtake Total",1.357870366
2024-12-01,"NTS Energy Offtaken, Powerstations Total",0.275844868
2024-11-30,"NTS Energy Offtaken, Industrial Offtake Total",0.059822526
2024-11-30,"NTS Energy Offtaken, LDZ Offtake Total",1.460356444
2024-11-30,"NTS Energy Offtaken, Powerstations Total",0.330019499
2024-11-29,"NTS Energy Offtaken, Industrial Offtake Total",0.059128168
2024-11-29,"NTS Energy Offtaken, LDZ Offtake Total",1.967967772
2024-11-29,"NTS Energy Offtaken, Powerstations Total",0.472522765
2024-11-28,"NTS Energy Offtaken, Industrial Offtake Total",0.070778841
2024-11-28,"NTS Energy Offtaken, LDZ Offtake Total",2.400269612
2024-11-28,"NTS Energy Offtaken, Powerstations Total",0.731770638
2024-11-27,"NTS Energy Offtaken, Industrial Offtake Total",0.061981104
2024-11-27,"NTS Energy Offtaken, LDZ Offtake Total",2.138981984
2024-11-27,"NTS Energy Offtaken, Powerstations Total",0.781624067
2024-11-26,"NTS Energy Offtaken, Industrial Offtake Total",0.06135999
2024-11-26,"NTS Energy Offtaken, LDZ Offtake Total",1.954249327
2024-11-26,"NTS Energy Offtaken, Powerstations Total",0.777813319
2024-11-25,"NTS Energy Offtaken, Industrial Offtake Total",0.042142402
2024-11-25,"NTS Energy Offtaken, LDZ Offtake Total",1.703790022
2024-11-25,"NTS Energy Offtaken, Powerstations Total",0.304078721
2024-11-24,"NTS Energy Offtaken, Industrial Offtake Total",0.041329214
2024-11-24,"NTS Energy Offtaken, LDZ Offtake Total",1.377031671
2024-11-24,"NTS Energy Offtaken, Powerstations Total",0.195493153
2024-11-23,"NTS Energy Offtaken, Industrial Offtake Total",0.039298071
2024-11-23,"NTS Energy Offtaken, LDZ Offtake Total",1.94259006
2024-11-23,"NTS Energy Offtaken, Powerstations Total",0.239202433
2024-11-22,"NTS Energy Offtaken, Industrial Offtake Total",0.053588682
2024-11-22,"NTS Energy Offtaken, LDZ Offtake Total",2.428336337
2024-11-22,"NTS Energy Offtaken, Powerstations Total",0.629072012
2024-11-21,"NTS Energy Offtaken, Industrial Offtake Total",0.048754428
2024-11-21,"NTS Energy Offtaken, LDZ Offtake Total",2.582390014
2024-11-21,"NTS Energy Offtaken, Powerstations Total",0.715875532
2024-11-20,"NTS Energy Offtaken, Industrial Offtake Total",0.037463959
2024-11-20,"NTS Energy Offtaken, LDZ Offtake Total",2.494337565
2024-11-20,"NTS Energy Offtaken, Powerstations Total",0.55975364
2024-11-19,"NTS Energy Offtaken, Industrial Offtake Total",0.047174272
2024-11-19,"NTS Energy Offtaken, LDZ Offtake Total",2.28048584
2024-11-19,"NTS Energy Offtaken, Powerstations Total",0.56753758
2024-11-18,"NTS Energy Offtaken, Industrial Offtake Total",0.057884946
2024-11-18,"NTS Energy Offtaken, LDZ Offtake Total",1.985791141
2024-11-18,"NTS Energy Offtaken, Powerstations Total",0.693999726
2024-11-17,"NTS Energy Offtaken, Industrial Offtake Total",0.033541501
2024-11-17,"NTS Energy Offtaken, LDZ Offtake Total",1.64058672
2024-11-17,"NTS Energy Offtaken, Powerstations Total",0.311453714
2024-11-16,"NTS Energy Offtaken, Industrial Offtake Total",0.032642544
2024-11-16,"NTS Energy Offtaken, LDZ Offtake Total",1.50718862
2024-11-16,"NTS Energy Offtaken, Powerstations Total",0.263823682
2024-11-15,"NTS Energy Offtaken, Industrial Offtake Total",0.045201558
2024-11-15,"NTS Energy Offtaken, LDZ Offtake Total",1.604486474
2024-11-15,"NTS Energy Offtaken, Powerstations Total",0.592780984
2024-11-14,"NTS Energy Offtaken, Industrial Offtake Total",0.06364282
2024-11-14,"NTS Energy Offtaken, LDZ Offtake Total",1.525534485
2024-11-14,"NTS Energy Offtaken, Powerstations Total",0.712938537
2024-11-13,"NTS Energy Offtaken, Industrial Offtake Total",0.063853422
2024-11-13,"NTS Energy Offtaken, LDZ Offtake Total",1.640938134
2024-11-13,"NTS Energy Offtaken, Powerstations Total",0.731821235
2024-11-12,"NTS Energy Offtaken, Industrial Offtake Total",0.067158353
2024-11-12,"NTS Energy Offtaken, LDZ Offtake Total",1.728073859
2024-11-12,"NTS Energy Offtaken, Powerstations Total",0.698566829
2024-11-11,"NTS Energy Offtaken, Industrial Offtake Total",0.05582584
2024-11-11,"NTS Energy Offtaken, LDZ Offtake Total",1.521241074
2024-11-11,"NTS Energy Offtaken, Powerstations Total",0.530364741
2024-11-10,"NTS Energy Offtaken, Industrial Offtake Total",0.052142124
2024-11-10,"NTS Energy Offtaken, LDZ Offtake Total",1.425629135
2024-11-10,"NTS Energy Offtaken, Powerstations Total",0.512675054
2024-11-09,"NTS Energy Offtaken, Industrial Offtake Total",0.066136052
2024-11-09,"NTS Energy Offtaken, LDZ Offtake Total",1.490264771
2024-11-09,"NTS Energy Offtaken, Powerstations Total",0.666602532
2024-11-08,"NTS Energy Offtaken, Industrial Offtake Total",0.056440999
2024-11-08,"NTS Energy Offtaken, LDZ Offtake Total",1.527742073
2024-11-08,"NTS Energy Offtaken, Powerstations Total",0.721473252
2024-11-07,"NTS Energy Offtaken, Industrial Offtake Total",0.03584185
2024-11-07,"NTS Energy Offtaken, LDZ Offtake Total",1.415491573
2024-11-07,"NTS Energy Offtaken, Powerstations Total",0.680846771
2024-11-06,"NTS Energy Offtaken, Industrial Offtake Total",0.050736232
2024-11-06,"NTS Energy Offtaken, LDZ Offtake Total",1.351338286
2024-11-06,"NTS Energy Offtaken, Powerstations Total",0.819299362
2024-11-05,"NTS Energy Offtaken, Industrial Offtake Total",0.053186632
2024-11-05,"NTS Energy Offtaken, LDZ Offtake Total",1.41281668
2024-11-05,"NTS Energy Offtaken, Powerstations Total",0.883406705
2024-11-04,"NTS Energy Offtaken, Industrial Offtake Total",0.047839687
2024-11-04,"NTS Energy Offtaken, LDZ Offtake Total",1.345417261
2024-11-04,"NTS Energy Offtaken, Powerstations Total",0.891717717
2024-11-03,"NTS Energy Offtaken, Industrial Offtake Total",0.0442587
2024-11-03,"NTS Energy Offtaken, LDZ Offtake Total",1.192306303
2024-11-03,"NTS Energy Offtaken, Powerstations Total",0.655807984
2024-11-02,"NTS Energy Offtaken, Industrial Offtake Total",0.045416133
2024-11-02,"NTS Energy Offtaken, LDZ Offtake Total",1.133546763
2024-11-02,"NTS Energy Offtaken, Powerstations Total",0.547944543
2024-11-01,"NTS Energy Offtaken, Industrial Offtake Total",0.043741033
2024-11-01,"NTS Energy Offtaken, LDZ Offtake Total",1.229848894
2024-11-01,"NTS Energy Offtaken, Powerstations Total",0.594711083
2024-10-31,"NTS Energy Offtaken, Industrial Offtake Total",0.03669734
2024-10-31,"NTS Energy Offtaken, LDZ Offtake Total",1.166888275
2024-10-31,"NTS Energy Offtaken, Powerstations Total",0.473464556
2024-10-30,"NTS Energy Offtaken, Industrial Offtake Total",0.054330873
2024-10-30,"NTS Energy Offtaken, LDZ Offtake Total",1.147793076
2024-10-30,"NTS Energy Offtaken, Powerstations Total",0.654513084
2024-10-29,"NTS Energy Offtaken, Industrial Offtake Total",0.051429121
2024-10-29,"NTS Energy Offtaken, LDZ Offtake Total",1.046956215
2024-10-29,"NTS Energy Offtaken, Powerstations Total",0.725964501
2024-10-28,"NTS Energy Offtaken, Industrial Offtake Total",0.036834188
2024-10-28,"NTS Energy Offtaken, LDZ Offtake Total",1.110939588
2024-10-28,"NTS Energy Offtaken, Powerstations Total",0.52254041
2024-10-27,"NTS Energy Offtaken, Industrial Offtake Total",0.03468239
2024-10-27,"NTS Energy Offtaken, LDZ Offtake Total",1.143055686
2024-10-27,"NTS Energy Offtaken, Powerstations Total",0.241537313
2024-10-26,"NTS Energy Offtaken, Industrial Offtake Total",0.037260178
2024-10-26,"NTS Energy Offtaken, LDZ Offtake Total",1.091955342
2024-10-26,"NTS Energy Offtaken, Powerstations Total",0.341383194
2024-10-25,"NTS Energy Offtaken, Industrial Offtake Total",0.056784251
2024-10-25,"NTS Energy Offtaken, LDZ Offtake Total",1.045121481
2024-10-25,"NTS Energy Offtaken, Powerstations Total",0.586989045
2024-10-24,"NTS Energy Offtaken, Industrial Offtake Total",0.034861409
2024-10-24,"NTS Energy Offtaken, LDZ Offtake Total",1.086594229
2024-10-24,"NTS Energy Offtaken, Powerstations Total",0.379504418
2024-10-23,"NTS Energy Offtaken, Industrial Offtake Total",0.042341415
2024-10-23,"NTS Energy Offtaken, LDZ Offtake Total",1.137340366
2024-10-23,"NTS Energy Offtaken, Powerstations Total",0.510733411
2024-10-22,"NTS Energy Offtaken, Industrial Offtake Total",0.049776316
2024-10-22,"NTS Energy Offtaken, LDZ Offtake Total",1.160262018
2024-10-22,"NTS Energy Offtaken, Powerstations Total",0.506921145
2024-10-21,"NTS Energy Offtaken, Industrial Offtake Total",0.034033295
2024-10-21,"NTS Energy Offtaken, LDZ Offtake Total",1.16905298
2024-10-21,"NTS Energy Offtaken, Powerstations Total",0.385629543
2024-10-20,"NTS Energy Offtaken, Industrial Offtake Total",0.030486881
2024-10-20,"NTS Energy Offtaken, LDZ Offtake Total",1.011271956
2024-10-20,"NTS Energy Offtaken, Powerstations Total",0.238515279
2024-10-19,"NTS Energy Offtaken, Industrial Offtake Total",0.030780505
2024-10-19,"NTS Energy Offtaken, LDZ Offtake Total",0.901304791
2024-10-19,"NTS Energy Offtaken, Powerstations Total",0.377003864
2024-10-18,"NTS Energy Offtaken, Industrial Offtake Total",0.029666186
2024-10-18,"NTS Energy Offtaken, LDZ Offtake Total",1.037150963
2024-10-18,"NTS Energy Offtaken, Powerstations Total",0.410495009
2024-10-17,"NTS Energy Offtaken, Industrial Offtake Total",0.029239056
2024-10-17,"NTS Energy Offtaken, LDZ Offtake Total",0.946005518
2024-10-17,"NTS Energy Offtaken, Powerstations Total",0.48316307
2024-10-16,"NTS Energy Offtaken, Industrial Offtake Total",0.030021791
2024-10-16,"NTS Energy Offtaken, LDZ Offtake Total",0.993498685
2024-10-16,"NTS Energy Offtaken, Powerstations Total",0.435029646
2024-10-15,"NTS Energy Offtaken, Industrial Offtake Total",0.03056834
2024-10-15,"NTS Energy Offtaken, LDZ Offtake Total",1.244527658
2024-10-15,"NTS Energy Offtaken, Powerstations Total",0.394280118
2024-10-14,"NTS Energy Offtaken, Industrial Offtake Total",0.048220249
2024-10-14,"NTS Energy Offtaken, LDZ Offtake Total",1.460771398
2024-10-14,"NTS Energy Offtaken, Powerstations Total",0.678427878
2024-10-13,"NTS Energy Offtaken, Industrial Offtake Total",0.046651765
2024-10-13,"NTS Energy Offtaken, LDZ Offtake Total",1.496826335
2024-10-13,"NTS Energy Offtaken, Powerstations Total",0.511975194
2024-10-12,"NTS Energy Offtaken, Industrial Offtake Total",0.030122146
2024-10-12,"NTS Energy Offtaken, LDZ Offtake Total",1.267344324
2024-10-12,"NTS Energy Offtaken, Powerstations Total",0.181749244
2024-10-11,"NTS Energy Offtaken, Industrial Offtake Total",0.035602741
2024-10-11,"NTS Energy Offtaken, LDZ Offtake Total",1.379522686
2024-10-11,"NTS Energy Offtaken, Powerstations Total",0.46849698
2024-10-10,"NTS Energy Offtaken, Industrial Offtake Total",0.039008241
2024-10-10,"NTS Energy Offtaken, LDZ Offtake Total",1.259057978
2024-10-10,"NTS Energy Offtaken, Powerstations Total",0.38908438
2024-10-09,"NTS Energy Offtaken, Industrial Offtake Total",0.029526098
2024-10-09,"NTS Energy Offtaken, LDZ Offtake Total",1.005766558
2024-10-09,"NTS Energy Offtaken, Powerstations Total",0.333039062
2024-10-08,"NTS Energy Offtaken, Industrial Offtake Total",0.033383684
2024-10-08,"NTS Energy Offtaken, LDZ Offtake Total",0.91246704
2024-10-08,"NTS Energy Offtaken, Powerstations Total",0.379382219
2024-10-07,"NTS Energy Offtaken, Industrial Offtake Total",0.038371428
2024-10-07,"NTS Energy Offtaken, LDZ Offtake Total",0.915319588
2024-10-07,"NTS Energy Offtaken, Powerstations Total",0.441646994
2024-10-06,"NTS Energy Offtaken, Industrial Offtake Total",0.028188463
2024-10-06,"NTS Energy Offtaken, LDZ Offtake Total",0.948216163
2024-10-06,"NTS Energy Offtaken, Powerstations Total",0.233508337
2024-10-05,"NTS Energy Offtaken, Industrial Offtake Total",0.026338261
2024-10-05,"NTS Energy Offtaken, LDZ Offtake Total",0.917678471
2024-10-05,"NTS Energy Offtaken, Powerstations Total",0.152488183
2024-10-04,"NTS Energy Offtaken, Industrial Offtake Total",0.029033977
2024-10-04,"NTS Energy Offtaken, LDZ Offtake Total",1.105347096
2024-10-04,"NTS Energy Offtaken, Powerstations Total",0.368281286
2024-10-03,"NTS Energy Offtaken, Industrial Offtake Total",0.034111138
2024-10-03,"NTS Energy Offtaken, LDZ Offtake Total",1.0854791
2024-10-03,"NTS Energy Offtaken, Powerstations Total",0.472710059
2024-10-02,"NTS Energy Offtaken, Industrial Offtake Total",0.02991989
2024-10-02,"NTS Energy Offtaken, LDZ Offtake Total",1.05176209
2024-10-02,"NTS Energy Offtaken, Powerstations Total",0.407377738
2024-10-01,"NTS Energy Offtaken, Industrial Offtake Total",0.029299815
2024-10-01,"NTS Energy Offtaken, LDZ Offtake Total",1.126768152
2024-10-01,"NTS Energy Offtaken, Powerstations Total",0.283348764
2024-09-30,"NTS Energy Offtaken, Industrial Offtake Total",0.026867133
2024-09-30,"NTS Energy Offtaken, LDZ Offtake Total",1.106955445
2024-09-30,"NTS Energy Offtaken, Powerstations Total",0.297840893
2024-09-29,"NTS Energy Offtaken, Industrial Offtake Total",0.030963645
2024-09-29,"NTS Energy Offtaken, LDZ Offtake Total",1.127526173
2024-09-29,"NTS Energy Offtaken, Powerstations Total",0.183164296
2024-09-28,"NTS Energy Offtaken, Industrial Offtake Total",0.037073855
2024-09-28,"NTS Energy Offtaken, LDZ Offtake Total",1.063779558
2024-09-28,"NTS Energy Offtaken, Powerstations Total",0.377062131
2024-09-27,"NTS Energy Offtaken, Industrial Offtake Total",0.032738216
2024-09-27,"NTS Energy Offtaken, LDZ Offtake Total",1.049661731
2024-09-27,"NTS Energy Offtaken, Powerstations Total",0.199910846
2024-09-26,"NTS Energy Offtaken, Industrial Offtake Total",0.03182048
2024-09-26,"NTS Energy Offtaken, LDZ Offtake Total",0.904229894
2024-09-26,"NTS Energy Offtaken, Powerstations Total",0.276770971
2024-09-25,"NTS Energy Offtaken, Industrial Offtake Total",0.041583168
2024-09-25,"NTS Energy Offtaken, LDZ Offtake Total",0.891464608
2024-09-25,"NTS Energy Offtaken, Powerstations Total",0.557107777
2024-09-24,"NTS Energy Offtaken, Industrial Offtake Total",0.032427655
2024-09-24,"NTS Energy Offtaken, LDZ Offtake Total",0.791895852
2024-09-24,"NTS Energy Offtaken, Powerstations Total",0.420806911
2024-09-23,"NTS Energy Offtaken, Industrial Offtake Total",0.046791412
2024-09-23,"NTS Energy Offtaken, LDZ Offtake Total",0.754442363
2024-09-23,"NTS Energy Offtaken, Powerstations Total",0.568462878
2024-09-22,"NTS Energy Offtaken, Industrial Offtake Total",0.040941701
2024-09-22,"NTS Energy Offtaken, LDZ Offtake Total",0.666279282
2024-09-22,"NTS Energy Offtaken, Powerstations Total",0.44736808
2024-09-21,"NTS Energy Offtaken, Industrial Offtake Total",0.033191487
2024-09-21,"NTS Energy Offtaken, LDZ Offtake Total",0.607801483
2024-09-21,"NTS Energy Offtaken, Powerstations Total",0.308356349
2024-09-20,"NTS Energy Offtaken, Industrial Offtake Total",0.031809744
2024-09-20,"NTS Energy Offtaken, LDZ Offtake Total",0.635777494
2024-09-20,"NTS Energy Offtaken, Powerstations Total",0.326419236
2024-09-19,"NTS Energy Offtaken, Industrial Offtake Total",0.034718525
2024-09-19,"NTS Energy Offtaken, LDZ Offtake Total",0.6560681
2024-09-19,"NTS Energy Offtaken, Powerstations Total",0.409785033
2024-09-18,"NTS Energy Offtaken, Industrial Offtake Total",0.031408665
2024-09-18,"NTS Energy Offtaken, LDZ Offtake Total",0.648934787
2024-09-18,"NTS Energy Offtaken, Powerstations Total",0.355451942
2024-09-17,"NTS Energy Offtaken, Industrial Offtake Total",0.03151929
2024-09-17,"NTS Energy Offtaken, LDZ Offtake Total",0.687477881
2024-09-17,"NTS Energy Offtaken, Powerstations Total",0.363237587
2024-09-16,"NTS Energy Offtaken, Industrial Offtake Total",0.044779133
2024-09-16,"NTS Energy Offtaken, LDZ Offtake Total",0.714420401
2024-09-16,"NTS Energy Offtaken, Powerstations Total",0.407372591
2024-09-15,"NTS Energy Offtaken, Industrial Offtake Total",0.032367664
2024-09-15,"NTS Energy Offtaken, LDZ Offtake Total",0.699612937
2024-09-15,"NTS Energy Offtaken, Powerstations Total",0.275462669
2024-09-14,"NTS Energy Offtaken, Industrial Offtake Total",0.030854431
2024-09-14,"NTS Energy Offtaken, LDZ Offtake Total",0.694496772
2024-09-14,"NTS Energy Offtaken, Powerstations Total",0.212891169
2024-09-13,"NTS Energy Offtaken, Industrial Offtake Total",0.042802331
2024-09-13,"NTS Energy Offtaken, LDZ Offtake Total",0.898633012
2024-09-13,"NTS Energy Offtaken, Powerstations Total",0.339477572
2024-09-12,"NTS Energy Offtaken, Industrial Offtake Total",0.043608368
2024-09-12,"NTS Energy Offtaken, LDZ Offtake Total",0.917746954
2024-09-12,"NTS Energy Offtaken, Powerstations Total",0.36381652
2024-09-11,"NTS Energy Offtaken, Industrial Offtake Total",0.028916698
2024-09-11,"NTS Energy Offtaken, LDZ Offtake Total",0.841238395
2024-09-11,"NTS Energy Offtaken, Powerstations Total",0.237643181
2024-09-10,"NTS Energy Offtaken, Industrial Offtake Total",0.024120592
2024-09-10,"NTS Energy Offtaken, LDZ Offtake Total",0.716594922
2024-09-10,"NTS Energy Offtaken, Powerstations Total",0.226251697
2024-09-09,"NTS Energy Offtaken, Industrial Offtake Total",0.029422539
2024-09-09,"NTS Energy Offtaken, LDZ Offtake Total",0.619029324
2024-09-09,"NTS Energy Offtaken, Powerstations Total",0.263683117
2024-09-08,"NTS Energy Offtaken, Industrial Offtake Total",0.02980085
2024-09-08,"NTS Energy Offtaken, LDZ Offtake Total",0.516940901
2024-09-08,"NTS Energy Offtaken, Powerstations Total",0.241215514
2024-09-07,"NTS Energy Offtaken, Industrial Offtake Total",0.031873204
2024-09-07,"NTS Energy Offtaken, LDZ Offtake Total",0.515468403
2024-09-07,"NTS Energy Offtaken, Powerstations Total",0.40450687
2024-09-06,"NTS Energy Offtaken, Industrial Offtake Total",0.032867441
2024-09-06,"NTS Energy Offtaken, LDZ Offtake Total",0.542046439
2024-09-06,"NTS Energy Offtaken, Powerstations Total",0.349200938
2024-09-05,"NTS Energy Offtaken, Industrial Offtake Total",0.036342489
2024-09-05,"NTS Energy Offtaken, LDZ Offtake Total",0.643972498
2024-09-05,"NTS Energy Offtaken, Powerstations Total",0.185110029
2024-09-04,"NTS Energy Offtaken, Industrial Offtake Total",0.048145078
2024-09-04,"NTS Energy Offtaken, LDZ Offtake Total",0.591434137
2024-09-04,"NTS Energy Offtaken, Powerstations Total",0.525119183
2024-09-03,"NTS Energy Offtaken, Industrial Offtake Total",0.047200221
2024-09-03,"NTS Energy Offtaken, LDZ Offtake Total",0.555919732
2024-09-03,"NTS Energy Offtaken, Powerstations Total",0.559749203
2024-09-02,"NTS Energy Offtaken, Industrial Offtake Total",0.040847599
2024-09-02,"NTS Energy Offtaken, LDZ Offtake Total",0.53741402
2024-09-02,"NTS Energy Offtaken, Powerstations Total",0.525467224
2024-09-01,"NTS Energy Offtaken, Industrial Offtake Total",0.027759861
2024-09-01,"NTS Energy Offtaken, LDZ Offtake Total",0.498575327
2024-09-01,"NTS Energy Offtaken, Powerstations Total",0.242148345
2024-08-31,"NTS Energy Offtaken, Industrial Offtake Total",0.026853592
2024-08-31,"NTS Energy Offtaken, LDZ Offtake Total",0.491010495
2024-08-31,"NTS Energy Offtaken, Powerstations Total",0.184841185
2024-08-30,"NTS Energy Offtaken, Industrial Offtake Total",0.043938956
2024-08-30,"NTS Energy Offtaken, LDZ Offtake Total",0.553758462
2024-08-30,"NTS Energy Offtaken, Powerstations Total",0.385095445
2024-08-29,"NTS Energy Offtaken, Industrial Offtake Total",0.035267252
2024-08-29,"NTS Energy Offtaken, LDZ Offtake Total",0.573191458
2024-08-29,"NTS Energy Offtaken, Powerstations Total",0.4261604
2024-08-28,"NTS Energy Offtaken, Industrial Offtake Total",0.033877593
2024-08-28,"NTS Energy Offtaken, LDZ Offtake Total",0.588738564
2024-08-28,"NTS Energy Offtaken, Powerstations Total",0.348581363
2024-08-27,"NTS Energy Offtaken, Industrial Offtake Total",0.027925241
2024-08-27,"NTS Energy Offtaken, LDZ Offtake Total",0.5676504
2024-08-27,"NTS Energy Offtaken, Powerstations Total",0.284209548
2024-08-26,"NTS Energy Offtaken, Industrial Offtake Total",0.026553499
2024-08-26,"NTS Energy Offtaken, LDZ Offtake Total",0.537387279
2024-08-26,"NTS Energy Offtaken, Powerstations Total",0.237432549
2024-08-25,"NTS Energy Offtaken, Industrial Offtake Total",0.022603756
2024-08-25,"NTS Energy Offtaken, LDZ Offtake Total",0.558689435
2024-08-25,"NTS Energy Offtaken, Powerstations Total",0.148374971
2024-08-24,"NTS Energy Offtaken, Industrial Offtake Total",0.022023142
2024-08-24,"NTS Energy Offtaken, LDZ Offtake Total",0.529625619
2024-08-24,"NTS Energy Offtaken, Powerstations Total",0.133530131
2024-08-23,"NTS Energy Offtaken, Industrial Offtake Total",0.020693063
2024-08-23,"NTS Energy Offtaken, LDZ Offtake Total",0.548506139
2024-08-23,"NTS Energy Offtaken, Powerstations Total",0.16096922
2024-08-22,"NTS Energy Offtaken, Industrial Offtake Total",0.02153879
2024-08-22,"NTS Energy Offtaken, LDZ Offtake Total",0.582046015
2024-08-22,"NTS Energy Offtaken, Powerstations Total",0.185896756
2024-08-21,"NTS Energy Offtaken, Industrial Offtake Total",0.022178422
2024-08-21,"NTS Energy Offtaken, LDZ Offtake Total",0.59427849
2024-08-21,"NTS Energy Offtaken, Powerstations Total",0.187343859
2024-08-20,"NTS Energy Offtaken, Industrial Offtake Total",0.02695621
2024-08-20,"NTS Energy Offtaken, LDZ Offtake Total",0.562332235
2024-08-20,"NTS Energy Offtaken, Powerstations Total",0.153026734
2024-08-19,"NTS Energy Offtaken, Industrial Offtake Total",0.030908963
2024-08-19,"NTS Energy Offtaken, LDZ Offtake Total",0.560024694
2024-08-19,"NTS Energy Offtaken, Powerstations Total",0.217925185
2024-08-18,"NTS Energy Offtaken, Industrial Offtake Total",0.031363467
2024-08-18,"NTS Energy Offtaken, LDZ Offtake Total",0.484465271
2024-08-18,"NTS Energy Offtaken, Powerstations Total",0.186858374
2024-08-17,"NTS Energy Offtaken, Industrial Offtake Total",0.031480596
2024-08-17,"NTS Energy Offtaken, LDZ Offtake Total",0.501503943
2024-08-17,"NTS Energy Offtaken, Powerstations Total",0.19848115
2024-08-16,"NTS Energy Offtaken, Industrial Offtake Total",0.030379676
2024-08-16,"NTS Energy Offtaken, LDZ Offtake Total",0.546356909
2024-08-16,"NTS Energy Offtaken, Powerstations Total",0.269588041
2024-08-15,"NTS Energy Offtaken, Industrial Offtake Total",0.03409996
2024-08-15,"NTS Energy Offtaken, LDZ Offtake Total",0.530147263
2024-08-15,"NTS Energy Offtaken, Powerstations Total",0.146649898
2024-08-14,"NTS Energy Offtaken, Industrial Offtake Total",0.039825848
2024-08-14,"NTS Energy Offtaken, LDZ Offtake Total",0.538587385
2024-08-14,"NTS Energy Offtaken, Powerstations Total",0.372699936
2024-08-13,"NTS Energy Offtaken, Industrial Offtake Total",0.040577388
2024-08-13,"NTS Energy Offtaken, LDZ Offtake Total",0.522435301
2024-08-13,"NTS Energy Offtaken, Powerstations Total",0.262720633
2024-08-12,"NTS Energy Offtaken, Industrial Offtake Total",0.03694648
2024-08-12,"NTS Energy Offtaken, LDZ Offtake Total",0.48901671
2024-08-12,"NTS Energy Offtaken, Powerstations Total",0.188847917
2024-08-11,"NTS Energy Offtaken, Industrial Offtake Total",0.038674847
2024-08-11,"NTS Energy Offtaken, LDZ Offtake Total",0.453542801
2024-08-11,"NTS Energy Offtaken, Powerstations Total",0.11137234
2024-08-10,"NTS Energy Offtaken, Industrial Offtake Total",0.036978623
2024-08-10,"NTS Energy Offtaken, LDZ Offtake Total",0.482513898
2024-08-10,"NTS Energy Offtaken, Powerstations Total",0.149032087
2024-08-09,"NTS Energy Offtaken, Industrial Offtake Total",0.032758942
2024-08-09,"NTS Energy Offtaken, LDZ Offtake Total",0.513954615
2024-08-09,"NTS Energy Offtaken, Powerstations Total",0.147985193
2024-08-08,"NTS Energy Offtaken, Industrial Offtake Total",0.039133878
2024-08-08,"NTS Energy Offtaken, LDZ Offtake Total",0.525545037
2024-08-08,"NTS Energy Offtaken, Powerstations Total",0.19842769
2024-08-07,"NTS Energy Offtaken, Industrial Offtake Total",0.036052543
2024-08-07,"NTS Energy Offtaken, LDZ Offtake Total",0.520298004
2024-08-07,"NTS Energy Offtaken, Powerstations Total",0.161092764
2024-08-06,"NTS Energy Offtaken, Industrial Offtake Total",0.039411251
2024-08-06,"NTS Energy Offtaken, LDZ Offtake Total",0.513946254
2024-08-06,"NTS Energy Offtaken, Powerstations Total",0.217066509
2024-08-05,"NTS Energy Offtaken, Industrial Offtake Total",0.040548589
2024-08-05,"NTS Energy Offtaken, LDZ Offtake Total",0.479196575
2024-08-05,"NTS Energy Offtaken, Powerstations Total",0.193998839
2024-08-04,"NTS Energy Offtaken, Industrial Offtake Total",0.040060779
2024-08-04,"NTS Energy Offtaken, LDZ Offtake Total",0.463583714
2024-08-04,"NTS Energy Offtaken, Powerstations Total",0.118709145
2024-08-03,"NTS Energy Offtaken, Industrial Offtake Total",0.042782334
2024-08-03,"NTS Energy Offtaken, LDZ Offtake Total",0.447899718
2024-08-03,"NTS Energy Offtaken, Powerstations Total",0.206512895
2024-08-02,"NTS Energy Offtaken, Industrial Offtake Total",0.042330385
2024-08-02,"NTS Energy Offtaken, LDZ Offtake Total",0.473772465
2024-08-02,"NTS Energy Offtaken, Powerstations Total",0.227008455
2024-08-01,"NTS Energy Offtaken, Industrial Offtake Total",0.055587406
2024-08-01,"NTS Energy Offtaken, LDZ Offtake Total",0.504191749
2024-08-01,"NTS Energy Offtaken, Powerstations Total",0.417213288
2024-07-31,"NTS Energy Offtaken, Industrial Offtake Total",0.054498832
2024-07-31,"NTS Energy Offtaken, LDZ Offtake Total",0.490372291
2024-07-31,"NTS Energy Offtaken, Powerstations Total",0.400429461
2024-07-30,"NTS Energy Offtaken, Industrial Offtake Total",0.048274648
2024-07-30,"NTS Energy Offtaken, LDZ Offtake Total",0.510135905
2024-07-30,"NTS Energy Offtaken, Powerstations Total",0.371052596
2024-07-29,"NTS Energy Offtaken, Industrial Offtake Total",0.039662057
2024-07-29,"NTS Energy Offtaken, LDZ Offtake Total",0.47369541
2024-07-29,"NTS Energy Offtaken, Powerstations Total",0.296034855
2024-07-28,"NTS Energy Offtaken, Industrial Offtake Total",0.039853982
2024-07-28,"NTS Energy Offtaken, LDZ Offtake Total",0.44415125
2024-07-28,"NTS Energy Offtaken, Powerstations Total",0.225460246
2024-07-27,"NTS Energy Offtaken, Industrial Offtake Total",0.038930176
2024-07-27,"NTS Energy Offtaken, LDZ Offtake Total",0.481373824
2024-07-27,"NTS Energy Offtaken, Powerstations Total",0.355469259
2024-07-26,"NTS Energy Offtaken, Industrial Offtake Total",0.039195534
2024-07-26,"NTS Energy Offtaken, LDZ Offtake Total",0.535921819
2024-07-26,"NTS Energy Offtaken, Powerstations Total",0.334441725
2024-07-25,"NTS Energy Offtaken, Industrial Offtake Total",0.039599242
2024-07-25,"NTS Energy Offtaken, LDZ Offtake Total",0.541690734
2024-07-25,"NTS Energy Offtaken, Powerstations Total",0.29835544
2024-07-24,"NTS Energy Offtaken, Industrial Offtake Total",0.034946098
2024-07-24,"NTS Energy Offtaken, LDZ Offtake Total",0.531640764
2024-07-24,"NTS Energy Offtaken, Powerstations Total",0.373842083
2024-07-23,"NTS Energy Offtaken, Industrial Offtake Total",0.027349304
2024-07-23,"NTS Energy Offtaken, LDZ Offtake Total",0.560108423
2024-07-23,"NTS Energy Offtaken, Powerstations Total",0.452990049
2024-07-22,"NTS Energy Offtaken, Industrial Offtake Total",0.02972047
2024-07-22,"NTS Energy Offtaken, LDZ Offtake Total",0.537428087
2024-07-22,"NTS Energy Offtaken, Powerstations Total",0.350540444
2024-07-21,"NTS Energy Offtaken, Industrial Offtake Total",0.036377282
2024-07-21,"NTS Energy Offtaken, LDZ Offtake Total",0.488327265
2024-07-21,"NTS Energy Offtaken, Powerstations Total",0.238825909
2024-07-20,"NTS Energy Offtaken, Industrial Offtake Total",0.037804669
2024-07-20,"NTS Energy Offtaken, LDZ Offtake Total",0.448944052
2024-07-20,"NTS Energy Offtaken, Powerstations Total",0.292783376
2024-07-19,"NTS Energy Offtaken, Industrial Offtake Total",0.039582723
2024-07-19,"NTS Energy Offtaken, LDZ Offtake Total",0.493701947
2024-07-19,"NTS Energy Offtaken, Powerstations Total",0.24336589
2024-07-18,"NTS Energy Offtaken, Industrial Offtake Total",0.044167236
2024-07-18,"NTS Energy Offtaken, LDZ Offtake Total",0.562574526
2024-07-18,"NTS Energy Offtaken, Powerstations Total",0.323910478
2024-07-17,"NTS Energy Offtaken, Industrial Offtake Total",0.042985293
2024-07-17,"NTS Energy Offtaken, LDZ Offtake Total",0.593389599
2024-07-17,"NTS Energy Offtaken, Powerstations Total",0.390834908
2024-07-16,"NTS Energy Offtaken, Industrial Offtake Total",0.042194181
2024-07-16,"NTS Energy Offtaken, LDZ Offtake Total",0.653582812
2024-07-16,"NTS Energy Offtaken, Powerstations Total",0.353905447
2024-07-15,"NTS Energy Offtaken, Industrial Offtake Total",0.041927777
2024-07-15,"NTS Energy Offtaken, LDZ Offtake Total",0.617853694
2024-07-15,"NTS Energy Offtaken, Powerstations Total",0.447582151
2024-07-14,"NTS Energy Offtaken, Industrial Offtake Total",0.041056016
2024-07-14,"NTS Energy Offtaken, LDZ Offtake Total",0.571297466
2024-07-14,"NTS Energy Offtaken, Powerstations Total",0.216053191
2024-07-13,"NTS Energy Offtaken, Industrial Offtake Total",0.041323606
2024-07-13,"NTS Energy Offtaken, LDZ Offtake Total",0.598500545
2024-07-13,"NTS Energy Offtaken, Powerstations Total",0.195900465
2024-07-12,"NTS Energy Offtaken, Industrial Offtake Total",0.04174873
2024-07-12,"NTS Energy Offtaken, LDZ Offtake Total",0.623386283
2024-07-12,"NTS Energy Offtaken, Powerstations Total",0.315502313
2024-07-11,"NTS Energy Offtaken, Industrial Offtake Total",0.043237529
2024-07-11,"NTS Energy Offtaken, LDZ Offtake Total",0.660673146
2024-07-11,"NTS Energy Offtaken, Powerstations Total",0.456698268
2024-07-10,"NTS Energy Offtaken, Industrial Offtake Total",0.041252455
2024-07-10,"NTS Energy Offtaken, LDZ Offtake Total",0.61373671
2024-07-10,"NTS Energy Offtaken, Powerstations Total",0.271429735
2024-07-09,"NTS Energy Offtaken, Industrial Offtake Total",0.04110316
2024-07-09,"NTS Energy Offtaken, LDZ Offtake Total",0.618257076
2024-07-09,"NTS Energy Offtaken, Powerstations Total",0.248614191
2024-07-08,"NTS Energy Offtaken, Industrial Offtake Total",0.054034938
2024-07-08,"NTS Energy Offtaken, LDZ Offtake Total",0.601323684
2024-07-08,"NTS Energy Offtaken, Powerstations Total",0.470007067
2024-07-07,"NTS Energy Offtaken, Industrial Offtake Total",0.041337656
2024-07-07,"NTS Energy Offtaken, LDZ Offtake Total",0.596854718
2024-07-07,"NTS Energy Offtaken, Powerstations Total",0.235229643
2024-07-06,"NTS Energy Offtaken, Industrial Offtake Total",0.037891184
2024-07-06,"NTS Energy Offtaken, LDZ Offtake Total",0.582614904
2024-07-06,"NTS Energy Offtaken, Powerstations Total",0.132772198
2024-07-05,"NTS Energy Offtaken, Industrial Offtake Total",0.041546647
2024-07-05,"NTS Energy Offtaken, LDZ Offtake Total",0.605241077
2024-07-05,"NTS Energy Offtaken, Powerstations Total",0.228618263
2024-07-04,"NTS Energy Offtaken, Industrial Offtake Total",0.033707463
2024-07-04,"NTS Energy Offtaken, LDZ Offtake Total",0.641574025
2024-07-04,"NTS Energy Offtaken, Powerstations Total",0.142587425
2024-07-03,"NTS Energy Offtaken, Industrial Offtake Total",0.038324746
2024-07-03,"NTS Energy Offtaken, LDZ Offtake Total",0.665764933
2024-07-03,"NTS Energy Offtaken, Powerstations Total",0.223066541
2024-07-02,"NTS Energy Offtaken, Industrial Offtake Total",0.048933895
2024-07-02,"NTS Energy Offtaken, LDZ Offtake Total",0.63490759
2024-07-02,"NTS Energy Offtaken, Powerstations Total",0.272660964
2024-07-01,"NTS Energy Offtaken, Industrial Offtake Total",0.042898646
2024-07-01,"NTS Energy Offtaken, LDZ Offtake Total",0.632042449
2024-07-01,"NTS Energy Offtaken, Powerstations Total",0.209539345
2024-06-30,"NTS Energy Offtaken, Industrial Offtake Total",0.044897804
2024-06-30,"NTS Energy Offtaken, LDZ Offtake Total",0.54970036
2024-06-30,"NTS Energy Offtaken, Powerstations Total",0.221319769
2024-06-29,"NTS Energy Offtaken, Industrial Offtake Total",0.045368682
2024-06-29,"NTS Energy Offtaken, LDZ Offtake Total",0.516990571
2024-06-29,"NTS Energy Offtaken, Powerstations Total",0.187859807
2024-06-28,"NTS Energy Offtaken, Industrial Offtake Total",0.048534893
2024-06-28,"NTS Energy Offtaken, LDZ Offtake Total",0.551839184
2024-06-28,"NTS Energy Offtaken, Powerstations Total",0.187634414
2024-06-27,"NTS Energy Offtaken, Industrial Offtake Total",0.039477109
2024-06-27,"NTS Energy Offtaken, LDZ Offtake Total",0.537971669
2024-06-27,"NTS Energy Offtaken, Powerstations Total",0.181435467
2024-06-26,"NTS Energy Offtaken, Industrial Offtake Total",0.056127322
2024-06-26,"NTS Energy Offtaken, LDZ Offtake Total",0.531575793
2024-06-26,"NTS Energy Offtaken, Powerstations Total",0.384144448
2024-06-25,"NTS Energy Offtaken, Industrial Offtake Total",0.062332524
2024-06-25,"NTS Energy Offtaken, LDZ Offtake Total",0.545917671
2024-06-25,"NTS Energy Offtaken, Powerstations Total",0.415641964
2024-06-24,"NTS Energy Offtaken, Industrial Offtake Total",0.059524567
2024-06-24,"NTS Energy Offtaken, LDZ Offtake Total",0.539042515
2024-06-24,"NTS Energy Offtaken, Powerstations Total",0.386655183
2024-06-23,"NTS Energy Offtaken, Industrial Offtake Total",0.043747367
2024-06-23,"NTS Energy Offtaken, LDZ Offtake Total",0.506720423
2024-06-23,"NTS Energy Offtaken, Powerstations Total",0.254165655
2024-06-22,"NTS Energy Offtaken, Industrial Offtake Total",0.043341671
2024-06-22,"NTS Energy Offtaken, LDZ Offtake Total",0.499285224
2024-06-22,"NTS Energy Offtaken, Powerstations Total",0.182217008
2024-06-21,"NTS Energy Offtaken, Industrial Offtake Total",0.043104427
2024-06-21,"NTS Energy Offtaken, LDZ Offtake Total",0.559336168
2024-06-21,"NTS Energy Offtaken, Powerstations Total",0.197673143
2024-06-20,"NTS Energy Offtaken, Industrial Offtake Total",0.055659805
2024-06-20,"NTS Energy Offtaken, LDZ Offtake Total",0.599860976
2024-06-20,"NTS Energy Offtaken, Powerstations Total",0.376942106
2024-06-19,"NTS Energy Offtaken, Industrial Offtake Total",0.059965893
2024-06-19,"NTS Energy Offtaken, LDZ Offtake Total",0.643753017
2024-06-19,"NTS Energy Offtaken, Powerstations Total",0.310862066
2024-06-18,"NTS Energy Offtaken, Industrial Offtake Total",0.060013485
2024-06-18,"NTS Energy Offtaken, LDZ Offtake Total",0.660131077
2024-06-18,"NTS Energy Offtaken, Powerstations Total",0.39101574
2024-06-17,"NTS Energy Offtaken, Industrial Offtake Total",0.045707803
2024-06-17,"NTS Energy Offtaken, LDZ Offtake Total",0.652465186
2024-06-17,"NTS Energy Offtaken, Powerstations Total",0.35636782
2024-06-16,"NTS Energy Offtaken, Industrial Offtake Total",0.041477928
2024-06-16,"NTS Energy Offtaken, LDZ Offtake Total",0.652738944
2024-06-16,"NTS Energy Offtaken, Powerstations Total",0.133653878
2024-06-15,"NTS Energy Offtaken, Industrial Offtake Total",0.043700646
2024-06-15,"NTS Energy Offtaken, LDZ Offtake Total",0.712979343
2024-06-15,"NTS Energy Offtaken, Powerstations Total",0.196534095
2024-06-14,"NTS Energy Offtaken, Industrial Offtake Total",0.042756472
2024-06-14,"NTS Energy Offtaken, LDZ Offtake Total",0.719220409
2024-06-14,"NTS Energy Offtaken, Powerstations Total",0.247610362
2024-06-13,"NTS Energy Offtaken, Industrial Offtake Total",0.038759564
2024-06-13,"NTS Energy Offtaken, LDZ Offtake Total",0.833514371
2024-06-13,"NTS Energy Offtaken, Powerstations Total",0.302045486
2024-06-12,"NTS Energy Offtaken, Industrial Offtake Total",0.050743276
2024-06-12,"NTS Energy Offtaken, LDZ Offtake Total",0.803673101
2024-06-12,"NTS Energy Offtaken, Powerstations Total",0.51503454
2024-06-11,"NTS Energy Offtaken, Industrial Offtake Total",0.045968894
2024-06-11,"NTS Energy Offtaken, LDZ Offtake Total",0.836434852
2024-06-11,"NTS Energy Offtaken, Powerstations Total",0.322630943
2024-06-10,"NTS Energy Offtaken, Industrial Offtake Total",0.041208979
2024-06-10,"NTS Energy Offtaken, LDZ Offtake Total",0.777490859
2024-06-10,"NTS Energy Offtaken, Powerstations Total",0.179293365
2024-06-09,"NTS Energy Offtaken, Industrial Offtake Total",0.038126756
2024-06-09,"NTS Energy Offtaken, LDZ Offtake Total",0.729685077
2024-06-09,"NTS Energy Offtaken, Powerstations Total",0.17831365
2024-06-08,"NTS Energy Offtaken, Industrial Offtake Total",0.032724619
2024-06-08,"NTS Energy Offtaken, LDZ Offtake Total",0.631275325
2024-06-08,"NTS Energy Offtaken, Powerstations Total",0.14359095
2024-06-07,"NTS Energy Offtaken, Industrial Offtake Total",0.038152028
2024-06-07,"NTS Energy Offtaken, LDZ Offtake Total",0.688841131
2024-06-07,"NTS Energy Offtaken, Powerstations Total",0.169720929
2024-06-06,"NTS Energy Offtaken, Industrial Offtake Total",0.043992914
2024-06-06,"NTS Energy Offtaken, LDZ Offtake Total",0.73833954
2024-06-06,"NTS Energy Offtaken, Powerstations Total",0.22474859
2024-06-05,"NTS Energy Offtaken, Industrial Offtake Total",0.037608018
2024-06-05,"NTS Energy Offtaken, LDZ Offtake Total",0.748718331
2024-06-05,"NTS Energy Offtaken, Powerstations Total",0.158008951
2024-06-04,"NTS Energy Offtaken, Industrial Offtake Total",0.038549173
2024-06-04,"NTS Energy Offtaken, LDZ Offtake Total",0.687308569
2024-06-04,"NTS Energy Offtaken, Powerstations Total",0.161395139
2024-06-03,"NTS Energy Offtaken, Industrial Offtake Total",0.046569468
2024-06-03,"NTS Energy Offtaken, LDZ Offtake Total",0.646409827
2024-06-03,"NTS Energy Offtaken, Powerstations Total",0.372108841
2024-06-02,"NTS Energy Offtaken, Industrial Offtake Total",0.040290851
2024-06-02,"NTS Energy Offtaken, LDZ Offtake Total",0.583500032
2024-06-02,"NTS Energy Offtaken, Powerstations Total",0.176522225
2024-06-01,"NTS Energy Offtaken, Industrial Offtake Total",0.043097712
2024-06-01,"NTS Energy Offtaken, LDZ Offtake Total",0.654183137
2024-06-01,"NTS Energy Offtaken, Powerstations Total",0.155165523
2024-05-31,"NTS Energy Offtaken, Industrial Offtake Total",0.042068761
2024-05-31,"NTS Energy Offtaken, LDZ Offtake Total",0.756688447
2024-05-31,"NTS Energy Offtaken, Powerstations Total",0.147223842
2024-05-30,"NTS Energy Offtaken, Industrial Offtake Total",0.040148951
2024-05-30,"NTS Energy Offtaken, LDZ Offtake Total",0.713387712
2024-05-30,"NTS Energy Offtaken, Powerstations Total",0.130635271
2024-05-29,"NTS Energy Offtaken, Industrial Offtake Total",0.042464806
2024-05-29,"NTS Energy Offtaken, LDZ Offtake Total",0.706699353
2024-05-29,"NTS Energy Offtaken, Powerstations Total",0.249796037
2024-05-28,"NTS Energy Offtaken, Industrial Offtake Total",0.041288117
2024-05-28,"NTS Energy Offtaken, LDZ Offtake Total",0.751502732
2024-05-28,"NTS Energy Offtaken, Powerstations Total",0.229260977
2024-05-27,"NTS Energy Offtaken, Industrial Offtake Total",0.041590807
2024-05-27,"NTS Energy Offtaken, LDZ Offtake Total",0.672196493
2024-05-27,"NTS Energy Offtaken, Powerstations Total",0.209799718
2024-05-26,"NTS Energy Offtaken, Industrial Offtake Total",0.040510616
2024-05-26,"NTS Energy Offtaken, LDZ Offtake Total",0.635503036
2024-05-26,"NTS Energy Offtaken, Powerstations Total",0.162075775
2024-05-25,"NTS Energy Offtaken, Industrial Offtake Total",0.042329181
2024-05-25,"NTS Energy Offtaken, LDZ Offtake Total",0.614681448
2024-05-25,"NTS Energy Offtaken, Powerstations Total",0.214934104
2024-05-24,"NTS Energy Offtaken, Industrial Offtake Total",0.050344565
2024-05-24,"NTS Energy Offtaken, LDZ Offtake Total",0.812358104
2024-05-24,"NTS Energy Offtaken, Powerstations Total",0.496092854
2024-05-23,"NTS Energy Offtaken, Industrial Offtake Total",0.041564348
2024-05-23,"NTS Energy Offtaken, LDZ Offtake Total",0.834434422
2024-05-23,"NTS Energy Offtaken, Powerstations Total",0.267429647
2024-05-22,"NTS Energy Offtaken, Industrial Offtake Total",0.04231344
2024-05-22,"NTS Energy Offtaken, LDZ Offtake Total",0.775158901
2024-05-22,"NTS Energy Offtaken, Powerstations Total",0.25660802
2024-05-21,"NTS Energy Offtaken, Industrial Offtake Total",0.042043117
2024-05-21,"NTS Energy Offtaken, LDZ Offtake Total",0.725330657
2024-05-21,"NTS Energy Offtaken, Powerstations Total",0.491792831
2024-05-20,"NTS Energy Offtaken, Industrial Offtake Total",0.041018262
2024-05-20,"NTS Energy Offtaken, LDZ Offtake Total",0.651305407
2024-05-20,"NTS Energy Offtaken, Powerstations Total",0.373773265
2024-05-19,"NTS Energy Offtaken, Industrial Offtake Total",0.038573405
2024-05-19,"NTS Energy Offtaken, LDZ Offtake Total",0.586889227
2024-05-19,"NTS Energy Offtaken, Powerstations Total",0.251475247
2024-05-18,"NTS Energy Offtaken, Industrial Offtake Total",0.040299324
2024-05-18,"NTS Energy Offtaken, LDZ Offtake Total",0.57822944
2024-05-18,"NTS Energy Offtaken, Powerstations Total",0.327798207
2024-05-17,"NTS Energy Offtaken, Industrial Offtake Total",0.044756809
2024-05-17,"NTS Energy Offtaken, LDZ Offtake Total",0.637943965
2024-05-17,"NTS Energy Offtaken, Powerstations Total",0.475482495
2024-05-16,"NTS Energy Offtaken, Industrial Offtake Total",0.040064137
2024-05-16,"NTS Energy Offtaken, LDZ Offtake Total",0.722852277
2024-05-16,"NTS Energy Offtaken, Powerstations Total",0.491028096
2024-05-15,"NTS Energy Offtaken, Industrial Offtake Total",0.047090806
2024-05-15,"NTS Energy Offtaken, LDZ Offtake Total",0.69480165
2024-05-15,"NTS Energy Offtaken, Powerstations Total",0.483563217
2024-05-14,"NTS Energy Offtaken, Industrial Offtake Total",0.045663396
2024-05-14,"NTS Energy Offtaken, LDZ Offtake Total",0.680677923
2024-05-14,"NTS Energy Offtaken, Powerstations Total",0.391130385
2024-05-13,"NTS Energy Offtaken, Industrial Offtake Total",0.038539142
2024-05-13,"NTS Energy Offtaken, LDZ Offtake Total",0.647086937
2024-05-13,"NTS Energy Offtaken, Powerstations Total",0.286250275
2024-05-12,"NTS Energy Offtaken, Industrial Offtake Total",0.040288373
2024-05-12,"NTS Energy Offtaken, LDZ Offtake Total",0.546892056
2024-05-12,"NTS Energy Offtaken, Powerstations Total",0.177187214
2024-05-11,"NTS Energy Offtaken, Industrial Offtake Total",0.043118519
2024-05-11,"NTS Energy Offtaken, LDZ Offtake Total",0.552708142
2024-05-11,"NTS Energy Offtaken, Powerstations Total",0.174247594
2024-05-10,"NTS Energy Offtaken, Industrial Offtake Total",0.044451849
2024-05-10,"NTS Energy Offtaken, LDZ Offtake Total",0.616841736
2024-05-10,"NTS Energy Offtaken, Powerstations Total",0.373960831
2024-05-09,"NTS Energy Offtaken, Industrial Offtake Total",0.044334882
2024-05-09,"NTS Energy Offtaken, LDZ Offtake Total",0.698000681
2024-05-09,"NTS Energy Offtaken, Powerstations Total",0.39298877
2024-05-08,"NTS Energy Offtaken, Industrial Offtake Total",0.042988998
2024-05-08,"NTS Energy Offtaken, LDZ Offtake Total",0.752843617
2024-05-08,"NTS Energy Offtaken, Powerstations Total",0.428710727
2024-05-07,"NTS Energy Offtaken, Industrial Offtake Total",0.043066693
2024-05-07,"NTS Energy Offtaken, LDZ Offtake Total",0.814796699
2024-05-07,"NTS Energy Offtaken, Powerstations Total",0.474023485
2024-05-06,"NTS Energy Offtaken, Industrial Offtake Total",0.044877286
2024-05-06,"NTS Energy Offtaken, LDZ Offtake Total",0.875537459
2024-05-06,"NTS Energy Offtaken, Powerstations Total",0.415538156
2024-05-05,"NTS Energy Offtaken, Industrial Offtake Total",0.045424316
2024-05-05,"NTS Energy Offtaken, LDZ Offtake Total",0.833308485
2024-05-05,"NTS Energy Offtaken, Powerstations Total",0.383495317
2024-05-04,"NTS Energy Offtaken, Industrial Offtake Total",0.044556039
2024-05-04,"NTS Energy Offtaken, LDZ Offtake Total",0.930663965
2024-05-04,"NTS Energy Offtaken, Powerstations Total",0.336173141
2024-05-03,"NTS Energy Offtaken, Industrial Offtake Total",0.041636729
2024-05-03,"NTS Energy Offtaken, LDZ Offtake Total",1.097363107
2024-05-03,"NTS Energy Offtaken, Powerstations Total",0.322400255
2024-05-02,"NTS Energy Offtaken, Industrial Offtake Total",0.041961466
2024-05-02,"NTS Energy Offtaken, LDZ Offtake Total",0.947986787
2024-05-02,"NTS Energy Offtaken, Powerstations Total",0.189651135
2024-05-01,"NTS Energy Offtaken, Industrial Offtake Total",0.042936538
2024-05-01,"NTS Energy Offtaken, LDZ Offtake Total",0.927029178
2024-05-01,"NTS Energy Offtaken, Powerstations Total",0.328465699
2024-04-30,"NTS Energy Offtaken, Industrial Offtake Total",0.041242365
2024-04-30,"NTS Energy Offtaken, LDZ Offtake Total",1.012240247
2024-04-30,"NTS Energy Offtaken, Powerstations Total",0.190976848
2024-04-29,"NTS Energy Offtaken, Industrial Offtake Total",0.042724968
2024-04-29,"NTS Energy Offtaken, LDZ Offtake Total",1.266363125
2024-04-29,"NTS Energy Offtaken, Powerstations Total",0.19463139
2024-04-28,"NTS Energy Offtaken, Industrial Offtake Total",0.039143434
2024-04-28,"NTS Energy Offtaken, LDZ Offtake Total",1.372545898
2024-04-28,"NTS Energy Offtaken, Powerstations Total",0.178879855
2024-04-27,"NTS Energy Offtaken, Industrial Offtake Total",0.042404084
2024-04-27,"NTS Energy Offtaken, LDZ Offtake Total",1.402648983
2024-04-27,"NTS Energy Offtaken, Powerstations Total",0.323906213
2024-04-26,"NTS Energy Offtaken, Industrial Offtake Total",0.041657294
2024-04-26,"NTS Energy Offtaken, LDZ Offtake Total",1.429596093
2024-04-26,"NTS Energy Offtaken, Powerstations Total",0.538721683
2024-04-25,"NTS Energy Offtaken, Industrial Offtake Total",0.041163129
2024-04-25,"NTS Energy Offtaken, LDZ Offtake Total",1.538017639
2024-04-25,"NTS Energy Offtaken, Powerstations Total",0.540252286
2024-04-24,"NTS Energy Offtaken, Industrial Offtake Total",0.042656334
2024-04-24,"NTS Energy Offtaken, LDZ Offtake Total",1.46951149
2024-04-24,"NTS Energy Offtaken, Powerstations Total",0.407555431
2024-04-23,"NTS Energy Offtaken, Industrial Offtake Total",0.045494144
2024-04-23,"NTS Energy Offtaken, LDZ Offtake Total",1.419859574
2024-04-23,"NTS Energy Offtaken, Powerstations Total",0.400772464
2024-04-22,"NTS Energy Offtaken, Industrial Offtake Total",0.057672113
2024-04-22,"NTS Energy Offtaken, LDZ Offtake Total",1.478790688
2024-04-22,"NTS Energy Offtaken, Powerstations Total",0.604776994
2024-04-21,"NTS Energy Offtaken, Industrial Offtake Total",0.042284932
2024-04-21,"NTS Energy Offtaken, LDZ Offtake Total",1.257669408
2024-04-21,"NTS Energy Offtaken, Powerstations Total",0.285881901
2024-04-20,"NTS Energy Offtaken, Industrial Offtake Total",0.040288518
2024-04-20,"NTS Energy Offtaken, LDZ Offtake Total",1.259098918
2024-04-20,"NTS Energy Offtaken, Powerstations Total",0.172355652
2024-04-19,"NTS Energy Offtaken, Industrial Offtake Total",0.04231528
2024-04-19,"NTS Energy Offtaken, LDZ Offtake Total",1.306256573
2024-04-19,"NTS Energy Offtaken, Powerstations Total",0.133612198
2024-04-18,"NTS Energy Offtaken, Industrial Offtake Total",0.042220212
2024-04-18,"NTS Energy Offtaken, LDZ Offtake Total",1.463104573
2024-04-18,"NTS Energy Offtaken, Powerstations Total",0.219634573
2024-04-17,"NTS Energy Offtaken, Industrial Offtake Total",0.041928797
2024-04-17,"NTS Energy Offtaken, LDZ Offtake Total",1.476067316
2024-04-17,"NTS Energy Offtaken, Powerstations Total",0.345433669
2024-04-16,"NTS Energy Offtaken, Industrial Offtake Total",0.036769407
2024-04-16,"NTS Energy Offtaken, LDZ Offtake Total",1.376877756
2024-04-16,"NTS Energy Offtaken, Powerstations Total",0.156903669
2024-04-15,"NTS Energy Offtaken, Industrial Offtake Total",0.029810213
2024-04-15,"NTS Energy Offtaken, LDZ Offtake Total",1.387521424
2024-04-15,"NTS Energy Offtaken, Powerstations Total",0.104559011
2024-04-14,"NTS Energy Offtaken, Industrial Offtake Total",0.036207241
2024-04-14,"NTS Energy Offtaken, LDZ Offtake Total",1.089043569
2024-04-14,"NTS Energy Offtaken, Powerstations Total",0.149376424
2024-04-13,"NTS Energy Offtaken, Industrial Offtake Total",0.039390864
2024-04-13,"NTS Energy Offtaken, LDZ Offtake Total",0.917095159
2024-04-13,"NTS Energy Offtaken, Powerstations Total",0.130075114
2024-04-12,"NTS Energy Offtaken, Industrial Offtake Total",0.039951236
2024-04-12,"NTS Energy Offtaken, LDZ Offtake Total",0.931511836
2024-04-12,"NTS Energy Offtaken, Powerstations Total",0.118706169
2024-04-11,"NTS Energy Offtaken, Industrial Offtake Total",0.039001249
2024-04-11,"NTS Energy Offtaken, LDZ Offtake Total",1.037104179
2024-04-11,"NTS Energy Offtaken, Powerstations Total",0.175610027
2024-04-10,"NTS Energy Offtaken, Industrial Offtake Total",0.03990715
2024-04-10,"NTS Energy Offtaken, LDZ Offtake Total",1.471087481
2024-04-10,"NTS Energy Offtaken, Powerstations Total",0.175203754
2024-04-09,"NTS Energy Offtaken, Industrial Offtake Total",0.040254646
2024-04-09,"NTS Energy Offtaken, LDZ Offtake Total",1.421768533
2024-04-09,"NTS Energy Offtaken, Powerstations Total",0.112296415
2024-04-08,"NTS Energy Offtaken, Industrial Offtake Total",0.041443976
2024-04-08,"NTS Energy Offtaken, LDZ Offtake Total",1.185972539
2024-04-08,"NTS Energy Offtaken, Powerstations Total",0.351650157
2024-04-07,"NTS Energy Offtaken, Industrial Offtake Total",0.032553395
2024-04-07,"NTS Energy Offtaken, LDZ Offtake Total",1.051910892
2024-04-07,"NTS Energy Offtaken, Powerstations Total",0.13640454
2024-04-06,"NTS Energy Offtaken, Industrial Offtake Total",0.031918953
2024-04-06,"NTS Energy Offtaken, LDZ Offtake Total",0.938745336
2024-04-06,"NTS Energy Offtaken, Powerstations Total",0.122707425
2024-04-05,"NTS Energy Offtaken, Industrial Offtake Total",0.038246508
2024-04-05,"NTS Energy Offtaken, LDZ Offtake Total",1.139287263
2024-04-05,"NTS Energy Offtaken, Powerstations Total",0.101044707
2024-04-04,"NTS Energy Offtaken, Industrial Offtake Total",0.058559415
2024-04-04,"NTS Energy Offtaken, LDZ Offtake Total",1.362459031
2024-04-04,"NTS Energy Offtaken, Powerstations Total",0.348605826
2024-04-03,"NTS Energy Offtaken, Industrial Offtake Total",0.052013932
2024-04-03,"NTS Energy Offtaken, LDZ Offtake Total",1.386886006
2024-04-03,"NTS Energy Offtaken, Powerstations Total",0.224553346
2024-04-02,"NTS Energy Offtaken, Industrial Offtake Total",0.05385559
2024-04-02,"NTS Energy Offtaken, LDZ Offtake Total",1.390804467
2024-04-02,"NTS Energy Offtaken, Powerstations Total",0.403501281
2024-04-01,"NTS Energy Offtaken, Industrial Offtake Total",0.05089567
2024-04-01,"NTS Energy Offtaken, LDZ Offtake Total",1.381516576
2024-04-01,"NTS Energy Offtaken, Powerstations Total",0.224632582
2024-03-31,"NTS Energy Offtaken, Industrial Offtake Total",0.046369323
2024-03-31,"NTS Energy Offtaken, LDZ Offtake Total",1.297908317
2024-03-31,"NTS Energy Offtaken, Powerstations Total",0.207574301
2024-03-30,"NTS Energy Offtaken, Industrial Offtake Total",0.045125338
2024-03-30,"NTS Energy Offtaken, LDZ Offtake Total",1.188515874
2024-03-30,"NTS Energy Offtaken, Powerstations Total",0.331719263
2024-03-29,"NTS Energy Offtaken, Industrial Offtake Total",0.046134125
2024-03-29,"NTS Energy Offtaken, LDZ Offtake Total",1.463772986
2024-03-29,"NTS Energy Offtaken, Powerstations Total",0.23050872
2024-03-28,"NTS Energy Offtaken, Industrial Offtake Total",0.045616281
2024-03-28,"NTS Energy Offtaken, LDZ Offtake Total",1.748979874
2024-03-28,"NTS Energy Offtaken, Powerstations Total",0.17926431
2024-03-27,"NTS Energy Offtaken, Industrial Offtake Total",0.044309662
2024-03-27,"NTS Energy Offtaken, LDZ Offtake Total",1.689081259
2024-03-27,"NTS Energy Offtaken, Powerstations Total",0.234124821
2024-03-26,"NTS Energy Offtaken, Industrial Offtake Total",0.04431944
2024-03-26,"NTS Energy Offtaken, LDZ Offtake Total",1.550238374
2024-03-26,"NTS Energy Offtaken, Powerstations Total",0.432888499
2024-03-25,"NTS Energy Offtaken, Industrial Offtake Total",0.046267169
2024-03-25,"NTS Energy Offtaken, LDZ Offtake Total",1.697478584
2024-03-25,"NTS Energy Offtaken, Powerstations Total",0.436865386
2024-03-24,"NTS Energy Offtaken, Industrial Offtake Total",0.04256702
2024-03-24,"NTS Energy Offtaken, LDZ Offtake Total",1.502003793
2024-03-24,"NTS Energy Offtaken, Powerstations Total",0.312091314
2024-03-23,"NTS Energy Offtaken, Industrial Offtake Total",0.036829568
2024-03-23,"NTS Energy Offtaken, LDZ Offtake Total",1.615472494
2024-03-23,"NTS Energy Offtaken, Powerstations Total",0.13403715
2024-03-22,"NTS Energy Offtaken, Industrial Offtake Total",0.043054152
2024-03-22,"NTS Energy Offtaken, LDZ Offtake Total",1.485868356
2024-03-22,"NTS Energy Offtaken, Powerstations Total",0.191571634
2024-03-21,"NTS Energy Offtaken, Industrial Offtake Total",0.053252704
2024-03-21,"NTS Energy Offtaken, LDZ Offtake Total",1.414370196
2024-03-21,"NTS Energy Offtaken, Powerstations Total",0.275498755
2024-03-20,"NTS Energy Offtaken, Industrial Offtake Total",0.066937616
2024-03-20,"NTS Energy Offtaken, LDZ Offtake Total",1.330200336
2024-03-20,"NTS Energy Offtaken, Powerstations Total",0.607374742
2024-03-19,"NTS Energy Offtaken, Industrial Offtake Total",0.068184494
2024-03-19,"NTS Energy Offtaken, LDZ Offtake Total",1.312344427
2024-03-19,"NTS Energy Offtaken, Powerstations Total",0.48010505
2024-03-18,"NTS Energy Offtaken, Industrial Offtake Total",0.066630658
2024-03-18,"NTS Energy Offtaken, LDZ Offtake Total",1.337427617
2024-03-18,"NTS Energy Offtaken, Powerstations Total",0.339383837
2024-03-17,"NTS Energy Offtaken, Industrial Offtake Total",0.062211141
2024-03-17,"NTS Energy Offtaken, LDZ Offtake Total",1.310191197
2024-03-17,"NTS Energy Offtaken, Powerstations Total",0.246172538
2024-03-16,"NTS Energy Offtaken, Industrial Offtake Total",0.065443795
2024-03-16,"NTS Energy Offtaken, LDZ Offtake Total",1.4592801
2024-03-16,"NTS Energy Offtaken, Powerstations Total",0.301391374
2024-03-15,"NTS Energy Offtaken, Industrial Offtake Total",0.061677883
2024-03-15,"NTS Energy Offtaken, LDZ Offtake Total",1.4182161
2024-03-15,"NTS Energy Offtaken, Powerstations Total",0.220010818
2024-03-14,"NTS Energy Offtaken, Industrial Offtake Total",0.062695468
2024-03-14,"NTS Energy Offtaken, LDZ Offtake Total",1.475277542
2024-03-14,"NTS Energy Offtaken, Powerstations Total",0.263333213
2024-03-13,"NTS Energy Offtaken, Industrial Offtake Total",0.062368509
2024-03-13,"NTS Energy Offtaken, LDZ Offtake Total",1.518675794
2024-03-13,"NTS Energy Offtaken, Powerstations Total",0.273294652
2024-03-12,"NTS Energy Offtaken, Industrial Offtake Total",0.06485796
2024-03-12,"NTS Energy Offtaken, LDZ Offtake Total",1.714959983
2024-03-12,"NTS Energy Offtaken, Powerstations Total",0.494125016
2024-03-11,"NTS Energy Offtaken, Industrial Offtake Total",0.067024035
2024-03-11,"NTS Energy Offtaken, LDZ Offtake Total",1.909140433
2024-03-11,"NTS Energy Offtaken, Powerstations Total",0.666944372
2024-03-10,"NTS Energy Offtaken, Industrial Offtake Total",0.062080078
2024-03-10,"NTS Energy Offtaken, LDZ Offtake Total",1.748901218
2024-03-10,"NTS Energy Offtaken, Powerstations Total",0.252770206
2024-03-09,"NTS Energy Offtaken, Industrial Offtake Total",0.059748324
2024-03-09,"NTS Energy Offtaken, LDZ Offtake Total",1.710753041
2024-03-09,"NTS Energy Offtaken, Powerstations Total",0.169188412
2024-03-08,"NTS Energy Offtaken, Industrial Offtake Total",0.062667305
2024-03-08,"NTS Energy Offtaken, LDZ Offtake Total",1.925512608
2024-03-08,"NTS Energy Offtaken, Powerstations Total",0.214112515
2024-03-07,"NTS Energy Offtaken, Industrial Offtake Total",0.060699374
2024-03-07,"NTS Energy Offtaken, LDZ Offtake Total",1.93764098
2024-03-07,"NTS Energy Offtaken, Powerstations Total",0.358963177
2024-03-06,"NTS Energy Offtaken, Industrial Offtake Total",0.063729986
2024-03-06,"NTS Energy Offtaken, LDZ Offtake Total",1.860908443
2024-03-06,"NTS Energy Offtaken, Powerstations Total",0.63384393
2024-03-05,"NTS Energy Offtaken, Industrial Offtake Total",0.064174893
2024-03-05,"NTS Energy Offtaken, LDZ Offtake Total",1.838991116
2024-03-05,"NTS Energy Offtaken, Powerstations Total",0.64262161
2024-03-04,"NTS Energy Offtaken, Industrial Offtake Total",0.065643056
2024-03-04,"NTS Energy Offtaken, LDZ Offtake Total",1.995913001
2024-03-04,"NTS Energy Offtaken, Powerstations Total",0.497967795
2024-03-03,"NTS Energy Offtaken, Industrial Offtake Total",0.067866346
2024-03-03,"NTS Energy Offtaken, LDZ Offtake Total",1.94856094
2024-03-03,"NTS Energy Offtaken, Powerstations Total",0.534853538
2024-03-02,"NTS Energy Offtaken, Industrial Offtake Total",0.064577051
2024-03-02,"NTS Energy Offtaken, LDZ Offtake Total",2.021434611
2024-03-02,"NTS Energy Offtaken, Powerstations Total",0.36589335
2024-03-01,"NTS Energy Offtaken, Industrial Offtake Total",0.066419015
2024-03-01,"NTS Energy Offtaken, LDZ Offtake Total",2.119038027
2024-03-01,"NTS Energy Offtaken, Powerstations Total",0.399898269
2024-02-29,"NTS Energy Offtaken, Industrial Offtake Total",0.065416885
2024-02-29,"NTS Energy Offtaken, LDZ Offtake Total",1.804825757
2024-02-29,"NTS Energy Offtaken, Powerstations Total",0.475444481
2024-02-28,"NTS Energy Offtaken, Industrial Offtake Total",0.064093529
2024-02-28,"NTS Energy Offtaken, LDZ Offtake Total",1.881909181
2024-02-28,"NTS Energy Offtaken, Powerstations Total",0.484066765
2024-02-27,"NTS Energy Offtaken, Industrial Offtake Total",0.064706458
2024-02-27,"NTS Energy Offtaken, LDZ Offtake Total",2.118098729
2024-02-27,"NTS Energy Offtaken, Powerstations Total",0.661884875
2024-02-26,"NTS Energy Offtaken, Industrial Offtake Total",0.064832886
2024-02-26,"NTS Energy Offtaken, LDZ Offtake Total",2.143403459
2024-02-26,"NTS Energy Offtaken, Powerstations Total",0.543890749
2024-02-25,"NTS Energy Offtaken, Industrial Offtake Total",0.062388123
2024-02-25,"NTS Energy Offtaken, LDZ Offtake Total",2.026859939
2024-02-25,"NTS Energy Offtaken, Powerstations Total",0.424881486
2024-02-24,"NTS Energy Offtaken, Industrial Offtake Total",0.066490595
2024-02-24,"NTS Energy Offtaken, LDZ Offtake Total",1.951028125
2024-02-24,"NTS Energy Offtaken, Powerstations Total",0.59946435
2024-02-23,"NTS Energy Offtaken, Industrial Offtake Total",0.066827579
2024-02-23,"NTS Energy Offtaken, LDZ Offtake Total",2.001290418
2024-02-23,"NTS Energy Offtaken, Powerstations Total",0.461399858
2024-02-22,"NTS Energy Offtaken, Industrial Offtake Total",0.06175702
2024-02-22,"NTS Energy Offtaken, LDZ Offtake Total",1.911640742
2024-02-22,"NTS Energy Offtaken, Powerstations Total",0.295802262
2024-02-21,"NTS Energy Offtaken, Industrial Offtake Total",0.063631892
2024-02-21,"NTS Energy Offtaken, LDZ Offtake Total",1.68952789
2024-02-21,"NTS Energy Offtaken, Powerstations Total",0.191128835
2024-02-20,"NTS Energy Offtaken, Industrial Offtake Total",0.062927406
2024-02-20,"NTS Energy Offtaken, LDZ Offtake Total",1.653871797
2024-02-20,"NTS Energy Offtaken, Powerstations Total",0.27171152
2024-02-19,"NTS Energy Offtaken, Industrial Offtake Total",0.067239588
2024-02-19,"NTS Energy Offtaken, LDZ Offtake Total",1.556426164
2024-02-19,"NTS Energy Offtaken, Powerstations Total",0.310515645
2024-02-18,"NTS Energy Offtaken, Industrial Offtake Total",0.065146681
2024-02-18,"NTS Energy Offtaken, LDZ Offtake Total",1.313347931
2024-02-18,"NTS Energy Offtaken, Powerstations Total",0.246584604
2024-02-17,"NTS Energy Offtaken, Industrial Offtake Total",0.068392337
2024-02-17,"NTS Energy Offtaken, LDZ Offtake Total",1.394866332
2024-02-17,"NTS Energy Offtaken, Powerstations Total",0.289684344
2024-02-16,"NTS Energy Offtaken, Industrial Offtake Total",0.068344763
2024-02-16,"NTS Energy Offtaken, LDZ Offtake Total",1.415430563
2024-02-16,"NTS Energy Offtaken, Powerstations Total",0.499021665
2024-02-15,"NTS Energy Offtaken, Industrial Offtake Total",0.060614888
2024-02-15,"NTS Energy Offtaken, LDZ Offtake Total",1.350753903
2024-02-15,"NTS Energy Offtaken, Powerstations Total",0.444821879
2024-02-14,"NTS Energy Offtaken, Industrial Offtake Total",0.056544299
2024-02-14,"NTS Energy Offtaken, LDZ Offtake Total",1.612379885
2024-02-14,"NTS Energy Offtaken, Powerstations Total",0.471853874
2024-02-13,"NTS Energy Offtaken, Industrial Offtake Total",0.061225986
2024-02-13,"NTS Energy Offtaken, LDZ Offtake Total",1.929730335
2024-02-13,"NTS Energy Offtaken, Powerstations Total",0.539134964
2024-02-12,"NTS Energy Offtaken, Industrial Offtake Total",0.057823577
2024-02-12,"NTS Energy Offtaken, LDZ Offtake Total",1.927738653
2024-02-12,"NTS Energy Offtaken, Powerstations Total",0.500308068
2024-02-11,"NTS Energy Offtaken, Industrial Offtake Total",0.060758896
2024-02-11,"NTS Energy Offtaken, LDZ Offtake Total",1.73389635
2024-02-11,"NTS Energy Offtaken, Powerstations Total",0.446014052
2024-02-10,"NTS Energy Offtaken, Industrial Offtake Total",0.063986605
2024-02-10,"NTS Energy Offtaken, LDZ Offtake Total",1.657937197
2024-02-10,"NTS Energy Offtaken, Powerstations Total",0.531794657
2024-02-09,"NTS Energy Offtaken, Industrial Offtake Total",0.062747497
2024-02-09,"NTS Energy Offtaken, LDZ Offtake Total",1.871991233
2024-02-09,"NTS Energy Offtaken, Powerstations Total",0.301950154
2024-02-08,"NTS Energy Offtaken, Industrial Offtake Total",0.064060186
2024-02-08,"NTS Energy Offtaken, LDZ Offtake Total",2.194322417
2024-02-08,"NTS Energy Offtaken, Powerstations Total",0.45808622
2024-02-07,"NTS Energy Offtaken, Industrial Offtake Total",0.065091199
2024-02-07,"NTS Energy Offtaken, LDZ Offtake Total",2.050922234
2024-02-07,"NTS Energy Offtaken, Powerstations Total",0.779742421
2024-02-06,"NTS Energy Offtaken, Industrial Offtake Total",0.061646221
2024-02-06,"NTS Energy Offtaken, LDZ Offtake Total",1.735024412
2024-02-06,"NTS Energy Offtaken, Powerstations Total",0.354762732
2024-02-05,"NTS Energy Offtaken, Industrial Offtake Total",0.058358083
2024-02-05,"NTS Energy Offtaken, LDZ Offtake Total",1.69914667
2024-02-05,"NTS Energy Offtaken, Powerstations Total",0.15843511
2024-02-04,"NTS Energy Offtaken, Industrial Offtake Total",0.058069782
2024-02-04,"NTS Energy Offtaken, LDZ Offtake Total",1.550582483
2024-02-04,"NTS Energy Offtaken, Powerstations Total",0.13185597
2024-02-03,"NTS Energy Offtaken, Industrial Offtake Total",0.058346033
2024-02-03,"NTS Energy Offtaken, LDZ Offtake Total",1.495657173
2024-02-03,"NTS Energy Offtaken, Powerstations Total",0.165922447
2024-02-02,"NTS Energy Offtaken, Industrial Offtake Total",0.056691354
2024-02-02,"NTS Energy Offtaken, LDZ Offtake Total",1.737524577
2024-02-02,"NTS Energy Offtaken, Powerstations Total",0.167301575
2024-02-01,"NTS Energy Offtaken, Industrial Offtake Total",0.062032399
2024-02-01,"NTS Energy Offtaken, LDZ Offtake Total",1.973840595
2024-02-01,"NTS Energy Offtaken, Powerstations Total",0.40208208
2024-01-31,"NTS Energy Offtaken, Industrial Offtake Total",0.059686806
2024-01-31,"NTS Energy Offtaken, LDZ Offtake Total",2.088752846
2024-01-31,"NTS Energy Offtaken, Powerstations Total",0.349535528
2024-01-30,"NTS Energy Offtaken, Industrial Offtake Total",0.06298528
2024-01-30,"NTS Energy Offtaken, LDZ Offtake Total",1.91341862
2024-01-30,"NTS Energy Offtaken, Powerstations Total",0.551333208
2024-01-29,"NTS Energy Offtaken, Industrial Offtake Total",0.061378513
2024-01-29,"NTS Energy Offtaken, LDZ Offtake Total",1.753453642
2024-01-29,"NTS Energy Offtaken, Powerstations Total",0.632587358
2024-01-28,"NTS Energy Offtaken, Industrial Offtake Total",0.059358378
2024-01-28,"NTS Energy Offtaken, LDZ Offtake Total",1.821190235
2024-01-28,"NTS Energy Offtaken, Powerstations Total",0.19112251
2024-01-27,"NTS Energy Offtaken, Industrial Offtake Total",0.06007804
2024-01-27,"NTS Energy Offtaken, LDZ Offtake Total",1.946694157
2024-01-27,"NTS Energy Offtaken, Powerstations Total",0.27530092
2024-01-26,"NTS Energy Offtaken, Industrial Offtake Total",0.060512545
2024-01-26,"NTS Energy Offtaken, LDZ Offtake Total",1.853346559
2024-01-26,"NTS Energy Offtaken, Powerstations Total",0.241175961
2024-01-25,"NTS Energy Offtaken, Industrial Offtake Total",0.060644362
2024-01-25,"NTS Energy Offtaken, LDZ Offtake Total",1.812267985
2024-01-25,"NTS Energy Offtaken, Powerstations Total",0.447585858
2024-01-24,"NTS Energy Offtaken, Industrial Offtake Total",0.059653503
2024-01-24,"NTS Energy Offtaken, LDZ Offtake Total",1.815487831
2024-01-24,"NTS Energy Offtaken, Powerstations Total",0.380926111
2024-01-23,"NTS Energy Offtaken, Industrial Offtake Total",0.059826215
2024-01-23,"NTS Energy Offtaken, LDZ Offtake Total",2.009552743
2024-01-23,"NTS Energy Offtaken, Powerstations Total",0.363909012
2024-01-22,"NTS Energy Offtaken, Industrial Offtake Total",0.058094268
2024-01-22,"NTS Energy Offtaken, LDZ Offtake Total",1.974739606
2024-01-22,"NTS Energy Offtaken, Powerstations Total",0.272066189
2024-01-21,"NTS Energy Offtaken, Industrial Offtake Total",0.058023572
2024-01-21,"NTS Energy Offtaken, LDZ Offtake Total",1.983460675
2024-01-21,"NTS Energy Offtaken, Powerstations Total",0.276480939
2024-01-20,"NTS Energy Offtaken, Industrial Offtake Total",0.06032447
2024-01-20,"NTS Energy Offtaken, LDZ Offtake Total",2.38206251
2024-01-20,"NTS Energy Offtaken, Powerstations Total",0.381102222
2024-01-19,"NTS Energy Offtaken, Industrial Offtake Total",0.063330775
2024-01-19,"NTS Energy Offtaken, LDZ Offtake Total",2.719448157
2024-01-19,"NTS Energy Offtaken, Powerstations Total",0.733279651
2024-01-18,"NTS Energy Offtaken, Industrial Offtake Total",0.076943074
2024-01-18,"NTS Energy Offtaken, LDZ Offtake Total",2.94628887
2024-01-18,"NTS Energy Offtaken, Powerstations Total",0.921159044
2024-01-17,"NTS Energy Offtaken, Industrial Offtake Total",0.078716868
2024-01-17,"NTS Energy Offtaken, LDZ Offtake Total",2.79169746
2024-01-17,"NTS Energy Offtaken, Powerstations Total",0.988146242
2024-01-16,"NTS Energy Offtaken, Industrial Offtake Total",0.075298683
2024-01-16,"NTS Energy Offtaken, LDZ Offtake Total",2.733066667
2024-01-16,"NTS Energy Offtaken, Powerstations Total",0.927657777
2024-01-15,"NTS Energy Offtaken, Industrial Offtake Total",0.071084517
2024-01-15,"NTS Energy Offtaken, LDZ Offtake Total",2.66899948
2024-01-15,"NTS Energy Offtaken, Powerstations Total",0.849968279
2024-01-14,"NTS Energy Offtaken, Industrial Offtake Total",0.060772243
2024-01-14,"NTS Energy Offtaken, LDZ Offtake Total",2.252714374
2024-01-14,"NTS Energy Offtaken, Powerstations Total",0.429313527
2024-01-13,"NTS Energy Offtaken, Industrial Offtake Total",0.063023014
2024-01-13,"NTS Energy Offtaken, LDZ Offtake Total",2.196764999
2024-01-13,"NTS Energy Offtaken, Powerstations Total",0.692525752
2024-01-12,"NTS Energy Offtaken, Industrial Offtake Total",0.081891737
2024-01-12,"NTS Energy Offtaken, LDZ Offtake Total",2.357103276
2024-01-12,"NTS Energy Offtaken, Powerstations Total",0.964307918
2024-01-11,"NTS Energy Offtaken, Industrial Offtake Total",0.080730551
2024-01-11,"NTS Energy Offtaken, LDZ Offtake Total",2.482961954
2024-01-11,"NTS Energy Offtaken, Powerstations Total",1.020497191
2024-01-10,"NTS Energy Offtaken, Industrial Offtake Total",0.083254035
2024-01-10,"NTS Energy Offtaken, LDZ Offtake Total",2.597050077
2024-01-10,"NTS Energy Offtaken, Powerstations Total",1.004092833
2024-01-09,"NTS Energy Offtaken, Industrial Offtake Total",0.067223311
2024-01-09,"NTS Energy Offtaken, LDZ Offtake Total",2.623984834
2024-01-09,"NTS Energy Offtaken, Powerstations Total",0.913591907
2024-01-08,"NTS Energy Offtaken, Industrial Offtake Total",0.061889382
2024-01-08,"NTS Energy Offtaken, LDZ Offtake Total",2.609536432
2024-01-08,"NTS Energy Offtaken, Powerstations Total",0.850718267
2024-01-07,"NTS Energy Offtaken, Industrial Offtake Total",0.059501304
2024-01-07,"NTS Energy Offtaken, LDZ Offtake Total",2.259976245
2024-01-07,"NTS Energy Offtaken, Powerstations Total",0.614026367
2024-01-06,"NTS Energy Offtaken, Industrial Offtake Total",0.059448784
2024-01-06,"NTS Energy Offtaken, LDZ Offtake Total",2.031388721
2024-01-06,"NTS Energy Offtaken, Powerstations Total",0.586177574
2024-01-05,"NTS Energy Offtaken, Industrial Offtake Total",0.059737216
2024-01-05,"NTS Energy Offtaken, LDZ Offtake Total",2.003624778
2024-01-05,"NTS Energy Offtaken, Powerstations Total",0.595115998
2024-01-04,"NTS Energy Offtaken, Industrial Offtake Total",0.058418308
2024-01-04,"NTS Energy Offtaken, LDZ Offtake Total",1.926095831
2024-01-04,"NTS Energy Offtaken, Powerstations Total",0.692516947
2024-01-03,"NTS Energy Offtaken, Industrial Offtake Total",0.054137931
2024-01-03,"NTS Energy Offtaken, LDZ Offtake Total",1.784729659
2024-01-03,"NTS Energy Offtaken, Powerstations Total",0.454236789
2024-01-02,"NTS Energy Offtaken, Industrial Offtake Total",0.047760935
2024-01-02,"NTS Energy Offtaken, LDZ Offtake Total",1.694715435
2024-01-02,"NTS Energy Offtaken, Powerstations Total",0.356270509
2024-01-01,"NTS Energy Offtaken, Industrial Offtake Total",0.042324306
2024-01-01,"NTS Energy Offtaken, LDZ Offtake Total",1.715257802
2024-01-01,"NTS Energy Offtaken, Powerstations Total",0.209053315
2023-12-31,"NTS Energy Offtaken, Industrial Offtake Total",0.049424232
2023-12-31,"NTS Energy Offtaken, LDZ Offtake Total",1.731783683
2023-12-31,"NTS Energy Offtaken, Powerstations Total",0.200633717
2023-12-30,"NTS Energy Offtaken, Industrial Offtake Total",0.0392542
2023-12-30,"NTS Energy Offtaken, LDZ Offtake Total",1.73535717
2023-12-30,"NTS Energy Offtaken, Powerstations Total",0.130814745
2023-12-29,"NTS Energy Offtaken, Industrial Offtake Total",0.039170121
2023-12-29,"NTS Energy Offtaken, LDZ Offtake Total",1.77280726
2023-12-29,"NTS Energy Offtaken, Powerstations Total",0.151697644
2023-12-28,"NTS Energy Offtaken, Industrial Offtake Total",0.035032271
2023-12-28,"NTS Energy Offtaken, LDZ Offtake Total",1.663705859
2023-12-28,"NTS Energy Offtaken, Powerstations Total",0.115501663
2023-12-27,"NTS Energy Offtaken, Industrial Offtake Total",0.040023121
2023-12-27,"NTS Energy Offtaken, LDZ Offtake Total",1.681201811
2023-12-27,"NTS Energy Offtaken, Powerstations Total",0.124688473
2023-12-26,"NTS Energy Offtaken, Industrial Offtake Total",0.041967986
2023-12-26,"NTS Energy Offtaken, LDZ Offtake Total",1.624067911
2023-12-26,"NTS Energy Offtaken, Powerstations Total",0.284586788
2023-12-25,"NTS Energy Offtaken, Industrial Offtake Total",0.036638996
2023-12-25,"NTS Energy Offtaken, LDZ Offtake Total",1.321497884
2023-12-25,"NTS Energy Offtaken, Powerstations Total",0.131154155
2023-12-24,"NTS Energy Offtaken, Industrial Offtake Total",0.035399861
2023-12-24,"NTS Energy Offtaken, LDZ Offtake Total",1.305862953
2023-12-24,"NTS Energy Offtaken, Powerstations Total",0.117605554
2023-12-23,"NTS Energy Offtaken, Industrial Offtake Total",0.035413988
2023-12-23,"NTS Energy Offtaken, LDZ Offtake Total",1.47740571
2023-12-23,"NTS Energy Offtaken, Powerstations Total",0.1317128
2023-12-22,"NTS Energy Offtaken, Industrial Offtake Total",0.034881227
2023-12-22,"NTS Energy Offtaken, LDZ Offtake Total",1.636845162
2023-12-22,"NTS Energy Offtaken, Powerstations Total",0.178373976
2023-12-21,"NTS Energy Offtaken, Industrial Offtake Total",0.034740813
2023-12-21,"NTS Energy Offtaken, LDZ Offtake Total",1.688939533
2023-12-21,"NTS Energy Offtaken, Powerstations Total",0.148040217
2023-12-20,"NTS Energy Offtaken, Industrial Offtake Total",0.043172722
2023-12-20,"NTS Energy Offtaken, LDZ Offtake Total",1.810751828
2023-12-20,"NTS Energy Offtaken, Powerstations Total",0.143346803
2023-12-19,"NTS Energy Offtaken, Industrial Offtake Total",0.054998103
2023-12-19,"NTS Energy Offtaken, LDZ Offtake Total",1.710317851
2023-12-19,"NTS Energy Offtaken, Powerstations Total",0.383101993
2023-12-18,"NTS Energy Offtaken, Industrial Offtake Total",0.056534723
2023-12-18,"NTS Energy Offtaken, LDZ Offtake Total",1.568380277
2023-12-18,"NTS Energy Offtaken, Powerstations Total",0.374761888
2023-12-17,"NTS Energy Offtaken, Industrial Offtake Total",0.054133435
2023-12-17,"NTS Energy Offtaken, LDZ Offtake Total",1.590654847
2023-12-17,"NTS Energy Offtaken, Powerstations Total",0.168164645
2023-12-16,"NTS Energy Offtaken, Industrial Offtake Total",0.056689267
2023-12-16,"NTS Energy Offtaken, LDZ Offtake Total",1.615915632
2023-12-16,"NTS Energy Offtaken, Powerstations Total",0.197909628
2023-12-15,"NTS Energy Offtaken, Industrial Offtake Total",0.055301163
2023-12-15,"NTS Energy Offtaken, LDZ Offtake Total",1.924133644
2023-12-15,"NTS Energy Offtaken, Powerstations Total",0.567393414
2023-12-14,"NTS Energy Offtaken, Industrial Offtake Total",0.071346901
2023-12-14,"NTS Energy Offtaken, LDZ Offtake Total",2.100567439
2023-12-14,"NTS Energy Offtaken, Powerstations Total",0.771009162
2023-12-13,"NTS Energy Offtaken, Industrial Offtake Total",0.059610365
2023-12-13,"NTS Energy Offtaken, LDZ Offtake Total",2.039845285
2023-12-13,"NTS Energy Offtaken, Powerstations Total",0.730200332
2023-12-12,"NTS Energy Offtaken, Industrial Offtake Total",0.058363842
2023-12-12,"NTS Energy Offtaken, LDZ Offtake Total",1.832154677
2023-12-12,"NTS Energy Offtaken, Powerstations Total",0.67694787
2023-12-11,"NTS Energy Offtaken, Industrial Offtake Total",0.060732626
2023-12-11,"NTS Energy Offtaken, LDZ Offtake Total",1.836119405
2023-12-11,"NTS Energy Offtaken, Powerstations Total",0.646827451
2023-12-10,"NTS Energy Offtaken, Industrial Offtake Total",0.045021727
2023-12-10,"NTS Energy Offtaken, LDZ Offtake Total",1.755691508
2023-12-10,"NTS Energy Offtaken, Powerstations Total",0.259855255
2023-12-09,"NTS Energy Offtaken, Industrial Offtake Total",0.044513086
2023-12-09,"NTS Energy Offtaken, LDZ Offtake Total",1.750749364
2023-12-09,"NTS Energy Offtaken, Powerstations Total",0.157785777
2023-12-08,"NTS Energy Offtaken, Industrial Offtake Total",0.055778901
2023-12-08,"NTS Energy Offtaken, LDZ Offtake Total",1.918551665
2023-12-08,"NTS Energy Offtaken, Powerstations Total",0.537271552
2023-12-07,"NTS Energy Offtaken, Industrial Offtake Total",0.062601725
2023-12-07,"NTS Energy Offtaken, LDZ Offtake Total",2.236763879
2023-12-07,"NTS Energy Offtaken, Powerstations Total",0.543274261
2023-12-06,"NTS Energy Offtaken, Industrial Offtake Total",0.080477464
2023-12-06,"NTS Energy Offtaken, LDZ Offtake Total",2.4481129
2023-12-06,"NTS Energy Offtaken, Powerstations Total",0.869394041
2023-12-05,"NTS Energy Offtaken, Industrial Offtake Total",0.080312699
2023-12-05,"NTS Energy Offtaken, LDZ Offtake Total",2.233182649
2023-12-05,"NTS Energy Offtaken, Powerstations Total",0.923692388
2023-12-04,"NTS Energy Offtaken, Industrial Offtake Total",0.060148538
2023-12-04,"NTS Energy Offtaken, LDZ Offtake Total",2.257105552
2023-12-04,"NTS Energy Offtaken, Powerstations Total",0.661933233
2023-12-03,"NTS Energy Offtaken, Industrial Offtake Total",0.065884532
2023-12-03,"NTS Energy Offtaken, LDZ Offtake Total",2.334520625
2023-12-03,"NTS Energy Offtaken, Powerstations Total",0.627234272
2023-12-02,"NTS Energy Offtaken, Industrial Offtake Total",0.078496281
2023-12-02,"NTS Energy Offtaken, LDZ Offtake Total",2.677495894
2023-12-02,"NTS Energy Offtaken, Powerstations Total",0.875455323
2023-12-01,"NTS Energy Offtaken, Industrial Offtake Total",0.084752132
2023-12-01,"NTS Energy Offtaken, LDZ Offtake Total",2.716163712
2023-12-01,"NTS Energy Offtaken, Powerstations Total",1.072134365
2023-11-30,"NTS Energy Offtaken, Industrial Offtake Total",0.08154772
2023-11-30,"NTS Energy Offtaken, LDZ Offtake Total",2.62620334
2023-11-30,"NTS Energy Offtaken, Powerstations Total",1.072630701
2023-11-29,"NTS Energy Offtaken, Industrial Offtake Total",0.075945332
2023-11-29,"NTS Energy Offtaken, LDZ Offtake Total",2.395678118
2023-11-29,"NTS Energy Offtaken, Powerstations Total",0.966194683
2023-11-28,"NTS Energy Offtaken, Industrial Offtake Total",0.069478643
2023-11-28,"NTS Energy Offtaken, LDZ Offtake Total",2.135905169
2023-11-28,"NTS Energy Offtaken, Powerstations Total",0.767902941
2023-11-27,"NTS Energy Offtaken, Industrial Offtake Total",0.058230128
2023-11-27,"NTS Energy Offtaken, LDZ Offtake Total",2.000946478
2023-11-27,"NTS Energy Offtaken, Powerstations Total",0.641189491
2023-11-26,"NTS Energy Offtaken, Industrial Offtake Total",0.068027974
2023-11-26,"NTS Energy Offtaken, LDZ Offtake Total",2.080090447
2023-11-26,"NTS Energy Offtaken, Powerstations Total",0.711527887
2023-11-25,"NTS Energy Offtaken, Industrial Offtake Total",0.056122468
2023-11-25,"NTS Energy Offtaken, LDZ Offtake Total",2.092513124
2023-11-25,"NTS Energy Offtaken, Powerstations Total",0.557038036
2023-11-24,"NTS Energy Offtaken, Industrial Offtake Total",0.045830436
2023-11-24,"NTS Energy Offtaken, LDZ Offtake Total",1.849991926
2023-11-24,"NTS Energy Offtaken, Powerstations Total",0.282433331
2023-11-23,"NTS Energy Offtaken, Industrial Offtake Total",0.04308591
2023-11-23,"NTS Energy Offtaken, LDZ Offtake Total",1.511222049
2023-11-23,"NTS Energy Offtaken, Powerstations Total",0.19332249
2023-11-22,"NTS Energy Offtaken, Industrial Offtake Total",0.05123649
2023-11-22,"NTS Energy Offtaken, LDZ Offtake Total",1.68713171
2023-11-22,"NTS Energy Offtaken, Powerstations Total",0.429284857
2023-11-21,"NTS Energy Offtaken, Industrial Offtake Total",0.058700269
2023-11-21,"NTS Energy Offtaken, LDZ Offtake Total",1.645353899
2023-11-21,"NTS Energy Offtaken, Powerstations Total",0.733899145
2023-11-20,"NTS Energy Offtaken, Industrial Offtake Total",0.058486526
2023-11-20,"NTS Energy Offtaken, LDZ Offtake Total",1.525103228
2023-11-20,"NTS Energy Offtaken, Powerstations Total",0.581068003
2023-11-19,"NTS Energy Offtaken, Industrial Offtake Total",0.043708415
2023-11-19,"NTS Energy Offtaken, LDZ Offtake Total",1.351677802
2023-11-19,"NTS Energy Offtaken, Powerstations Total",0.215699859
2023-11-18,"NTS Energy Offtaken, Industrial Offtake Total",0.043375296
2023-11-18,"NTS Energy Offtaken, LDZ Offtake Total",1.379753075
2023-11-18,"NTS Energy Offtaken, Powerstations Total",0.189256598
2023-11-17,"NTS Energy Offtaken, Industrial Offtake Total",0.074646244
2023-11-17,"NTS Energy Offtaken, LDZ Offtake Total",1.743501556
2023-11-17,"NTS Energy Offtaken, Powerstations Total",0.734725384
2023-11-16,"NTS Energy Offtaken, Industrial Offtake Total",0.086405087
2023-11-16,"NTS Energy Offtaken, LDZ Offtake Total",1.842199592
2023-11-16,"NTS Energy Offtaken, Powerstations Total",0.853491519
2023-11-15,"NTS Energy Offtaken, Industrial Offtake Total",0.054924855
2023-11-15,"NTS Energy Offtaken, LDZ Offtake Total",1.647214869
2023-11-15,"NTS Energy Offtaken, Powerstations Total",0.644011775
2023-11-14,"NTS Energy Offtaken, Industrial Offtake Total",0.0545595
2023-11-14,"NTS Energy Offtaken, LDZ Offtake Total",1.556216435
2023-11-14,"NTS Energy Offtaken, Powerstations Total",0.452540969
2023-11-13,"NTS Energy Offtaken, Industrial Offtake Total",0.051346125
2023-11-13,"NTS Energy Offtaken, LDZ Offtake Total",1.538563323
2023-11-13,"NTS Energy Offtaken, Powerstations Total",0.248480555
2023-11-12,"NTS Energy Offtaken, Industrial Offtake Total",0.059581031
2023-11-12,"NTS Energy Offtaken, LDZ Offtake Total",1.75084104
2023-11-12,"NTS Energy Offtaken, Powerstations Total",0.411097788
2023-11-11,"NTS Energy Offtaken, Industrial Offtake Total",0.059711811
2023-11-11,"NTS Energy Offtaken, LDZ Offtake Total",1.703173579
2023-11-11,"NTS Energy Offtaken, Powerstations Total",0.500932523
2023-11-10,"NTS Energy Offtaken, Industrial Offtake Total",0.059436843
2023-11-10,"NTS Energy Offtaken, LDZ Offtake Total",1.766669679
2023-11-10,"NTS Energy Offtaken, Powerstations Total",0.466129936
2023-11-09,"NTS Energy Offtaken, Industrial Offtake Total",0.05644803
2023-11-09,"NTS Energy Offtaken, LDZ Offtake Total",1.696872861
2023-11-09,"NTS Energy Offtaken, Powerstations Total",0.441235504
2023-11-08,"NTS Energy Offtaken, Industrial Offtake Total",0.059956886
2023-11-08,"NTS Energy Offtaken, LDZ Offtake Total",1.626036766
2023-11-08,"NTS Energy Offtaken, Powerstations Total",0.309423257
2023-11-07,"NTS Energy Offtaken, Industrial Offtake Total",0.05788445
2023-11-07,"NTS Energy Offtaken, LDZ Offtake Total",1.561946355
2023-11-07,"NTS Energy Offtaken, Powerstations Total",0.416692353
2023-11-06,"NTS Energy Offtaken, Industrial Offtake Total",0.056618335
2023-11-06,"NTS Energy Offtaken, LDZ Offtake Total",1.530695504
2023-11-06,"NTS Energy Offtaken, Powerstations Total",0.342693519
2023-11-05,"NTS Energy Offtaken, Industrial Offtake Total",0.059473447
2023-11-05,"NTS Energy Offtaken, LDZ Offtake Total",1.375755551
2023-11-05,"NTS Energy Offtaken, Powerstations Total",0.311688411
2023-11-04,"NTS Energy Offtaken, Industrial Offtake Total",0.061448618
2023-11-04,"NTS Energy Offtaken, LDZ Offtake Total",1.448470846
2023-11-04,"NTS Energy Offtaken, Powerstations Total",0.389539438
2023-11-03,"NTS Energy Offtaken, Industrial Offtake Total",0.054256419
2023-11-03,"NTS Energy Offtaken, LDZ Offtake Total",1.428625781
2023-11-03,"NTS Energy Offtaken, Powerstations Total",0.298305781
2023-11-02,"NTS Energy Offtaken, Industrial Offtake Total",0.051852201
2023-11-02,"NTS Energy Offtaken, LDZ Offtake Total",1.476972342
2023-11-02,"NTS Energy Offtaken, Powerstations Total",0.297165462
2023-11-01,"NTS Energy Offtaken, Industrial Offtake Total",0.044596651
2023-11-01,"NTS Energy Offtaken, LDZ Offtake Total",1.31475882
2023-11-01,"NTS Energy Offtaken, Powerstations Total",0.194353899
2023-10-31,"NTS Energy Offtaken, Industrial Offtake Total",0.052941601
2023-10-31,"NTS Energy Offtaken, LDZ Offtake Total",1.372081608
2023-10-31,"NTS Energy Offtaken, Powerstations Total",0.417556666
2023-10-30,"NTS Energy Offtaken, Industrial Offtake Total",0.056825839
2023-10-30,"NTS Energy Offtaken, LDZ Offtake Total",1.330038169
2023-10-30,"NTS Energy Offtaken, Powerstations Total",0.459425155
2023-10-29,"NTS Energy Offtaken, Industrial Offtake Total",0.044588601
2023-10-29,"NTS Energy Offtaken, LDZ Offtake Total",1.171606886
2023-10-29,"NTS Energy Offtaken, Powerstations Total",0.184619767
2023-10-28,"NTS Energy Offtaken, Industrial Offtake Total",0.045852372
2023-10-28,"NTS Energy Offtaken, LDZ Offtake Total",1.165148543
2023-10-28,"NTS Energy Offtaken, Powerstations Total",0.227662359
2023-10-27,"NTS Energy Offtaken, Industrial Offtake Total",0.055221781
2023-10-27,"NTS Energy Offtaken, LDZ Offtake Total",1.263147562
2023-10-27,"NTS Energy Offtaken, Powerstations Total",0.483519543
2023-10-26,"NTS Energy Offtaken, Industrial Offtake Total",0.060589534
2023-10-26,"NTS Energy Offtaken, LDZ Offtake Total",1.235832811
2023-10-26,"NTS Energy Offtaken, Powerstations Total",0.570803295
2023-10-25,"NTS Energy Offtaken, Industrial Offtake Total",0.063026443
2023-10-25,"NTS Energy Offtaken, LDZ Offtake Total",1.288349711
2023-10-25,"NTS Energy Offtaken, Powerstations Total",0.619980205
2023-10-24,"NTS Energy Offtaken, Industrial Offtake Total",0.061941916
2023-10-24,"NTS Energy Offtaken, LDZ Offtake Total",1.232095626
2023-10-24,"NTS Energy Offtaken, Powerstations Total",0.586343349
2023-10-23,"NTS Energy Offtaken, Industrial Offtake Total",0.057595784
2023-10-23,"NTS Energy Offtaken, LDZ Offtake Total",1.293518631
2023-10-23,"NTS Energy Offtaken, Powerstations Total",0.552489898
2023-10-22,"NTS Energy Offtaken, Industrial Offtake Total",0.054496295
2023-10-22,"NTS Energy Offtaken, LDZ Offtake Total",1.161088845
2023-10-22,"NTS Energy Offtaken, Powerstations Total",0.420629155
2023-10-21,"NTS Energy Offtaken, Industrial Offtake Total",0.045083708
2023-10-21,"NTS Energy Offtaken, LDZ Offtake Total",1.049466196
2023-10-21,"NTS Energy Offtaken, Powerstations Total",0.280455045
2023-10-20,"NTS Energy Offtaken, Industrial Offtake Total",0.043841825
2023-10-20,"NTS Energy Offtaken, LDZ Offtake Total",1.041864313
2023-10-20,"NTS Energy Offtaken, Powerstations Total",0.244672319
2023-10-19,"NTS Energy Offtaken, Industrial Offtake Total",0.043578824
2023-10-19,"NTS Energy Offtaken, LDZ Offtake Total",0.965630394
2023-10-19,"NTS Energy Offtaken, Powerstations Total",0.380843696
2023-10-18,"NTS Energy Offtaken, Industrial Offtake Total",0.042567262
2023-10-18,"NTS Energy Offtaken, LDZ Offtake Total",1.175761058
2023-10-18,"NTS Energy Offtaken, Powerstations Total",0.18144455
2023-10-17,"NTS Energy Offtaken, Industrial Offtake Total",0.045442457
2023-10-17,"NTS Energy Offtaken, LDZ Offtake Total",1.259569784
2023-10-17,"NTS Energy Offtaken, Powerstations Total",0.353909599
2023-10-16,"NTS Energy Offtaken, Industrial Offtake Total",0.064553767
2023-10-16,"NTS Energy Offtaken, LDZ Offtake Total",1.45040096
2023-10-16,"NTS Energy Offtaken, Powerstations Total",0.685387224
2023-10-15,"NTS Energy Offtaken, Industrial Offtake Total",0.04388178
2023-10-15,"NTS Energy Offtaken, LDZ Offtake Total",1.202923793
2023-10-15,"NTS Energy Offtaken, Powerstations Total",0.301721692
2023-10-14,"NTS Energy Offtaken, Industrial Offtake Total",0.0418366
2023-10-14,"NTS Energy Offtaken, LDZ Offtake Total",0.999041477
2023-10-14,"NTS Energy Offtaken, Powerstations Total",0.137379848
2023-10-13,"NTS Energy Offtaken, Industrial Offtake Total",0.044571527
2023-10-13,"NTS Energy Offtaken, LDZ Offtake Total",0.85317483
2023-10-13,"NTS Energy Offtaken, Powerstations Total",0.145039944
2023-10-12,"NTS Energy Offtaken, Industrial Offtake Total",0.059357589
2023-10-12,"NTS Energy Offtaken, LDZ Offtake Total",0.845969958
2023-10-12,"NTS Energy Offtaken, Powerstations Total",0.628239551
2023-10-11,"NTS Energy Offtaken, Industrial Offtake Total",0.042561062
2023-10-11,"NTS Energy Offtaken, LDZ Offtake Total",0.748707456
2023-10-11,"NTS Energy Offtaken, Powerstations Total",0.370566395
2023-10-10,"NTS Energy Offtaken, Industrial Offtake Total",0.051021278
2023-10-10,"NTS Energy Offtaken, LDZ Offtake Total",0.657943919
2023-10-10,"NTS Energy Offtaken, Powerstations Total",0.34923648
2023-10-09,"NTS Energy Offtaken, Industrial Offtake Total",0.067008695
2023-10-09,"NTS Energy Offtaken, LDZ Offtake Total",0.647816774
2023-10-09,"NTS Energy Offtaken, Powerstations Total",0.650909169
2023-10-08,"NTS Energy Offtaken, Industrial Offtake Total",0.052153659
2023-10-08,"NTS Energy Offtaken, LDZ Offtake Total",0.629339928
2023-10-08,"NTS Energy Offtaken, Powerstations Total",0.376570668
2023-10-07,"NTS Energy Offtaken, Industrial Offtake Total",0.04802333
2023-10-07,"NTS Energy Offtaken, LDZ Offtake Total",0.609129741
2023-10-07,"NTS Energy Offtaken, Powerstations Total",0.225741476
2023-10-06,"NTS Energy Offtaken, Industrial Offtake Total",0.047482388
2023-10-06,"NTS Energy Offtaken, LDZ Offtake Total",0.661354314
2023-10-06,"NTS Energy Offtaken, Powerstations Total",0.215245542
2023-10-05,"NTS Energy Offtaken, Industrial Offtake Total",0.053185184
2023-10-05,"NTS Energy Offtaken, LDZ Offtake Total",0.76207958
2023-10-05,"NTS Energy Offtaken, Powerstations Total",0.404059224
2023-10-04,"NTS Energy Offtaken, Industrial Offtake Total",0.058990553
2023-10-04,"NTS Energy Offtaken, LDZ Offtake Total",0.789409146
2023-10-04,"NTS Energy Offtaken, Powerstations Total",0.263514986
2023-10-03,"NTS Energy Offtaken, Industrial Offtake Total",0.05601777
2023-10-03,"NTS Energy Offtaken, LDZ Offtake Total",0.753561175
2023-10-03,"NTS Energy Offtaken, Powerstations Total",0.177010446
2023-10-02,"NTS Energy Offtaken, Industrial Offtake Total",0.06361516
2023-10-02,"NTS Energy Offtaken, LDZ Offtake Total",0.697469188
2023-10-02,"NTS Energy Offtaken, Powerstations Total",0.556562131
2023-10-01,"NTS Energy Offtaken, Industrial Offtake Total",0.057981877
2023-10-01,"NTS Energy Offtaken, LDZ Offtake Total",0.617456093
2023-10-01,"NTS Energy Offtaken, Powerstations Total",0.338838232
2023-09-30,"NTS Energy Offtaken, Industrial Offtake Total",0.058565689
2023-09-30,"NTS Energy Offtaken, LDZ Offtake Total",0.678478964
2023-09-30,"NTS Energy Offtaken, Powerstations Total",0.354993054
2023-09-29,"NTS Energy Offtaken, Industrial Offtake Total",0.046898596
2023-09-29,"NTS Energy Offtaken, LDZ Offtake Total",0.674686476
2023-09-29,"NTS Energy Offtaken, Powerstations Total",0.298630366
2023-09-28,"NTS Energy Offtaken, Industrial Offtake Total",0.060291353
2023-09-28,"NTS Energy Offtaken, LDZ Offtake Total",0.72036255
2023-09-28,"NTS Energy Offtaken, Powerstations Total",0.313936194
2023-09-27,"NTS Energy Offtaken, Industrial Offtake Total",0.053115013
2023-09-27,"NTS Energy Offtaken, LDZ Offtake Total",0.722693573
2023-09-27,"NTS Energy Offtaken, Powerstations Total",0.324540572
2023-09-26,"NTS Energy Offtaken, Industrial Offtake Total",0.059658884
2023-09-26,"NTS Energy Offtaken, LDZ Offtake Total",0.662242546
2023-09-26,"NTS Energy Offtaken, Powerstations Total",0.37672882
2023-09-25,"NTS Energy Offtaken, Industrial Offtake Total",0.05192948
2023-09-25,"NTS Energy Offtaken, LDZ Offtake Total",0.63081092
2023-09-25,"NTS Energy Offtaken, Powerstations Total",0.324748506
2023-09-24,"NTS Energy Offtaken, Industrial Offtake Total",0.038838796
2023-09-24,"NTS Energy Offtaken, LDZ Offtake Total",0.644759329
2023-09-24,"NTS Energy Offtaken, Powerstations Total",0.1562894
2023-09-23,"NTS Energy Offtaken, Industrial Offtake Total",0.054724789
2023-09-23,"NTS Energy Offtaken, LDZ Offtake Total",0.683662051
2023-09-23,"NTS Energy Offtaken, Powerstations Total",0.286956765
2023-09-22,"NTS Energy Offtaken, Industrial Offtake Total",0.057155018
2023-09-22,"NTS Energy Offtaken, LDZ Offtake Total",0.739037925
2023-09-22,"NTS Energy Offtaken, Powerstations Total",0.335726538
2023-09-21,"NTS Energy Offtaken, Industrial Offtake Total",0.057229713
2023-09-21,"NTS Energy Offtaken, LDZ Offtake Total",0.712271845
2023-09-21,"NTS Energy Offtaken, Powerstations Total",0.442161202
2023-09-20,"NTS Energy Offtaken, Industrial Offtake Total",0.04049712
2023-09-20,"NTS Energy Offtaken, LDZ Offtake Total",0.659858898
2023-09-20,"NTS Energy Offtaken, Powerstations Total",0.193870212
2023-09-19,"NTS Energy Offtaken, Industrial Offtake Total",0.040375345
2023-09-19,"NTS Energy Offtaken, LDZ Offtake Total",0.650907214
2023-09-19,"NTS Energy Offtaken, Powerstations Total",0.170253072
2023-09-18,"NTS Energy Offtaken, Industrial Offtake Total",0.040769812
2023-09-18,"NTS Energy Offtaken, LDZ Offtake Total",0.605275104
2023-09-18,"NTS Energy Offtaken, Powerstations Total",0.173381789
2023-09-17,"NTS Energy Offtaken, Industrial Offtake Total",0.042755671
2023-09-17,"NTS Energy Offtaken, LDZ Offtake Total",0.583139926
2023-09-17,"NTS Energy Offtaken, Powerstations Total",0.291530616
2023-09-16,"NTS Energy Offtaken, Industrial Offtake Total",0.055153377
2023-09-16,"NTS Energy Offtaken, LDZ Offtake Total",0.543596335
2023-09-16,"NTS Energy Offtaken, Powerstations Total",0.331014198
2023-09-15,"NTS Energy Offtaken, Industrial Offtake Total",0.061322643
2023-09-15,"NTS Energy Offtaken, LDZ Offtake Total",0.588626949
2023-09-15,"NTS Energy Offtaken, Powerstations Total",0.511087262
2023-09-14,"NTS Energy Offtaken, Industrial Offtake Total",0.06692587
2023-09-14,"NTS Energy Offtaken, LDZ Offtake Total",0.592447888
2023-09-14,"NTS Energy Offtaken, Powerstations Total",0.55339408
2023-09-13,"NTS Energy Offtaken, Industrial Offtake Total",0.056046717
2023-09-13,"NTS Energy Offtaken, LDZ Offtake Total",0.601117095
2023-09-13,"NTS Energy Offtaken, Powerstations Total",0.516276732
2023-09-12,"NTS Energy Offtaken, Industrial Offtake Total",0.072781222
2023-09-12,"NTS Energy Offtaken, LDZ Offtake Total",0.582178308
2023-09-12,"NTS Energy Offtaken, Powerstations Total",0.692305615
2023-09-11,"NTS Energy Offtaken, Industrial Offtake Total",0.068772744
2023-09-11,"NTS Energy Offtaken, LDZ Offtake Total",0.528308032
2023-09-11,"NTS Energy Offtaken, Powerstations Total",0.691940898
2023-09-10,"NTS Energy Offtaken, Industrial Offtake Total",0.05530425
2023-09-10,"NTS Energy Offtaken, LDZ Offtake Total",0.460340829
2023-09-10,"NTS Energy Offtaken, Powerstations Total",0.560422234
2023-09-09,"NTS Energy Offtaken, Industrial Offtake Total",0.061369004
2023-09-09,"NTS Energy Offtaken, LDZ Offtake Total",0.443045413
2023-09-09,"NTS Energy Offtaken, Powerstations Total",0.544570351
2023-09-08,"NTS Energy Offtaken, Industrial Offtake Total",0.074878748
2023-09-08,"NTS Energy Offtaken, LDZ Offtake Total",0.48843296
2023-09-08,"NTS Energy Offtaken, Powerstations Total",0.725599515
2023-09-07,"NTS Energy Offtaken, Industrial Offtake Total",0.069680954
2023-09-07,"NTS Energy Offtaken, LDZ Offtake Total",0.500916745
2023-09-07,"NTS Energy Offtaken, Powerstations Total",0.712344488
2023-09-06,"NTS Energy Offtaken, Industrial Offtake Total",0.064500711
2023-09-06,"NTS Energy Offtaken, LDZ Offtake Total",0.503384656
2023-09-06,"NTS Energy Offtaken, Powerstations Total",0.723348368
2023-09-05,"NTS Energy Offtaken, Industrial Offtake Total",0.06019717
2023-09-05,"NTS Energy Offtaken, LDZ Offtake Total",0.512721297
2023-09-05,"NTS Energy Offtaken, Powerstations Total",0.65614452
2023-09-04,"NTS Energy Offtaken, Industrial Offtake Total",0.060636903
2023-09-04,"NTS Energy Offtaken, LDZ Offtake Total",0.508930435
2023-09-04,"NTS Energy Offtaken, Powerstations Total",0.531345563
2023-09-03,"NTS Energy Offtaken, Industrial Offtake Total",0.044294421
2023-09-03,"NTS Energy Offtaken, LDZ Offtake Total",0.494901794
2023-09-03,"NTS Energy Offtaken, Powerstations Total",0.305975006
2023-09-02,"NTS Energy Offtaken, Industrial Offtake Total",0.054830233
2023-09-02,"NTS Energy Offtaken, LDZ Offtake Total",0.49549204
2023-09-02,"NTS Energy Offtaken, Powerstations Total",0.450602008
2023-09-01,"NTS Energy Offtaken, Industrial Offtake Total",0.058527768
2023-09-01,"NTS Energy Offtaken, LDZ Offtake Total",0.573469487
2023-09-01,"NTS Energy Offtaken, Powerstations Total",0.684784325
2023-08-31,"NTS Energy Offtaken, Industrial Offtake Total",0.059267689
2023-08-31,"NTS Energy Offtaken, LDZ Offtake Total",0.617735493
2023-08-31,"NTS Energy Offtaken, Powerstations Total",0.663184205
2023-08-30,"NTS Energy Offtaken, Industrial Offtake Total",0.058160013
2023-08-30,"NTS Energy Offtaken, LDZ Offtake Total",0.608100648
2023-08-30,"NTS Energy Offtaken, Powerstations Total",0.581865513
2023-08-29,"NTS Energy Offtaken, Industrial Offtake Total",0.059273009
2023-08-29,"NTS Energy Offtaken, LDZ Offtake Total",0.603334722
2023-08-29,"NTS Energy Offtaken, Powerstations Total",0.547231328
2023-08-28,"NTS Energy Offtaken, Industrial Offtake Total",0.060579485
2023-08-28,"NTS Energy Offtaken, LDZ Offtake Total",0.54561748
2023-08-28,"NTS Energy Offtaken, Powerstations Total",0.532285784
2023-08-27,"NTS Energy Offtaken, Industrial Offtake Total",0.051107813
2023-08-27,"NTS Energy Offtaken, LDZ Offtake Total",0.510647315
2023-08-27,"NTS Energy Offtaken, Powerstations Total",0.318607957
2023-08-26,"NTS Energy Offtaken, Industrial Offtake Total",0.045392806
2023-08-26,"NTS Energy Offtaken, LDZ Offtake Total",0.504674013
2023-08-26,"NTS Energy Offtaken, Powerstations Total",0.419890111
2023-08-25,"NTS Energy Offtaken, Industrial Offtake Total",0.058310896
2023-08-25,"NTS Energy Offtaken, LDZ Offtake Total",0.554636103
2023-08-25,"NTS Energy Offtaken, Powerstations Total",0.644202305
2023-08-24,"NTS Energy Offtaken, Industrial Offtake Total",0.060138766
2023-08-24,"NTS Energy Offtaken, LDZ Offtake Total",0.544447973
2023-08-24,"NTS Energy Offtaken, Powerstations Total",0.718438779
2023-08-23,"NTS Energy Offtaken, Industrial Offtake Total",0.058294507
2023-08-23,"NTS Energy Offtaken, LDZ Offtake Total",0.557797428
2023-08-23,"NTS Energy Offtaken, Powerstations Total",0.720651484
2023-08-22,"NTS Energy Offtaken, Industrial Offtake Total",0.051100616
2023-08-22,"NTS Energy Offtaken, LDZ Offtake Total",0.530207728
2023-08-22,"NTS Energy Offtaken, Powerstations Total",0.611238413
2023-08-21,"NTS Energy Offtaken, Industrial Offtake Total",0.043006369
2023-08-21,"NTS Energy Offtaken, LDZ Offtake Total",0.530746185
2023-08-21,"NTS Energy Offtaken, Powerstations Total",0.476033372
2023-08-20,"NTS Energy Offtaken, Industrial Offtake Total",0.044083978
2023-08-20,"NTS Energy Offtaken, LDZ Offtake Total",0.472004538
2023-08-20,"NTS Energy Offtaken, Powerstations Total",0.356166612
2023-08-19,"NTS Energy Offtaken, Industrial Offtake Total",0.040464714
2023-08-19,"NTS Energy Offtaken, LDZ Offtake Total",0.468269852
2023-08-19,"NTS Energy Offtaken, Powerstations Total",0.255050039
2023-08-18,"NTS Energy Offtaken, Industrial Offtake Total",0.043694044
2023-08-18,"NTS Energy Offtaken, LDZ Offtake Total",0.52158849
2023-08-18,"NTS Energy Offtaken, Powerstations Total",0.42911818
2023-08-17,"NTS Energy Offtaken, Industrial Offtake Total",0.043783613
2023-08-17,"NTS Energy Offtaken, LDZ Offtake Total",0.519806575
2023-08-17,"NTS Energy Offtaken, Powerstations Total",0.491833815
2023-08-16,"NTS Energy Offtaken, Industrial Offtake Total",0.059757855
2023-08-16,"NTS Energy Offtaken, LDZ Offtake Total",0.528081183
2023-08-16,"NTS Energy Offtaken, Powerstations Total",0.655607813
2023-08-15,"NTS Energy Offtaken, Industrial Offtake Total",0.062388765
2023-08-15,"NTS Energy Offtaken, LDZ Offtake Total",0.546391571
2023-08-15,"NTS Energy Offtaken, Powerstations Total",0.624062153
2023-08-14,"NTS Energy Offtaken, Industrial Offtake Total",0.049960603
2023-08-14,"NTS Energy Offtaken, LDZ Offtake Total",0.538970176
2023-08-14,"NTS Energy Offtaken, Powerstations Total",0.511230743
2023-08-13,"NTS Energy Offtaken, Industrial Offtake Total",0.043334128
2023-08-13,"NTS Energy Offtaken, LDZ Offtake Total",0.471084382
2023-08-13,"NTS Energy Offtaken, Powerstations Total",0.338261177
2023-08-12,"NTS Energy Offtaken, Industrial Offtake Total",0.041566366
2023-08-12,"NTS Energy Offtaken, LDZ Offtake Total",0.452887079
2023-08-12,"NTS Energy Offtaken, Powerstations Total",0.2328976
2023-08-11,"NTS Energy Offtaken, Industrial Offtake Total",0.044140742
2023-08-11,"NTS Energy Offtaken, LDZ Offtake Total",0.493752433
2023-08-11,"NTS Energy Offtaken, Powerstations Total",0.293720878
2023-08-10,"NTS Energy Offtaken, Industrial Offtake Total",0.0423383
2023-08-10,"NTS Energy Offtaken, LDZ Offtake Total",0.505381236
2023-08-10,"NTS Energy Offtaken, Powerstations Total",0.552106089
2023-08-09,"NTS Energy Offtaken, Industrial Offtake Total",0.042852204
2023-08-09,"NTS Energy Offtaken, LDZ Offtake Total",0.545944659
2023-08-09,"NTS Energy Offtaken, Powerstations Total",0.608825063
2023-08-08,"NTS Energy Offtaken, Industrial Offtake Total",0.04356859
2023-08-08,"NTS Energy Offtaken, LDZ Offtake Total",0.574046469
2023-08-08,"NTS Energy Offtaken, Powerstations Total",0.450455939
2023-08-07,"NTS Energy Offtaken, Industrial Offtake Total",0.04605045
2023-08-07,"NTS Energy Offtaken, LDZ Offtake Total",0.556791865
2023-08-07,"NTS Energy Offtaken, Powerstations Total",0.370646069
2023-08-06,"NTS Energy Offtaken, Industrial Offtake Total",0.047550253
2023-08-06,"NTS Energy Offtaken, LDZ Offtake Total",0.536297956
2023-08-06,"NTS Energy Offtaken, Powerstations Total",0.234241513
2023-08-05,"NTS Energy Offtaken, Industrial Offtake Total",0.043403138
2023-08-05,"NTS Energy Offtaken, LDZ Offtake Total",0.560356328
2023-08-05,"NTS Energy Offtaken, Powerstations Total",0.38688175
2023-08-04,"NTS Energy Offtaken, Industrial Offtake Total",0.05864616
2023-08-04,"NTS Energy Offtaken, LDZ Offtake Total",0.551551242
2023-08-04,"NTS Energy Offtaken, Powerstations Total",0.53838874
2023-08-03,"NTS Energy Offtaken, Industrial Offtake Total",0.042793027
2023-08-03,"NTS Energy Offtaken, LDZ Offtake Total",0.555837029
2023-08-03,"NTS Energy Offtaken, Powerstations Total",0.333668603
2023-08-02,"NTS Energy Offtaken, Industrial Offtake Total",0.039613212
2023-08-02,"NTS Energy Offtaken, LDZ Offtake Total",0.552699063
2023-08-02,"NTS Energy Offtaken, Powerstations Total",0.270605213
2023-08-01,"NTS Energy Offtaken, Industrial Offtake Total",0.039823211
2023-08-01,"NTS Energy Offtaken, LDZ Offtake Total",0.549209502
2023-08-01,"NTS Energy Offtaken, Powerstations Total",0.416435228
2023-07-31,"NTS Energy Offtaken, Industrial Offtake Total",0.039066339
2023-07-31,"NTS Energy Offtaken, LDZ Offtake Total",0.540622535
2023-07-31,"NTS Energy Offtaken, Powerstations Total",0.305101745
2023-07-30,"NTS Energy Offtaken, Industrial Offtake Total",0.036219777
2023-07-30,"NTS Energy Offtaken, LDZ Offtake Total",0.478768854
2023-07-30,"NTS Energy Offtaken, Powerstations Total",0.232719448
2023-07-29,"NTS Energy Offtaken, Industrial Offtake Total",0.035023833
2023-07-29,"NTS Energy Offtaken, LDZ Offtake Total",0.454841129
2023-07-29,"NTS Energy Offtaken, Powerstations Total",0.226419816
2023-07-28,"NTS Energy Offtaken, Industrial Offtake Total",0.038656767
2023-07-28,"NTS Energy Offtaken, LDZ Offtake Total",0.520438678
2023-07-28,"NTS Energy Offtaken, Powerstations Total",0.484390858
2023-07-27,"NTS Energy Offtaken, Industrial Offtake Total",0.039943428
2023-07-27,"NTS Energy Offtaken, LDZ Offtake Total",0.542688469
2023-07-27,"NTS Energy Offtaken, Powerstations Total",0.509109403
2023-07-26,"NTS Energy Offtaken, Industrial Offtake Total",0.040229454
2023-07-26,"NTS Energy Offtaken, LDZ Offtake Total",0.56578506
2023-07-26,"NTS Energy Offtaken, Powerstations Total",0.450606556
2023-07-25,"NTS Energy Offtaken, Industrial Offtake Total",0.040663661
2023-07-25,"NTS Energy Offtaken, LDZ Offtake Total",0.584132453
2023-07-25,"NTS Energy Offtaken, Powerstations Total",0.564015036
2023-07-24,"NTS Energy Offtaken, Industrial Offtake Total",0.041297114
2023-07-24,"NTS Energy Offtaken, LDZ Offtake Total",0.613438093
2023-07-24,"NTS Energy Offtaken, Powerstations Total",0.513077891
2023-07-23,"NTS Energy Offtaken, Industrial Offtake Total",0.038786299
2023-07-23,"NTS Energy Offtaken, LDZ Offtake Total",0.507569068
2023-07-23,"NTS Energy Offtaken, Powerstations Total",0.21661415
2023-07-22,"NTS Energy Offtaken, Industrial Offtake Total",0.041086528
2023-07-22,"NTS Energy Offtaken, LDZ Offtake Total",0.517327809
2023-07-22,"NTS Energy Offtaken, Powerstations Total",0.250974555
2023-07-21,"NTS Energy Offtaken, Industrial Offtake Total",0.054460344
2023-07-21,"NTS Energy Offtaken, LDZ Offtake Total",0.555293011
2023-07-21,"NTS Energy Offtaken, Powerstations Total",0.513374719
2023-07-20,"NTS Energy Offtaken, Industrial Offtake Total",0.060249739
2023-07-20,"NTS Energy Offtaken, LDZ Offtake Total",0.589358599
2023-07-20,"NTS Energy Offtaken, Powerstations Total",0.582014498
2023-07-19,"NTS Energy Offtaken, Industrial Offtake Total",0.059092615
2023-07-19,"NTS Energy Offtaken, LDZ Offtake Total",0.581031428
2023-07-19,"NTS Energy Offtaken, Powerstations Total",0.59576938
2023-07-18,"NTS Energy Offtaken, Industrial Offtake Total",0.060662164
2023-07-18,"NTS Energy Offtaken, LDZ Offtake Total",0.623215229
2023-07-18,"NTS Energy Offtaken, Powerstations Total",0.592919419
2023-07-17,"NTS Energy Offtaken, Industrial Offtake Total",0.049425572
2023-07-17,"NTS Energy Offtaken, LDZ Offtake Total",0.567705255
2023-07-17,"NTS Energy Offtaken, Powerstations Total",0.437764606
2023-07-16,"NTS Energy Offtaken, Industrial Offtake Total",0.033085259
2023-07-16,"NTS Energy Offtaken, LDZ Offtake Total",0.520996076
2023-07-16,"NTS Energy Offtaken, Powerstations Total",0.22117788
2023-07-15,"NTS Energy Offtaken, Industrial Offtake Total",0.033629045
2023-07-15,"NTS Energy Offtaken, LDZ Offtake Total",0.508095015
2023-07-15,"NTS Energy Offtaken, Powerstations Total",0.151835579
2023-07-14,"NTS Energy Offtaken, Industrial Offtake Total",0.037915375
2023-07-14,"NTS Energy Offtaken, LDZ Offtake Total",0.569671283
2023-07-14,"NTS Energy Offtaken, Powerstations Total",0.392954031
2023-07-13,"NTS Energy Offtaken, Industrial Offtake Total",0.045711016
2023-07-13,"NTS Energy Offtaken, LDZ Offtake Total",0.547717463
2023-07-13,"NTS Energy Offtaken, Powerstations Total",0.562333316
2023-07-12,"NTS Energy Offtaken, Industrial Offtake Total",0.038693729
2023-07-12,"NTS Energy Offtaken, LDZ Offtake Total",0.565582177
2023-07-12,"NTS Energy Offtaken, Powerstations Total",0.475348293
2023-07-11,"NTS Energy Offtaken, Industrial Offtake Total",0.03902614
2023-07-11,"NTS Energy Offtaken, LDZ Offtake Total",0.553696479
2023-07-11,"NTS Energy Offtaken, Powerstations Total",0.476848138
2023-07-10,"NTS Energy Offtaken, Industrial Offtake Total",0.038591924
2023-07-10,"NTS Energy Offtaken, LDZ Offtake Total",0.542619168
2023-07-10,"NTS Energy Offtaken, Powerstations Total",0.518126147
2023-07-09,"NTS Energy Offtaken, Industrial Offtake Total",0.037958672
2023-07-09,"NTS Energy Offtaken, LDZ Offtake Total",0.490613031
2023-07-09,"NTS Energy Offtaken, Powerstations Total",0.373590838
2023-07-08,"NTS Energy Offtaken, Industrial Offtake Total",0.037422074
2023-07-08,"NTS Energy Offtaken, LDZ Offtake Total",0.49713766
2023-07-08,"NTS Energy Offtaken, Powerstations Total",0.316520628
2023-07-07,"NTS Energy Offtaken, Industrial Offtake Total",0.033441628
2023-07-07,"NTS Energy Offtaken, LDZ Offtake Total",0.508283975
2023-07-07,"NTS Energy Offtaken, Powerstations Total",0.296812111
2023-07-06,"NTS Energy Offtaken, Industrial Offtake Total",0.036323997
2023-07-06,"NTS Energy Offtaken, LDZ Offtake Total",0.586431231
2023-07-06,"NTS Energy Offtaken, Powerstations Total",0.393569221
2023-07-05,"NTS Energy Offtaken, Industrial Offtake Total",0.034871737
2023-07-05,"NTS Energy Offtaken, LDZ Offtake Total",0.599226314
2023-07-05,"NTS Energy Offtaken, Powerstations Total",0.337871901
2023-07-04,"NTS Energy Offtaken, Industrial Offtake Total",0.042365329
2023-07-04,"NTS Energy Offtaken, LDZ Offtake Total",0.603241274
2023-07-04,"NTS Energy Offtaken, Powerstations Total",0.358886826
2023-07-03,"NTS Energy Offtaken, Industrial Offtake Total",0.02975095
2023-07-03,"NTS Energy Offtaken, LDZ Offtake Total",0.594473588
2023-07-03,"NTS Energy Offtaken, Powerstations Total",0.176175903
2023-07-02,"NTS Energy Offtaken, Industrial Offtake Total",0.029408682
2023-07-02,"NTS Energy Offtaken, LDZ Offtake Total",0.528162586
2023-07-02,"NTS Energy Offtaken, Powerstations Total",0.176034133
2023-07-01,"NTS Energy Offtaken, Industrial Offtake Total",0.024857063
2023-07-01,"NTS Energy Offtaken, LDZ Offtake Total",0.49758067
2023-07-01,"NTS Energy Offtaken, Powerstations Total",0.188991075
2023-06-30,"NTS Energy Offtaken, Industrial Offtake Total",0.033302639
2023-06-30,"NTS Energy Offtaken, LDZ Offtake Total",0.525458355
2023-06-30,"NTS Energy Offtaken, Powerstations Total",0.302942147
2023-06-29,"NTS Energy Offtaken, Industrial Offtake Total",0.050972619
2023-06-29,"NTS Energy Offtaken, LDZ Offtake Total",0.54130766
2023-06-29,"NTS Energy Offtaken, Powerstations Total",0.487368675
2023-06-28,"NTS Energy Offtaken, Industrial Offtake Total",0.055550584
2023-06-28,"NTS Energy Offtaken, LDZ Offtake Total",0.553060129
2023-06-28,"NTS Energy Offtaken, Powerstations Total",0.576742287
2023-06-27,"NTS Energy Offtaken, Industrial Offtake Total",0.037067898
2023-06-27,"NTS Energy Offtaken, LDZ Offtake Total",0.531792266
2023-06-27,"NTS Energy Offtaken, Powerstations Total",0.512847274
2023-06-26,"NTS Energy Offtaken, Industrial Offtake Total",0.037042055
2023-06-26,"NTS Energy Offtaken, LDZ Offtake Total",0.523265265
2023-06-26,"NTS Energy Offtaken, Powerstations Total",0.358446586
2023-06-25,"NTS Energy Offtaken, Industrial Offtake Total",0.036577355
2023-06-25,"NTS Energy Offtaken, LDZ Offtake Total",0.485089297
2023-06-25,"NTS Energy Offtaken, Powerstations Total",0.257462402
2023-06-24,"NTS Energy Offtaken, Industrial Offtake Total",0.035522108
2023-06-24,"NTS Energy Offtaken, LDZ Offtake Total",0.449002307
2023-06-24,"NTS Energy Offtaken, Powerstations Total",0.283224553
2023-06-23,"NTS Energy Offtaken, Industrial Offtake Total",0.048695221
2023-06-23,"NTS Energy Offtaken, LDZ Offtake Total",0.505653141
2023-06-23,"NTS Energy Offtaken, Powerstations Total",0.471637462
2023-06-22,"NTS Energy Offtaken, Industrial Offtake Total",0.05403382
2023-06-22,"NTS Energy Offtaken, LDZ Offtake Total",0.51714915
2023-06-22,"NTS Energy Offtaken, Powerstations Total",0.631604901
2023-06-21,"NTS Energy Offtaken, Industrial Offtake Total",0.054617246
2023-06-21,"NTS Energy Offtaken, LDZ Offtake Total",0.535361612
2023-06-21,"NTS Energy Offtaken, Powerstations Total",0.655378192
2023-06-20,"NTS Energy Offtaken, Industrial Offtake Total",0.052073046
2023-06-20,"NTS Energy Offtaken, LDZ Offtake Total",0.558266586
2023-06-20,"NTS Energy Offtaken, Powerstations Total",0.648636361
2023-06-19,"NTS Energy Offtaken, Industrial Offtake Total",0.04669284
2023-06-19,"NTS Energy Offtaken, LDZ Offtake Total",0.489039937
2023-06-19,"NTS Energy Offtaken, Powerstations Total",0.578594653
2023-06-18,"NTS Energy Offtaken, Industrial Offtake Total",0.037663641
2023-06-18,"NTS Energy Offtaken, LDZ Offtake Total",0.495607408
2023-06-18,"NTS Energy Offtaken, Powerstations Total",0.431074056
2023-06-17,"NTS Energy Offtaken, Industrial Offtake Total",0.037118007
2023-06-17,"NTS Energy Offtaken, LDZ Offtake Total",0.444486867
2023-06-17,"NTS Energy Offtaken, Powerstations Total",0.496394849
2023-06-16,"NTS Energy Offtaken, Industrial Offtake Total",0.038487269
2023-06-16,"NTS Energy Offtaken, LDZ Offtake Total",0.469507234
2023-06-16,"NTS Energy Offtaken, Powerstations Total",0.612929797
2023-06-15,"NTS Energy Offtaken, Industrial Offtake Total",0.051653695
2023-06-15,"NTS Energy Offtaken, LDZ Offtake Total",0.53727021
2023-06-15,"NTS Energy Offtaken, Powerstations Total",0.623323126
2023-06-14,"NTS Energy Offtaken, Industrial Offtake Total",0.053026987
2023-06-14,"NTS Energy Offtaken, LDZ Offtake Total",0.500825894
2023-06-14,"NTS Energy Offtaken, Powerstations Total",0.529021297
2023-06-13,"NTS Energy Offtaken, Industrial Offtake Total",0.055021653
2023-06-13,"NTS Energy Offtaken, LDZ Offtake Total",0.536087655
2023-06-13,"NTS Energy Offtaken, Powerstations Total",0.500404096
2023-06-12,"NTS Energy Offtaken, Industrial Offtake Total",0.062462156
2023-06-12,"NTS Energy Offtaken, LDZ Offtake Total",0.531888987
2023-06-12,"NTS Energy Offtaken, Powerstations Total",0.582192226
2023-06-11,"NTS Energy Offtaken, Industrial Offtake Total",0.0448109
2023-06-11,"NTS Energy Offtaken, LDZ Offtake Total",0.535265548
2023-06-11,"NTS Energy Offtaken, Powerstations Total",0.439082328
2023-06-10,"NTS Energy Offtaken, Industrial Offtake Total",0.040359395
2023-06-10,"NTS Energy Offtaken, LDZ Offtake Total",0.484245375
2023-06-10,"NTS Energy Offtaken, Powerstations Total",0.210585683
2023-06-09,"NTS Energy Offtaken, Industrial Offtake Total",0.041860924
2023-06-09,"NTS Energy Offtaken, LDZ Offtake Total",0.588682599
2023-06-09,"NTS Energy Offtaken, Powerstations Total",0.285586062
2023-06-08,"NTS Energy Offtaken, Industrial Offtake Total",0.041708988
2023-06-08,"NTS Energy Offtaken, LDZ Offtake Total",0.653787986
2023-06-08,"NTS Energy Offtaken, Powerstations Total",0.395225513
2023-06-07,"NTS Energy Offtaken, Industrial Offtake Total",0.042880211
2023-06-07,"NTS Energy Offtaken, LDZ Offtake Total",0.704233995
2023-06-07,"NTS Energy Offtaken, Powerstations Total",0.543013059
2023-06-06,"NTS Energy Offtaken, Industrial Offtake Total",0.042697357
2023-06-06,"NTS Energy Offtaken, LDZ Offtake Total",0.740431471
2023-06-06,"NTS Energy Offtaken, Powerstations Total",0.571675257
2023-06-05,"NTS Energy Offtaken, Industrial Offtake Total",0.042178848
2023-06-05,"NTS Energy Offtaken, LDZ Offtake Total",0.672226294
2023-06-05,"NTS Energy Offtaken, Powerstations Total",0.498439446
2023-06-04,"NTS Energy Offtaken, Industrial Offtake Total",0.044245912
2023-06-04,"NTS Energy Offtaken, LDZ Offtake Total",0.594894596
2023-06-04,"NTS Energy Offtaken, Powerstations Total",0.325515062
2023-06-03,"NTS Energy Offtaken, Industrial Offtake Total",0.044962979
2023-06-03,"NTS Energy Offtaken, LDZ Offtake Total",0.56801061
2023-06-03,"NTS Energy Offtaken, Powerstations Total",0.291137702
2023-06-02,"NTS Energy Offtaken, Industrial Offtake Total",0.044283355
2023-06-02,"NTS Energy Offtaken, LDZ Offtake Total",0.670783778
2023-06-02,"NTS Energy Offtaken, Powerstations Total",0.359370203
2023-06-01,"NTS Energy Offtaken, Industrial Offtake Total",0.042995461
2023-06-01,"NTS Energy Offtaken, LDZ Offtake Total",0.733814228
2023-06-01,"NTS Energy Offtaken, Powerstations Total",0.370666977
2023-05-31,"NTS Energy Offtaken, Industrial Offtake Total",0.037926624
2023-05-31,"NTS Energy Offtaken, LDZ Offtake Total",0.720717011
2023-05-31,"NTS Energy Offtaken, Powerstations Total",0.423138615
2023-05-30,"NTS Energy Offtaken, Industrial Offtake Total",0.04305794
2023-05-30,"NTS Energy Offtaken, LDZ Offtake Total",0.698087497
2023-05-30,"NTS Energy Offtaken, Powerstations Total",0.37368596
2023-05-29,"NTS Energy Offtaken, Industrial Offtake Total",0.034402935
2023-05-29,"NTS Energy Offtaken, LDZ Offtake Total",0.611838432
2023-05-29,"NTS Energy Offtaken, Powerstations Total",0.183645097
2023-05-28,"NTS Energy Offtaken, Industrial Offtake Total",0.03424864
2023-05-28,"NTS Energy Offtaken, LDZ Offtake Total",0.549911983
2023-05-28,"NTS Energy Offtaken, Powerstations Total",0.197070588
2023-05-27,"NTS Energy Offtaken, Industrial Offtake Total",0.035518465
2023-05-27,"NTS Energy Offtaken, LDZ Offtake Total",0.545612465
2023-05-27,"NTS Energy Offtaken, Powerstations Total",0.265648196
2023-05-26,"NTS Energy Offtaken, Industrial Offtake Total",0.036592249
2023-05-26,"NTS Energy Offtaken, LDZ Offtake Total",0.62826386
2023-05-26,"NTS Energy Offtaken, Powerstations Total",0.427617269
2023-05-25,"NTS Energy Offtaken, Industrial Offtake Total",0.036786209
2023-05-25,"NTS Energy Offtaken, LDZ Offtake Total",0.658574138
2023-05-25,"NTS Energy Offtaken, Powerstations Total",0.476345361
2023-05-24,"NTS Energy Offtaken, Industrial Offtake Total",0.035236942
2023-05-24,"NTS Energy Offtaken, LDZ Offtake Total",0.660712764
2023-05-24,"NTS Energy Offtaken, Powerstations Total",0.511916721
2023-05-23,"NTS Energy Offtaken, Industrial Offtake Total",0.033909284
2023-05-23,"NTS Energy Offtaken, LDZ Offtake Total",0.680726884
2023-05-23,"NTS Energy Offtaken, Powerstations Total",0.47345352
2023-05-22,"NTS Energy Offtaken, Industrial Offtake Total",0.033861642
2023-05-22,"NTS Energy Offtaken, LDZ Offtake Total",0.681330474
2023-05-22,"NTS Energy Offtaken, Powerstations Total",0.376343225
2023-05-21,"NTS Energy Offtaken, Industrial Offtake Total",0.036055064
2023-05-21,"NTS Energy Offtaken, LDZ Offtake Total",0.63310312
2023-05-21,"NTS Energy Offtaken, Powerstations Total",0.277753085
2023-05-20,"NTS Energy Offtaken, Industrial Offtake Total",0.035340153
2023-05-20,"NTS Energy Offtaken, LDZ Offtake Total",0.631667057
2023-05-20,"NTS Energy Offtaken, Powerstations Total",0.251869034
2023-05-19,"NTS Energy Offtaken, Industrial Offtake Total",0.048557203
2023-05-19,"NTS Energy Offtaken, LDZ Offtake Total",0.731742835
2023-05-19,"NTS Energy Offtaken, Powerstations Total",0.524065372
2023-05-18,"NTS Energy Offtaken, Industrial Offtake Total",0.049570044
2023-05-18,"NTS Energy Offtaken, LDZ Offtake Total",0.721751032
2023-05-18,"NTS Energy Offtaken, Powerstations Total",0.536712611
2023-05-17,"NTS Energy Offtaken, Industrial Offtake Total",0.051598822
2023-05-17,"NTS Energy Offtaken, LDZ Offtake Total",0.767862865
2023-05-17,"NTS Energy Offtaken, Powerstations Total",0.599151639
2023-05-16,"NTS Energy Offtaken, Industrial Offtake Total",0.051483031
2023-05-16,"NTS Energy Offtaken, LDZ Offtake Total",0.829244459
2023-05-16,"NTS Energy Offtaken, Powerstations Total",0.474109906
2023-05-15,"NTS Energy Offtaken, Industrial Offtake Total",0.04995117
2023-05-15,"NTS Energy Offtaken, LDZ Offtake Total",0.815302118
2023-05-15,"NTS Energy Offtaken, Powerstations Total",0.375437085
2023-05-14,"NTS Energy Offtaken, Industrial Offtake Total",0.050036598
2023-05-14,"NTS Energy Offtaken, LDZ Offtake Total",0.770601292
2023-05-14,"NTS Energy Offtaken, Powerstations Total",0.389270645
2023-05-13,"NTS Energy Offtaken, Industrial Offtake Total",0.053454387
2023-05-13,"NTS Energy Offtaken, LDZ Offtake Total",0.861184429
2023-05-13,"NTS Energy Offtaken, Powerstations Total",0.386404183
2023-05-12,"NTS Energy Offtaken, Industrial Offtake Total",0.050998068
2023-05-12,"NTS Energy Offtaken, LDZ Offtake Total",0.932121694
2023-05-12,"NTS Energy Offtaken, Powerstations Total",0.42347599
2023-05-11,"NTS Energy Offtaken, Industrial Offtake Total",0.052467409
2023-05-11,"NTS Energy Offtaken, LDZ Offtake Total",0.821189057
2023-05-11,"NTS Energy Offtaken, Powerstations Total",0.678611638
2023-05-10,"NTS Energy Offtaken, Industrial Offtake Total",0.05272123
2023-05-10,"NTS Energy Offtaken, LDZ Offtake Total",0.827168923
2023-05-10,"NTS Energy Offtaken, Powerstations Total",0.657135137
2023-05-09,"NTS Energy Offtaken, Industrial Offtake Total",0.054838271
2023-05-09,"NTS Energy Offtaken, LDZ Offtake Total",0.806567452
2023-05-09,"NTS Energy Offtaken, Powerstations Total",0.629884274
2023-05-08,"NTS Energy Offtaken, Industrial Offtake Total",0.036610697
2023-05-08,"NTS Energy Offtaken, LDZ Offtake Total",0.826070331
2023-05-08,"NTS Energy Offtaken, Powerstations Total",0.397237193
2023-05-07,"NTS Energy Offtaken, Industrial Offtake Total",0.048701475
2023-05-07,"NTS Energy Offtaken, LDZ Offtake Total",0.697073902
2023-05-07,"NTS Energy Offtaken, Powerstations Total",0.343372287
2023-05-06,"NTS Energy Offtaken, Industrial Offtake Total",0.053971954
2023-05-06,"NTS Energy Offtaken, LDZ Offtake Total",0.803390099
2023-05-06,"NTS Energy Offtaken, Powerstations Total",0.483170925
2023-05-05,"NTS Energy Offtaken, Industrial Offtake Total",0.053787471
2023-05-05,"NTS Energy Offtaken, LDZ Offtake Total",0.86398158
2023-05-05,"NTS Energy Offtaken, Powerstations Total",0.546667897
2023-05-04,"NTS Energy Offtaken, Industrial Offtake Total",0.054096218
2023-05-04,"NTS Energy Offtaken, LDZ Offtake Total",1.016702384
2023-05-04,"NTS Energy Offtaken, Powerstations Total",0.293796281
2023-05-03,"NTS Energy Offtaken, Industrial Offtake Total",0.048391009
2023-05-03,"NTS Energy Offtaken, LDZ Offtake Total",0.974892647
2023-05-03,"NTS Energy Offtaken, Powerstations Total",0.41043067
2023-05-02,"NTS Energy Offtaken, Industrial Offtake Total",0.055195913
2023-05-02,"NTS Energy Offtaken, LDZ Offtake Total",1.00066025
2023-05-02,"NTS Energy Offtaken, Powerstations Total",0.68121606
2023-05-01,"NTS Energy Offtaken, Industrial Offtake Total",0.038004308
2023-05-01,"NTS Energy Offtaken, LDZ Offtake Total",0.913167115
2023-05-01,"NTS Energy Offtaken, Powerstations Total",0.451466951
2023-04-30,"NTS Energy Offtaken, Industrial Offtake Total",0.036725501
2023-04-30,"NTS Energy Offtaken, LDZ Offtake Total",0.91977277
2023-04-30,"NTS Energy Offtaken, Powerstations Total",0.359953812
2023-04-29,"NTS Energy Offtaken, Industrial Offtake Total",0.052571065
2023-04-29,"NTS Energy Offtaken, LDZ Offtake Total",0.955439171
2023-04-29,"NTS Energy Offtaken, Powerstations Total",0.528935371
2023-04-28,"NTS Energy Offtaken, Industrial Offtake Total",0.055278308
2023-04-28,"NTS Energy Offtaken, LDZ Offtake Total",1.180254836
2023-04-28,"NTS Energy Offtaken, Powerstations Total",0.632398121
2023-04-27,"NTS Energy Offtaken, Industrial Offtake Total",0.051393838
2023-04-27,"NTS Energy Offtaken, LDZ Offtake Total",1.446628499
2023-04-27,"NTS Energy Offtaken, Powerstations Total",0.570563464
2023-04-26,"NTS Energy Offtaken, Industrial Offtake Total",0.061999963
2023-04-26,"NTS Energy Offtaken, LDZ Offtake Total",1.400782821
2023-04-26,"NTS Energy Offtaken, Powerstations Total",0.747612773
2023-04-25,"NTS Energy Offtaken, Industrial Offtake Total",0.044452772
2023-04-25,"NTS Energy Offtaken, LDZ Offtake Total",1.399473354
2023-04-25,"NTS Energy Offtaken, Powerstations Total",0.691112389
2023-04-24,"NTS Energy Offtaken, Industrial Offtake Total",0.035079936
2023-04-24,"NTS Energy Offtaken, LDZ Offtake Total",1.400853241
2023-04-24,"NTS Energy Offtaken, Powerstations Total",0.522249359
2023-04-23,"NTS Energy Offtaken, Industrial Offtake Total",0.03382004
2023-04-23,"NTS Energy Offtaken, LDZ Offtake Total",1.182004576
2023-04-23,"NTS Energy Offtaken, Powerstations Total",0.340051278
2023-04-22,"NTS Energy Offtaken, Industrial Offtake Total",0.033853909
2023-04-22,"NTS Energy Offtaken, LDZ Offtake Total",1.177282943
2023-04-22,"NTS Energy Offtaken, Powerstations Total",0.414075977
2023-04-21,"NTS Energy Offtaken, Industrial Offtake Total",0.033998767
2023-04-21,"NTS Energy Offtaken, LDZ Offtake Total",1.352499322
2023-04-21,"NTS Energy Offtaken, Powerstations Total",0.496114679
2023-04-20,"NTS Energy Offtaken, Industrial Offtake Total",0.033530159
2023-04-20,"NTS Energy Offtaken, LDZ Offtake Total",1.224413782
2023-04-20,"NTS Energy Offtaken, Powerstations Total",0.367147623
2023-04-19,"NTS Energy Offtaken, Industrial Offtake Total",0.038701509
2023-04-19,"NTS Energy Offtaken, LDZ Offtake Total",1.208614398
2023-04-19,"NTS Energy Offtaken, Powerstations Total",0.280269915
2023-04-18,"NTS Energy Offtaken, Industrial Offtake Total",0.045863591
2023-04-18,"NTS Energy Offtaken, LDZ Offtake Total",1.206518516
2023-04-18,"NTS Energy Offtaken, Powerstations Total",0.357843799
2023-04-17,"NTS Energy Offtaken, Industrial Offtake Total",0.061166206
2023-04-17,"NTS Energy Offtaken, LDZ Offtake Total",1.145698754
2023-04-17,"NTS Energy Offtaken, Powerstations Total",0.692409997
2023-04-16,"NTS Energy Offtaken, Industrial Offtake Total",0.059239105
2023-04-16,"NTS Energy Offtaken, LDZ Offtake Total",1.169571279
2023-04-16,"NTS Energy Offtaken, Powerstations Total",0.581621109
2023-04-15,"NTS Energy Offtaken, Industrial Offtake Total",0.056397007
2023-04-15,"NTS Energy Offtaken, LDZ Offtake Total",1.237788357
2023-04-15,"NTS Energy Offtaken, Powerstations Total",0.467164484
2023-04-14,"NTS Energy Offtaken, Industrial Offtake Total",0.069314391
2023-04-14,"NTS Energy Offtaken, LDZ Offtake Total",1.575056288
2023-04-14,"NTS Energy Offtaken, Powerstations Total",0.749515171
2023-04-13,"NTS Energy Offtaken, Industrial Offtake Total",0.044269554
2023-04-13,"NTS Energy Offtaken, LDZ Offtake Total",1.478712896
2023-04-13,"NTS Energy Offtaken, Powerstations Total",0.486561638
2023-04-12,"NTS Energy Offtaken, Industrial Offtake Total",0.040571256
2023-04-12,"NTS Energy Offtaken, LDZ Offtake Total",1.625132361
2023-04-12,"NTS Energy Offtaken, Powerstations Total",0.285116026
2023-04-11,"NTS Energy Offtaken, Industrial Offtake Total",0.042106223
2023-04-11,"NTS Energy Offtaken, LDZ Offtake Total",1.451991664
2023-04-11,"NTS Energy Offtaken, Powerstations Total",0.344125891
2023-04-10,"NTS Energy Offtaken, Industrial Offtake Total",0.038426529
2023-04-10,"NTS Energy Offtaken, LDZ Offtake Total",1.183461408
2023-04-10,"NTS Energy Offtaken, Powerstations Total",0.151797014
2023-04-09,"NTS Energy Offtaken, Industrial Offtake Total",0.03452825
2023-04-09,"NTS Energy Offtaken, LDZ Offtake Total",1.095668406
2023-04-09,"NTS Energy Offtaken, Powerstations Total",0.286183721
2023-04-08,"NTS Energy Offtaken, Industrial Offtake Total",0.038234794
2023-04-08,"NTS Energy Offtaken, LDZ Offtake Total",1.107938787
2023-04-08,"NTS Energy Offtaken, Powerstations Total",0.451703083
2023-04-07,"NTS Energy Offtaken, Industrial Offtake Total",0.034436639
2023-04-07,"NTS Energy Offtaken, LDZ Offtake Total",1.197157665
2023-04-07,"NTS Energy Offtaken, Powerstations Total",0.553462042
2023-04-06,"NTS Energy Offtaken, Industrial Offtake Total",0.041768162
2023-04-06,"NTS Energy Offtaken, LDZ Offtake Total",1.327870363
2023-04-06,"NTS Energy Offtaken, Powerstations Total",0.540806512
2023-04-05,"NTS Energy Offtaken, Industrial Offtake Total",0.047706738
2023-04-05,"NTS Energy Offtaken, LDZ Offtake Total",1.099492304
2023-04-05,"NTS Energy Offtaken, Powerstations Total",0.68411852
2023-04-04,"NTS Energy Offtaken, Industrial Offtake Total",0.042397619
2023-04-04,"NTS Energy Offtaken, LDZ Offtake Total",1.44628281
2023-04-04,"NTS Energy Offtaken, Powerstations Total",0.628051867
2023-04-03,"NTS Energy Offtaken, Industrial Offtake Total",0.048047065
2023-04-03,"NTS Energy Offtaken, LDZ Offtake Total",1.537181565
2023-04-03,"NTS Energy Offtaken, Powerstations Total",0.523809151
2023-04-02,"NTS Energy Offtaken, Industrial Offtake Total",0.044419831
2023-04-02,"NTS Energy Offtaken, LDZ Offtake Total",1.460082522
2023-04-02,"NTS Energy Offtaken, Powerstations Total",0.453393869
2023-04-01,"NTS Energy Offtaken, Industrial Offtake Total",0.043992715
2023-04-01,"NTS Energy Offtaken, LDZ Offtake Total",1.4345734
2023-04-01,"NTS Energy Offtaken, Powerstations Total",0.332260454
2023-03-31,"NTS Energy Offtaken, Industrial Offtake Total",0.048477028
2023-03-31,"NTS Energy Offtaken, LDZ Offtake Total",1.390286776
2023-03-31,"NTS Energy Offtaken, Powerstations Total",0.403187048
2023-03-30,"NTS Energy Offtaken, Industrial Offtake Total",0.044034664
2023-03-30,"NTS Energy Offtaken, LDZ Offtake Total",1.276737488
2023-03-30,"NTS Energy Offtaken, Powerstations Total",0.327558481
2023-03-29,"NTS Energy Offtaken, Industrial Offtake Total",0.045093654
2023-03-29,"NTS Energy Offtaken, LDZ Offtake Total",1.498386386
2023-03-29,"NTS Energy Offtaken, Powerstations Total",0.399125007
2023-03-28,"NTS Energy Offtaken, Industrial Offtake Total",0.047084098
2023-03-28,"NTS Energy Offtaken, LDZ Offtake Total",1.833219857
2023-03-28,"NTS Energy Offtaken, Powerstations Total",0.455690514
2023-03-27,"NTS Energy Offtaken, Industrial Offtake Total",0.052677974
2023-03-27,"NTS Energy Offtaken, LDZ Offtake Total",1.623441654
2023-03-27,"NTS Energy Offtaken, Powerstations Total",0.635644077
2023-03-26,"NTS Energy Offtaken, Industrial Offtake Total",0.046309742
2023-03-26,"NTS Energy Offtaken, LDZ Offtake Total",1.595019723
2023-03-26,"NTS Energy Offtaken, Powerstations Total",0.336042667
2023-03-25,"NTS Energy Offtaken, Industrial Offtake Total",0.044675477
2023-03-25,"NTS Energy Offtaken, LDZ Offtake Total",1.340192637
2023-03-25,"NTS Energy Offtaken, Powerstations Total",0.276258976
2023-03-24,"NTS Energy Offtaken, Industrial Offtake Total",0.044586106
2023-03-24,"NTS Energy Offtaken, LDZ Offtake Total",1.406656922
2023-03-24,"NTS Energy Offtaken, Powerstations Total",0.137274181
2023-03-23,"NTS Energy Offtaken, Industrial Offtake Total",0.046931409
2023-03-23,"NTS Energy Offtaken, LDZ Offtake Total",1.427097609
2023-03-23,"NTS Energy Offtaken, Powerstations Total",0.217199488
2023-03-22,"NTS Energy Offtaken, Industrial Offtake Total",0.046332912
2023-03-22,"NTS Energy Offtaken, LDZ Offtake Total",1.38242105
2023-03-22,"NTS Energy Offtaken, Powerstations Total",0.205392985
2023-03-21,"NTS Energy Offtaken, Industrial Offtake Total",0.047579653
2023-03-21,"NTS Energy Offtaken, LDZ Offtake Total",1.396911761
2023-03-21,"NTS Energy Offtaken, Powerstations Total",0.304354194
2023-03-20,"NTS Energy Offtaken, Industrial Offtake Total",0.066298304
2023-03-20,"NTS Energy Offtaken, LDZ Offtake Total",1.576458808
2023-03-20,"NTS Energy Offtaken, Powerstations Total",0.557769345
2023-03-19,"NTS Energy Offtaken, Industrial Offtake Total",0.058662125
2023-03-19,"NTS Energy Offtaken, LDZ Offtake Total",1.468808294
2023-03-19,"NTS Energy Offtaken, Powerstations Total",0.480958137
2023-03-18,"NTS Energy Offtaken, Industrial Offtake Total",0.047251699
2023-03-18,"NTS Energy Offtaken, LDZ Offtake Total",1.288628849
2023-03-18,"NTS Energy Offtaken, Powerstations Total",0.409613887
2023-03-17,"NTS Energy Offtaken, Industrial Offtake Total",0.063929307
2023-03-17,"NTS Energy Offtaken, LDZ Offtake Total",1.417721655
2023-03-17,"NTS Energy Offtaken, Powerstations Total",0.549277736
2023-03-16,"NTS Energy Offtaken, Industrial Offtake Total",0.047157701
2023-03-16,"NTS Energy Offtaken, LDZ Offtake Total",1.692173077
2023-03-16,"NTS Energy Offtaken, Powerstations Total",0.297819322
2023-03-15,"NTS Energy Offtaken, Industrial Offtake Total",0.059083535
2023-03-15,"NTS Energy Offtaken, LDZ Offtake Total",2.120613099
2023-03-15,"NTS Energy Offtaken, Powerstations Total",0.608976456
2023-03-14,"NTS Energy Offtaken, Industrial Offtake Total",0.047466213
2023-03-14,"NTS Energy Offtaken, LDZ Offtake Total",1.991583309
2023-03-14,"NTS Energy Offtaken, Powerstations Total",0.477166337
2023-03-13,"NTS Energy Offtaken, Industrial Offtake Total",0.047049966
2023-03-13,"NTS Energy Offtaken, LDZ Offtake Total",1.646638462
2023-03-13,"NTS Energy Offtaken, Powerstations Total",0.188977436
2023-03-12,"NTS Energy Offtaken, Industrial Offtake Total",0.042924135
2023-03-12,"NTS Energy Offtaken, LDZ Offtake Total",1.66814008
2023-03-12,"NTS Energy Offtaken, Powerstations Total",0.173700805
2023-03-11,"NTS Energy Offtaken, Industrial Offtake Total",0.050798154
2023-03-11,"NTS Energy Offtaken, LDZ Offtake Total",2.094893226
2023-03-11,"NTS Energy Offtaken, Powerstations Total",0.490956882
2023-03-10,"NTS Energy Offtaken, Industrial Offtake Total",0.059023076
2023-03-10,"NTS Energy Offtaken, LDZ Offtake Total",2.303834241
2023-03-10,"NTS Energy Offtaken, Powerstations Total",0.645042321
2023-03-09,"NTS Energy Offtaken, Industrial Offtake Total",0.064746186
2023-03-09,"NTS Energy Offtaken, LDZ Offtake Total",2.417641711
2023-03-09,"NTS Energy Offtaken, Powerstations Total",0.574132186
2023-03-08,"NTS Energy Offtaken, Industrial Offtake Total",0.083152537
2023-03-08,"NTS Energy Offtaken, LDZ Offtake Total",2.519058114
2023-03-08,"NTS Energy Offtaken, Powerstations Total",0.769783755
2023-03-07,"NTS Energy Offtaken, Industrial Offtake Total",0.088414599
2023-03-07,"NTS Energy Offtaken, LDZ Offtake Total",2.217055502
2023-03-07,"NTS Energy Offtaken, Powerstations Total",0.890084078
2023-03-06,"NTS Energy Offtaken, Industrial Offtake Total",0.069537013
2023-03-06,"NTS Energy Offtaken, LDZ Offtake Total",2.114072784
2023-03-06,"NTS Energy Offtaken, Powerstations Total",0.838299217
2023-03-05,"NTS Energy Offtaken, Industrial Offtake Total",0.069894565
2023-03-05,"NTS Energy Offtaken, LDZ Offtake Total",2.056334192
2023-03-05,"NTS Energy Offtaken, Powerstations Total",0.801303676
2023-03-04,"NTS Energy Offtaken, Industrial Offtake Total",0.06553312
2023-03-04,"NTS Energy Offtaken, LDZ Offtake Total",2.003543356
2023-03-04,"NTS Energy Offtaken, Powerstations Total",0.76822046
2023-03-03,"NTS Energy Offtaken, Industrial Offtake Total",0.066802308
2023-03-03,"NTS Energy Offtaken, LDZ Offtake Total",2.127997742
2023-03-03,"NTS Energy Offtaken, Powerstations Total",0.889735149
2023-03-02,"NTS Energy Offtaken, Industrial Offtake Total",0.082781163
2023-03-02,"NTS Energy Offtaken, LDZ Offtake Total",2.025386956
2023-03-02,"NTS Energy Offtaken, Powerstations Total",0.957716327
2023-03-01,"NTS Energy Offtaken, Industrial Offtake Total",0.085463701
2023-03-01,"NTS Energy Offtaken, LDZ Offtake Total",2.09698455
2023-03-01,"NTS Energy Offtaken, Powerstations Total",0.903440331
2023-02-28,"NTS Energy Offtaken, Industrial Offtake Total",0.083754137
2023-02-28,"NTS Energy Offtaken, LDZ Offtake Total",2.143143314
2023-02-28,"NTS Energy Offtaken, Powerstations Total",0.938180759
2023-02-27,"NTS Energy Offtaken, Industrial Offtake Total",0.074067406
2023-02-27,"NTS Energy Offtaken, LDZ Offtake Total",2.151977809
2023-02-27,"NTS Energy Offtaken, Powerstations Total",0.919694341
2023-02-26,"NTS Energy Offtaken, Industrial Offtake Total",0.055272245
2023-02-26,"NTS Energy Offtaken, LDZ Offtake Total",1.999063974
2023-02-26,"NTS Energy Offtaken, Powerstations Total",0.569727871
2023-02-25,"NTS Energy Offtaken, Industrial Offtake Total",0.046590061
2023-02-25,"NTS Energy Offtaken, LDZ Offtake Total",1.978264043
2023-02-25,"NTS Energy Offtaken, Powerstations Total",0.374705507
2023-02-24,"NTS Energy Offtaken, Industrial Offtake Total",0.058933979
2023-02-24,"NTS Energy Offtaken, LDZ Offtake Total",1.916262744
2023-02-24,"NTS Energy Offtaken, Powerstations Total",0.4448614
2023-02-23,"NTS Energy Offtaken, Industrial Offtake Total",0.068223608
2023-02-23,"NTS Energy Offtaken, LDZ Offtake Total",1.932095801
2023-02-23,"NTS Energy Offtaken, Powerstations Total",0.587123674
2023-02-22,"NTS Energy Offtaken, Industrial Offtake Total",0.066943204
2023-02-22,"NTS Energy Offtaken, LDZ Offtake Total",1.776338212
2023-02-22,"NTS Energy Offtaken, Powerstations Total",0.690843043
2023-02-21,"NTS Energy Offtaken, Industrial Offtake Total",0.065854847
2023-02-21,"NTS Energy Offtaken, LDZ Offtake Total",1.619406962
2023-02-21,"NTS Energy Offtaken, Powerstations Total",0.698026972
2023-02-20,"NTS Energy Offtaken, Industrial Offtake Total",0.045768021
2023-02-20,"NTS Energy Offtaken, LDZ Offtake Total",1.572104072
2023-02-20,"NTS Energy Offtaken, Powerstations Total",0.389996962
2023-02-19,"NTS Energy Offtaken, Industrial Offtake Total",0.04653296
2023-02-19,"NTS Energy Offtaken, LDZ Offtake Total",1.464736808
2023-02-19,"NTS Energy Offtaken, Powerstations Total",0.277208975
2023-02-18,"NTS Energy Offtaken, Industrial Offtake Total",0.047348219
2023-02-18,"NTS Energy Offtaken, LDZ Offtake Total",1.431864456
2023-02-18,"NTS Energy Offtaken, Powerstations Total",0.223822928
2023-02-17,"NTS Energy Offtaken, Industrial Offtake Total",0.045189269
2023-02-17,"NTS Energy Offtaken, LDZ Offtake Total",1.491947925
2023-02-17,"NTS Energy Offtaken, Powerstations Total",0.281988262
2023-02-16,"NTS Energy Offtaken, Industrial Offtake Total",0.043465935
2023-02-16,"NTS Energy Offtaken, LDZ Offtake Total",1.679813538
2023-02-16,"NTS Energy Offtaken, Powerstations Total",0.469776051
2023-02-15,"NTS Energy Offtaken, Industrial Offtake Total",0.042790668
2023-02-15,"NTS Energy Offtaken, LDZ Offtake Total",1.813501503
2023-02-15,"NTS Energy Offtaken, Powerstations Total",0.490529674
2023-02-14,"NTS Energy Offtaken, Industrial Offtake Total",0.060999043
2023-02-14,"NTS Energy Offtaken, LDZ Offtake Total",1.96220926
2023-02-14,"NTS Energy Offtaken, Powerstations Total",0.614821046
2023-02-13,"NTS Energy Offtaken, Industrial Offtake Total",0.06851706
2023-02-13,"NTS Energy Offtaken, LDZ Offtake Total",1.836964106
2023-02-13,"NTS Energy Offtaken, Powerstations Total",0.738833829
2023-02-12,"NTS Energy Offtaken, Industrial Offtake Total",0.048633769
2023-02-12,"NTS Energy Offtaken, LDZ Offtake Total",1.735007455
2023-02-12,"NTS Energy Offtaken, Powerstations Total",0.597330788
2023-02-11,"NTS Energy Offtaken, Industrial Offtake Total",0.052969211
2023-02-11,"NTS Energy Offtaken, LDZ Offtake Total",1.699788246
2023-02-11,"NTS Energy Offtaken, Powerstations Total",0.521703388
2023-02-10,"NTS Energy Offtaken, Industrial Offtake Total",0.052227484
2023-02-10,"NTS Energy Offtaken, LDZ Offtake Total",2.08323715
2023-02-10,"NTS Energy Offtaken, Powerstations Total",0.431454566
2023-02-09,"NTS Energy Offtaken, Industrial Offtake Total",0.05829916
2023-02-09,"NTS Energy Offtaken, LDZ Offtake Total",2.138261918
2023-02-09,"NTS Energy Offtaken, Powerstations Total",0.596748862
2023-02-08,"NTS Energy Offtaken, Industrial Offtake Total",0.051014625
2023-02-08,"NTS Energy Offtaken, LDZ Offtake Total",2.222055922
2023-02-08,"NTS Energy Offtaken, Powerstations Total",0.568028053
2023-02-07,"NTS Energy Offtaken, Industrial Offtake Total",0.080913176
2023-02-07,"NTS Energy Offtaken, LDZ Offtake Total",2.216292165
2023-02-07,"NTS Energy Offtaken, Powerstations Total",0.79519244
2023-02-06,"NTS Energy Offtaken, Industrial Offtake Total",0.069468085
2023-02-06,"NTS Energy Offtaken, LDZ Offtake Total",2.156640226
2023-02-06,"NTS Energy Offtaken, Powerstations Total",0.745523067
2023-02-05,"NTS Energy Offtaken, Industrial Offtake Total",0.061744838
2023-02-05,"NTS Energy Offtaken, LDZ Offtake Total",1.920876978
2023-02-05,"NTS Energy Offtaken, Powerstations Total",0.375523488
2023-02-04,"NTS Energy Offtaken, Industrial Offtake Total",0.062013976
2023-02-04,"NTS Energy Offtaken, LDZ Offtake Total",1.654871881
2023-02-04,"NTS Energy Offtaken, Powerstations Total",0.299255157
2023-02-03,"NTS Energy Offtaken, Industrial Offtake Total",0.067278978
2023-02-03,"NTS Energy Offtaken, LDZ Offtake Total",1.684532285
2023-02-03,"NTS Energy Offtaken, Powerstations Total",0.300635973
2023-02-02,"NTS Energy Offtaken, Industrial Offtake Total",0.060783611
2023-02-02,"NTS Energy Offtaken, LDZ Offtake Total",1.838901032
2023-02-02,"NTS Energy Offtaken, Powerstations Total",0.316128637
2023-02-01,"NTS Energy Offtaken, Industrial Offtake Total",0.058081754
2023-02-01,"NTS Energy Offtaken, LDZ Offtake Total",2.036640279
2023-02-01,"NTS Energy Offtaken, Powerstations Total",0.208046094
2023-01-31,"NTS Energy Offtaken, Industrial Offtake Total",0.059855055
2023-01-31,"NTS Energy Offtaken, LDZ Offtake Total",1.993797272
2023-01-31,"NTS Energy Offtaken, Powerstations Total",0.31434534
2023-01-30,"NTS Energy Offtaken, Industrial Offtake Total",0.070016972
2023-01-30,"NTS Energy Offtaken, LDZ Offtake Total",2.012723326
2023-01-30,"NTS Energy Offtaken, Powerstations Total",0.478665707
2023-01-29,"NTS Energy Offtaken, Industrial Offtake Total",0.057526634
2023-01-29,"NTS Energy Offtaken, LDZ Offtake Total",1.959573073
2023-01-29,"NTS Energy Offtaken, Powerstations Total",0.199104468
2023-01-28,"NTS Energy Offtaken, Industrial Offtake Total",0.065079884
2023-01-28,"NTS Energy Offtaken, LDZ Offtake Total",2.068292159
2023-01-28,"NTS Energy Offtaken, Powerstations Total",0.685647208
2023-01-27,"NTS Energy Offtaken, Industrial Offtake Total",0.079768402
2023-01-27,"NTS Energy Offtaken, LDZ Offtake Total",2.253503287
2023-01-27,"NTS Energy Offtaken, Powerstations Total",0.8579334
2023-01-26,"NTS Energy Offtaken, Industrial Offtake Total",0.075685374
2023-01-26,"NTS Energy Offtaken, LDZ Offtake Total",2.279489216
2023-01-26,"NTS Energy Offtaken, Powerstations Total",0.769695734
2023-01-25,"NTS Energy Offtaken, Industrial Offtake Total",0.07755673
2023-01-25,"NTS Energy Offtaken, LDZ Offtake Total",2.346503802
2023-01-25,"NTS Energy Offtaken, Powerstations Total",0.786214684
2023-01-24,"NTS Energy Offtaken, Industrial Offtake Total",0.067353022
2023-01-24,"NTS Energy Offtaken, LDZ Offtake Total",2.418515197
2023-01-24,"NTS Energy Offtaken, Powerstations Total",0.927804768
2023-01-23,"NTS Energy Offtaken, Industrial Offtake Total",0.066888494
2023-01-23,"NTS Energy Offtaken, LDZ Offtake Total",2.555462732
2023-01-23,"NTS Energy Offtaken, Powerstations Total",0.911198024
2023-01-22,"NTS Energy Offtaken, Industrial Offtake Total",0.069479678
2023-01-22,"NTS Energy Offtaken, LDZ Offtake Total",2.537029583
2023-01-22,"NTS Energy Offtaken, Powerstations Total",0.624082634
2023-01-21,"NTS Energy Offtaken, Industrial Offtake Total",0.063255623
2023-01-21,"NTS Energy Offtaken, LDZ Offtake Total",2.487283402
2023-01-21,"NTS Energy Offtaken, Powerstations Total",0.511063276
2023-01-20,"NTS Energy Offtaken, Industrial Offtake Total",0.079647721
2023-01-20,"NTS Energy Offtaken, LDZ Offtake Total",2.519684647
2023-01-20,"NTS Energy Offtaken, Powerstations Total",0.745197131
2023-01-19,"NTS Energy Offtaken, Industrial Offtake Total",0.079259622
2023-01-19,"NTS Energy Offtaken, LDZ Offtake Total",2.63714256
2023-01-19,"NTS Energy Offtaken, Powerstations Total",0.793346082
2023-01-18,"NTS Energy Offtaken, Industrial Offtake Total",0.066037527
2023-01-18,"NTS Energy Offtaken, LDZ Offtake Total",2.630944408
2023-01-18,"NTS Energy Offtaken, Powerstations Total",0.659420947
2023-01-17,"NTS Energy Offtaken, Industrial Offtake Total",0.077453754
2023-01-17,"NTS Energy Offtaken, LDZ Offtake Total",2.717428422
2023-01-17,"NTS Energy Offtaken, Powerstations Total",0.678136411
2023-01-16,"NTS Energy Offtaken, Industrial Offtake Total",0.060384435
2023-01-16,"NTS Energy Offtaken, LDZ Offtake Total",2.43463405
2023-01-16,"NTS Energy Offtaken, Powerstations Total",0.626584923
2023-01-15,"NTS Energy Offtaken, Industrial Offtake Total",0.062548356
2023-01-15,"NTS Energy Offtaken, LDZ Offtake Total",2.069328851
2023-01-15,"NTS Energy Offtaken, Powerstations Total",0.335466372
2023-01-14,"NTS Energy Offtaken, Industrial Offtake Total",0.055873354
2023-01-14,"NTS Energy Offtaken, LDZ Offtake Total",1.835224341
2023-01-14,"NTS Energy Offtaken, Powerstations Total",0.113595615
2023-01-13,"NTS Energy Offtaken, Industrial Offtake Total",0.059621296
2023-01-13,"NTS Energy Offtaken, LDZ Offtake Total",1.952050498
2023-01-13,"NTS Energy Offtaken, Powerstations Total",0.175801912
2023-01-12,"NTS Energy Offtaken, Industrial Offtake Total",0.056043305
2023-01-12,"NTS Energy Offtaken, LDZ Offtake Total",1.849063556
2023-01-12,"NTS Energy Offtaken, Powerstations Total",0.150391977
2023-01-11,"NTS Energy Offtaken, Industrial Offtake Total",0.057426458
2023-01-11,"NTS Energy Offtaken, LDZ Offtake Total",1.92704483
2023-01-11,"NTS Energy Offtaken, Powerstations Total",0.11934085
2023-01-10,"NTS Energy Offtaken, Industrial Offtake Total",0.058601385
2023-01-10,"NTS Energy Offtaken, LDZ Offtake Total",1.956864482
2023-01-10,"NTS Energy Offtaken, Powerstations Total",0.153857599
2023-01-09,"NTS Energy Offtaken, Industrial Offtake Total",0.059813552
2023-01-09,"NTS Energy Offtaken, LDZ Offtake Total",2.044341995
2023-01-09,"NTS Energy Offtaken, Powerstations Total",0.193017033
2023-01-08,"NTS Energy Offtaken, Industrial Offtake Total",0.046322561
2023-01-08,"NTS Energy Offtaken, LDZ Offtake Total",1.824561653
2023-01-08,"NTS Energy Offtaken, Powerstations Total",0.155636688
2023-01-07,"NTS Energy Offtaken, Industrial Offtake Total",0.041302006
2023-01-07,"NTS Energy Offtaken, LDZ Offtake Total",1.564864339
2023-01-07,"NTS Energy Offtaken, Powerstations Total",0.14077727
2023-01-06,"NTS Energy Offtaken, Industrial Offtake Total",0.038404196
2023-01-06,"NTS Energy Offtaken, LDZ Offtake Total",1.701161575
2023-01-06,"NTS Energy Offtaken, Powerstations Total",0.258133178
2023-01-05,"NTS Energy Offtaken, Industrial Offtake Total",0.037554897
2023-01-05,"NTS Energy Offtaken, LDZ Offtake Total",1.62791776
2023-01-05,"NTS Energy Offtaken, Powerstations Total",0.344633826
2023-01-04,"NTS Energy Offtaken, Industrial Offtake Total",0.035640207
2023-01-04,"NTS Energy Offtaken, LDZ Offtake Total",1.608604217
2023-01-04,"NTS Energy Offtaken, Powerstations Total",0.175687071
2023-01-03,"NTS Energy Offtaken, Industrial Offtake Total",0.038972207
2023-01-03,"NTS Energy Offtaken, LDZ Offtake Total",1.957928124
2023-01-03,"NTS Energy Offtaken, Powerstations Total",0.256900281
2023-01-02,"NTS Energy Offtaken, Industrial Offtake Total",0.040004121
2023-01-02,"NTS Energy Offtaken, LDZ Offtake Total",1.884935066
2023-01-02,"NTS Energy Offtaken, Powerstations Total",0.340891509
2023-01-01,"NTS Energy Offtaken, Industrial Offtake Total",0.040499716
2023-01-01,"NTS Energy Offtaken, LDZ Offtake Total",1.551359091
2023-01-01,"NTS Energy Offtaken, Powerstations Total",0.225735657
2022-12-31,"NTS Energy Offtaken, Industrial Offtake Total",0.041136766
2022-12-31,"NTS Energy Offtaken, LDZ Offtake Total",1.553465639
2022-12-31,"NTS Energy Offtaken, Powerstations Total",0.245989939
2022-12-30,"NTS Energy Offtaken, Industrial Offtake Total",0.039916179
2022-12-30,"NTS Energy Offtaken, LDZ Offtake Total",1.732955801
2022-12-30,"NTS Energy Offtaken, Powerstations Total",0.111661365
2022-12-29,"NTS Energy Offtaken, Industrial Offtake Total",0.036725922
2022-12-29,"NTS Energy Offtaken, LDZ Offtake Total",1.798669711
2022-12-29,"NTS Energy Offtaken, Powerstations Total",0.109509312
2022-12-28,"NTS Energy Offtaken, Industrial Offtake Total",0.044040004
2022-12-28,"NTS Energy Offtaken, LDZ Offtake Total",1.701913006
2022-12-28,"NTS Energy Offtaken, Powerstations Total",0.141626263
2022-12-27,"NTS Energy Offtaken, Industrial Offtake Total",0.054017847
2022-12-27,"NTS Energy Offtaken, LDZ Offtake Total",1.900943019
2022-12-27,"NTS Energy Offtaken, Powerstations Total",0.102636222
2022-12-26,"NTS Energy Offtaken, Industrial Offtake Total",0.051520336
2022-12-26,"NTS Energy Offtaken, LDZ Offtake Total",1.801908411
2022-12-26,"NTS Energy Offtaken, Powerstations Total",0.118391421
2022-12-25,"NTS Energy Offtaken, Industrial Offtake Total",0.05294341
2022-12-25,"NTS Energy Offtaken, LDZ Offtake Total",1.449781781
2022-12-25,"NTS Energy Offtaken, Powerstations Total",0.154092514
2022-12-24,"NTS Energy Offtaken, Industrial Offtake Total",0.053748153
2022-12-24,"NTS Energy Offtaken, LDZ Offtake Total",1.596752028
2022-12-24,"NTS Energy Offtaken, Powerstations Total",0.15939912
2022-12-23,"NTS Energy Offtaken, Industrial Offtake Total",0.057392654
2022-12-23,"NTS Energy Offtaken, LDZ Offtake Total",1.708258818
2022-12-23,"NTS Energy Offtaken, Powerstations Total",0.377323116
2022-12-22,"NTS Energy Offtaken, Industrial Offtake Total",0.057532092
2022-12-22,"NTS Energy Offtaken, LDZ Offtake Total",1.856163113
2022-12-22,"NTS Energy Offtaken, Powerstations Total",0.660126581
2022-12-21,"NTS Energy Offtaken, Industrial Offtake Total",0.054195406
2022-12-21,"NTS Energy Offtaken, LDZ Offtake Total",1.869031132
2022-12-21,"NTS Energy Offtaken, Powerstations Total",0.279354427
2022-12-20,"NTS Energy Offtaken, Industrial Offtake Total",0.067796626
2022-12-20,"NTS Energy Offtaken, LDZ Offtake Total",1.83720908
2022-12-20,"NTS Energy Offtaken, Powerstations Total",0.017300325
2022-12-19,"NTS Energy Offtaken, Industrial Offtake Total",0.051219611
2022-12-19,"NTS Energy Offtaken, LDZ Offtake Total",1.744185132
2022-12-19,"NTS Energy Offtaken, Powerstations Total",0.259636239
2022-12-18,"NTS Energy Offtaken, Industrial Offtake Total",0.054896019
2022-12-18,"NTS Energy Offtaken, LDZ Offtake Total",2.325087049
2022-12-18,"NTS Energy Offtaken, Powerstations Total",0.226234231
2022-12-17,"NTS Energy Offtaken, Industrial Offtake Total",0.063485078
2022-12-17,"NTS Energy Offtaken, LDZ Offtake Total",2.640122256
2022-12-17,"NTS Energy Offtaken, Powerstations Total",0.533123028
2022-12-16,"NTS Energy Offtaken, Industrial Offtake Total",0.06410597
2022-12-16,"NTS Energy Offtaken, LDZ Offtake Total",2.951885023
2022-12-16,"NTS Energy Offtaken, Powerstations Total",0.849247484
2022-12-15,"NTS Energy Offtaken, Industrial Offtake Total",0.068288531
2022-12-15,"NTS Energy Offtaken, LDZ Offtake Total",3.073894135
2022-12-15,"NTS Energy Offtaken, Powerstations Total",0.988700919
2022-12-14,"NTS Energy Offtaken, Industrial Offtake Total",0.086602661
2022-12-14,"NTS Energy Offtaken, LDZ Offtake Total",3.002028766
2022-12-14,"NTS Energy Offtaken, Powerstations Total",0.938038509
2022-12-13,"NTS Energy Offtaken, Industrial Offtake Total",0.085144153
2022-12-13,"NTS Energy Offtaken, LDZ Offtake Total",2.922744983
2022-12-13,"NTS Energy Offtaken, Powerstations Total",0.990741234
2022-12-12,"NTS Energy Offtaken, Industrial Offtake Total",0.091270767
2022-12-12,"NTS Energy Offtaken, LDZ Offtake Total",2.873154075
2022-12-12,"NTS Energy Offtaken, Powerstations Total",1.044264229
2022-12-11,"NTS Energy Offtaken, Industrial Offtake Total",0.065315616
2022-12-11,"NTS Energy Offtaken, LDZ Offtake Total",2.629376926
2022-12-11,"NTS Energy Offtaken, Powerstations Total",0.992123411
2022-12-10,"NTS Energy Offtaken, Industrial Offtake Total",0.066496353
2022-12-10,"NTS Energy Offtaken, LDZ Offtake Total",2.544759224
2022-12-10,"NTS Energy Offtaken, Powerstations Total",0.877926212
2022-12-09,"NTS Energy Offtaken, Industrial Offtake Total",0.085740455
2022-12-09,"NTS Energy Offtaken, LDZ Offtake Total",2.719299081
2022-12-09,"NTS Energy Offtaken, Powerstations Total",0.931555868
2022-12-08,"NTS Energy Offtaken, Industrial Offtake Total",0.083603282
2022-12-08,"NTS Energy Offtaken, LDZ Offtake Total",2.620209482
2022-12-08,"NTS Energy Offtaken, Powerstations Total",0.940343988
2022-12-07,"NTS Energy Offtaken, Industrial Offtake Total",0.079753816
2022-12-07,"NTS Energy Offtaken, LDZ Offtake Total",2.439529945
2022-12-07,"NTS Energy Offtaken, Powerstations Total",0.859145491
2022-12-06,"NTS Energy Offtaken, Industrial Offtake Total",0.07995127
2022-12-06,"NTS Energy Offtaken, LDZ Offtake Total",2.218316064
2022-12-06,"NTS Energy Offtaken, Powerstations Total",0.811679818
2022-12-05,"NTS Energy Offtaken, Industrial Offtake Total",0.073280864
2022-12-05,"NTS Energy Offtaken, LDZ Offtake Total",2.109157278
2022-12-05,"NTS Energy Offtaken, Powerstations Total",0.815954848
2022-12-04,"NTS Energy Offtaken, Industrial Offtake Total",0.05782429
2022-12-04,"NTS Energy Offtaken, LDZ Offtake Total",2.017229084
2022-12-04,"NTS Energy Offtaken, Powerstations Total",0.477744237
2022-12-03,"NTS Energy Offtaken, Industrial Offtake Total",0.057807851
2022-12-03,"NTS Energy Offtaken, LDZ Offtake Total",1.920613022
2022-12-03,"NTS Energy Offtaken, Powerstations Total",0.539205951
2022-12-02,"NTS Energy Offtaken, Industrial Offtake Total",0.072637047
2022-12-02,"NTS Energy Offtaken, LDZ Offtake Total",1.991159863
2022-12-02,"NTS Energy Offtaken, Powerstations Total",0.712704683
2022-12-01,"NTS Energy Offtaken, Industrial Offtake Total",0.086799024
2022-12-01,"NTS Energy Offtaken, LDZ Offtake Total",2.043297033
2022-12-01,"NTS Energy Offtaken, Powerstations Total",0.899633405
2022-11-30,"NTS Energy Offtaken, Industrial Offtake Total",0.08370161
2022-11-30,"NTS Energy Offtaken, LDZ Offtake Total",2.005425783
2022-11-30,"NTS Energy Offtaken, Powerstations Total",0.898386829
2022-11-29,"NTS Energy Offtaken, Industrial Offtake Total",0.087314951
2022-11-29,"NTS Energy Offtaken, LDZ Offtake Total",2.036196042
2022-11-29,"NTS Energy Offtaken, Powerstations Total",0.918995203
2022-11-28,"NTS Energy Offtaken, Industrial Offtake Total",0.088598126
2022-11-28,"NTS Energy Offtaken, LDZ Offtake Total",1.807319088
2022-11-28,"NTS Energy Offtaken, Powerstations Total",0.929821187
2022-11-27,"NTS Energy Offtaken, Industrial Offtake Total",0.069124586
2022-11-27,"NTS Energy Offtaken, LDZ Offtake Total",1.446867993
2022-11-27,"NTS Energy Offtaken, Powerstations Total",0.678054373
2022-11-26,"NTS Energy Offtaken, Industrial Offtake Total",0.056003043
2022-11-26,"NTS Energy Offtaken, LDZ Offtake Total",1.509225778
2022-11-26,"NTS Energy Offtaken, Powerstations Total",0.478433938
2022-11-25,"NTS Energy Offtaken, Industrial Offtake Total",0.065144784
2022-11-25,"NTS Energy Offtaken, LDZ Offtake Total",1.68212506
2022-11-25,"NTS Energy Offtaken, Powerstations Total",0.629357148
2022-11-24,"NTS Energy Offtaken, Industrial Offtake Total",0.064481203
2022-11-24,"NTS Energy Offtaken, LDZ Offtake Total",1.80540571
2022-11-24,"NTS Energy Offtaken, Powerstations Total",0.55250669
2022-11-23,"NTS Energy Offtaken, Industrial Offtake Total",0.070141435
2022-11-23,"NTS Energy Offtaken, LDZ Offtake Total",1.779407889
2022-11-23,"NTS Energy Offtaken, Powerstations Total",0.76360847
2022-11-22,"NTS Energy Offtaken, Industrial Offtake Total",0.079383938
2022-11-22,"NTS Energy Offtaken, LDZ Offtake Total",1.873036285
2022-11-22,"NTS Energy Offtaken, Powerstations Total",0.833267085
2022-11-21,"NTS Energy Offtaken, Industrial Offtake Total",0.070300881
2022-11-21,"NTS Energy Offtaken, LDZ Offtake Total",1.980525294
2022-11-21,"NTS Energy Offtaken, Powerstations Total",0.79670037
2022-11-20,"NTS Energy Offtaken, Industrial Offtake Total",0.074732069
2022-11-20,"NTS Energy Offtaken, LDZ Offtake Total",1.602328599
2022-11-20,"NTS Energy Offtaken, Powerstations Total",0.821312715
2022-11-19,"NTS Energy Offtaken, Industrial Offtake Total",0.0711757
2022-11-19,"NTS Energy Offtaken, LDZ Offtake Total",1.516669364
2022-11-19,"NTS Energy Offtaken, Powerstations Total",0.752550403
2022-11-18,"NTS Energy Offtaken, Industrial Offtake Total",0.06984756
2022-11-18,"NTS Energy Offtaken, LDZ Offtake Total",1.549960206
2022-11-18,"NTS Energy Offtaken, Powerstations Total",0.725311784
2022-11-17,"NTS Energy Offtaken, Industrial Offtake Total",0.063635523
2022-11-17,"NTS Energy Offtaken, LDZ Offtake Total",1.566577437
2022-11-17,"NTS Energy Offtaken, Powerstations Total",0.607057867
2022-11-16,"NTS Energy Offtaken, Industrial Offtake Total",0.06957563
2022-11-16,"NTS Energy Offtaken, LDZ Offtake Total",1.547196789
2022-11-16,"NTS Energy Offtaken, Powerstations Total",0.615612436
2022-11-15,"NTS Energy Offtaken, Industrial Offtake Total",0.068014336
2022-11-15,"NTS Energy Offtaken, LDZ Offtake Total",1.40954015
2022-11-15,"NTS Energy Offtaken, Powerstations Total",0.663632463
2022-11-14,"NTS Energy Offtaken, Industrial Offtake Total",0.071060342
2022-11-14,"NTS Energy Offtaken, LDZ Offtake Total",1.277278053
2022-11-14,"NTS Energy Offtaken, Powerstations Total",0.699891499
2022-11-13,"NTS Energy Offtaken, Industrial Offtake Total",0.05961197
2022-11-13,"NTS Energy Offtaken, LDZ Offtake Total",1.116768607
2022-11-13,"NTS Energy Offtaken, Powerstations Total",0.585611332
2022-11-12,"NTS Energy Offtaken, Industrial Offtake Total",0.06117627
2022-11-12,"NTS Energy Offtaken, LDZ Offtake Total",1.054955437
2022-11-12,"NTS Energy Offtaken, Powerstations Total",0.672336667
2022-11-11,"NTS Energy Offtaken, Industrial Offtake Total",0.0510899
2022-11-11,"NTS Energy Offtaken, LDZ Offtake Total",1.069200502
2022-11-11,"NTS Energy Offtaken, Powerstations Total",0.47086891
2022-11-10,"NTS Energy Offtaken, Industrial Offtake Total",0.037992346
2022-11-10,"NTS Energy Offtaken, LDZ Offtake Total",1.249020938
2022-11-10,"NTS Energy Offtaken, Powerstations Total",0.376197677
2022-11-09,"NTS Energy Offtaken, Industrial Offtake Total",0.039572577
2022-11-09,"NTS Energy Offtaken, LDZ Offtake Total",1.303422902
2022-11-09,"NTS Energy Offtaken, Powerstations Total",0.442881992
2022-11-08,"NTS Energy Offtaken, Industrial Offtake Total",0.039556301
2022-11-08,"NTS Energy Offtaken, LDZ Offtake Total",1.279112287
2022-11-08,"NTS Energy Offtaken, Powerstations Total",0.348610209
2022-11-07,"NTS Energy Offtaken, Industrial Offtake Total",0.048546578
2022-11-07,"NTS Energy Offtaken, LDZ Offtake Total",1.282930932
2022-11-07,"NTS Energy Offtaken, Powerstations Total",0.390530676
2022-11-06,"NTS Energy Offtaken, Industrial Offtake Total",0.045791038
2022-11-06,"NTS Energy Offtaken, LDZ Offtake Total",1.282196851
2022-11-06,"NTS Energy Offtaken, Powerstations Total",0.296111393
2022-11-05,"NTS Energy Offtaken, Industrial Offtake Total",0.04856869
2022-11-05,"NTS Energy Offtaken, LDZ Offtake Total",1.331145631
2022-11-05,"NTS Energy Offtaken, Powerstations Total",0.462233502
2022-11-04,"NTS Energy Offtaken, Industrial Offtake Total",0.068423473
2022-11-04,"NTS Energy Offtaken, LDZ Offtake Total",1.427740484
2022-11-04,"NTS Energy Offtaken, Powerstations Total",0.633745338
2022-11-03,"NTS Energy Offtaken, Industrial Offtake Total",0.074155165
2022-11-03,"NTS Energy Offtaken, LDZ Offtake Total",1.33223558
2022-11-03,"NTS Energy Offtaken, Powerstations Total",0.638439386
2022-11-02,"NTS Energy Offtaken, Industrial Offtake Total",0.051240905
2022-11-02,"NTS Energy Offtaken, LDZ Offtake Total",1.339790444
2022-11-02,"NTS Energy Offtaken, Powerstations Total",0.344304546
2022-11-01,"NTS Energy Offtaken, Industrial Offtake Total",0.054866618
2022-11-01,"NTS Energy Offtaken, LDZ Offtake Total",1.133542211
2022-11-01,"NTS Energy Offtaken, Powerstations Total",0.300117692
2022-10-31,"NTS Energy Offtaken, Industrial Offtake Total",0.060040733
2022-10-31,"NTS Energy Offtaken, LDZ Offtake Total",1.006173344
2022-10-31,"NTS Energy Offtaken, Powerstations Total",0.486918505
2022-10-30,"NTS Energy Offtaken, Industrial Offtake Total",0.046118871
2022-10-30,"NTS Energy Offtaken, LDZ Offtake Total",0.893092542
2022-10-30,"NTS Energy Offtaken, Powerstations Total",0.326186438
2022-10-29,"NTS Energy Offtaken, Industrial Offtake Total",0.052184154
2022-10-29,"NTS Energy Offtaken, LDZ Offtake Total",0.872554409
2022-10-29,"NTS Energy Offtaken, Powerstations Total",0.460505647
2022-10-28,"NTS Energy Offtaken, Industrial Offtake Total",0.051489542
2022-10-28,"NTS Energy Offtaken, LDZ Offtake Total",0.845234872
2022-10-28,"NTS Energy Offtaken, Powerstations Total",0.534848289
2022-10-27,"NTS Energy Offtaken, Industrial Offtake Total",0.064058505
2022-10-27,"NTS Energy Offtaken, LDZ Offtake Total",0.884562209
2022-10-27,"NTS Energy Offtaken, Powerstations Total",0.607695636
2022-10-26,"NTS Energy Offtaken, Industrial Offtake Total",0.054635121
2022-10-26,"NTS Energy Offtaken, LDZ Offtake Total",0.87250193
2022-10-26,"NTS Energy Offtaken, Powerstations Total",0.456675109
2022-10-25,"NTS Energy Offtaken, Industrial Offtake Total",0.066870897
2022-10-25,"NTS Energy Offtaken, LDZ Offtake Total",0.95156175
2022-10-25,"NTS Energy Offtaken, Powerstations Total",0.694614041
2022-10-24,"NTS Energy Offtaken, Industrial Offtake Total",0.065230091
2022-10-24,"NTS Energy Offtaken, LDZ Offtake Total",0.936820029
2022-10-24,"NTS Energy Offtaken, Powerstations Total",0.600552894
2022-10-23,"NTS Energy Offtaken, Industrial Offtake Total",0.052872011
2022-10-23,"NTS Energy Offtaken, LDZ Offtake Total",0.822494506
2022-10-23,"NTS Energy Offtaken, Powerstations Total",0.491995155
2022-10-22,"NTS Energy Offtaken, Industrial Offtake Total",0.05516152
2022-10-22,"NTS Energy Offtaken, LDZ Offtake Total",0.817817615
2022-10-22,"NTS Energy Offtaken, Powerstations Total",0.634721776
2022-10-21,"NTS Energy Offtaken, Industrial Offtake Total",0.054893135
2022-10-21,"NTS Energy Offtaken, LDZ Offtake Total",0.989000046
2022-10-21,"NTS Energy Offtaken, Powerstations Total",0.746483574
2022-10-20,"NTS Energy Offtaken, Industrial Offtake Total",0.056442639
2022-10-20,"NTS Energy Offtaken, LDZ Offtake Total",1.032519358
2022-10-20,"NTS Energy Offtaken, Powerstations Total",0.837371203
2022-10-19,"NTS Energy Offtaken, Industrial Offtake Total",0.039853052
2022-10-19,"NTS Energy Offtaken, LDZ Offtake Total",1.009077895
2022-10-19,"NTS Energy Offtaken, Powerstations Total",0.603486759
2022-10-18,"NTS Energy Offtaken, Industrial Offtake Total",0.059499367
2022-10-18,"NTS Energy Offtaken, LDZ Offtake Total",1.038203413
2022-10-18,"NTS Energy Offtaken, Powerstations Total",0.829037469
2022-10-17,"NTS Energy Offtaken, Industrial Offtake Total",0.045451003
2022-10-17,"NTS Energy Offtaken, LDZ Offtake Total",0.917241861
2022-10-17,"NTS Energy Offtaken, Powerstations Total",0.577694041
2022-10-16,"NTS Energy Offtaken, Industrial Offtake Total",0.033553793
2022-10-16,"NTS Energy Offtaken, LDZ Offtake Total",0.963244285
2022-10-16,"NTS Energy Offtaken, Powerstations Total",0.335667987
2022-10-15,"NTS Energy Offtaken, Industrial Offtake Total",0.03015359
2022-10-15,"NTS Energy Offtaken, LDZ Offtake Total",0.94378432
2022-10-15,"NTS Energy Offtaken, Powerstations Total",0.314628979
2022-10-14,"NTS Energy Offtaken, Industrial Offtake Total",0.058531013
2022-10-14,"NTS Energy Offtaken, LDZ Offtake Total",1.017638496
2022-10-14,"NTS Energy Offtaken, Powerstations Total",0.775006036
2022-10-13,"NTS Energy Offtaken, Industrial Offtake Total",0.059652214
2022-10-13,"NTS Energy Offtaken, LDZ Offtake Total",1.013782448
2022-10-13,"NTS Energy Offtaken, Powerstations Total",0.802350597
2022-10-12,"NTS Energy Offtaken, Industrial Offtake Total",0.045872635
2022-10-12,"NTS Energy Offtaken, LDZ Offtake Total",1.136635253
2022-10-12,"NTS Energy Offtaken, Powerstations Total",0.786830858
2022-10-11,"NTS Energy Offtaken, Industrial Offtake Total",0.042951856
2022-10-11,"NTS Energy Offtaken, LDZ Offtake Total",1.128752456
2022-10-11,"NTS Energy Offtaken, Powerstations Total",0.731690673
2022-10-10,"NTS Energy Offtaken, Industrial Offtake Total",0.034098162
2022-10-10,"NTS Energy Offtaken, LDZ Offtake Total",1.001432599
2022-10-10,"NTS Energy Offtaken, Powerstations Total",0.524950621
2022-10-09,"NTS Energy Offtaken, Industrial Offtake Total",0.032636364
2022-10-09,"NTS Energy Offtaken, LDZ Offtake Total",0.925727631
2022-10-09,"NTS Energy Offtaken, Powerstations Total",0.241768671
2022-10-08,"NTS Energy Offtaken, Industrial Offtake Total",0.033742825
2022-10-08,"NTS Energy Offtaken, LDZ Offtake Total",0.874631987
2022-10-08,"NTS Energy Offtaken, Powerstations Total",0.408329256
2022-10-07,"NTS Energy Offtaken, Industrial Offtake Total",0.031898707
2022-10-07,"NTS Energy Offtaken, LDZ Offtake Total",0.894052627
2022-10-07,"NTS Energy Offtaken, Powerstations Total",0.27776912
2022-10-06,"NTS Energy Offtaken, Industrial Offtake Total",0.031971667
2022-10-06,"NTS Energy Offtaken, LDZ Offtake Total",0.939520048
2022-10-06,"NTS Energy Offtaken, Powerstations Total",0.373395471
2022-10-05,"NTS Energy Offtaken, Industrial Offtake Total",0.033719172
2022-10-05,"NTS Energy Offtaken, LDZ Offtake Total",0.882621229
2022-10-05,"NTS Energy Offtaken, Powerstations Total",0.347723028
2022-10-04,"NTS Energy Offtaken, Industrial Offtake Total",0.039303307
2022-10-04,"NTS Energy Offtaken, LDZ Offtake Total",0.812313968
2022-10-04,"NTS Energy Offtaken, Powerstations Total",0.480027185
2022-10-03,"NTS Energy Offtaken, Industrial Offtake Total",0.041180782
2022-10-03,"NTS Energy Offtaken, LDZ Offtake Total",0.931346292
2022-10-03,"NTS Energy Offtaken, Powerstations Total",0.685108763
2022-10-02,"NTS Energy Offtaken, Industrial Offtake Total",0.032338847
2022-10-02,"NTS Energy Offtaken, LDZ Offtake Total",0.787566354
2022-10-02,"NTS Energy Offtaken, Powerstations Total",0.444515804
2022-10-01,"NTS Energy Offtaken, Industrial Offtake Total",0.028851109
2022-10-01,"NTS Energy Offtaken, LDZ Offtake Total",0.781405896
2022-10-01,"NTS Energy Offtaken, Powerstations Total",0.198465383
2022-09-30,"NTS Energy Offtaken, Industrial Offtake Total",0.043254926
2022-09-30,"NTS Energy Offtaken, LDZ Offtake Total",1.064706786
2022-09-30,"NTS Energy Offtaken, Powerstations Total",0.49075365
2022-09-29,"NTS Energy Offtaken, Industrial Offtake Total",0.062876754
2022-09-29,"NTS Energy Offtaken, LDZ Offtake Total",1.023426245
2022-09-29,"NTS Energy Offtaken, Powerstations Total",0.837698999
2022-09-28,"NTS Energy Offtaken, Industrial Offtake Total",0.058721638
2022-09-28,"NTS Energy Offtaken, LDZ Offtake Total",1.069741798
2022-09-28,"NTS Energy Offtaken, Powerstations Total",0.789219219
2022-09-27,"NTS Energy Offtaken, Industrial Offtake Total",0.054934924
2022-09-27,"NTS Energy Offtaken, LDZ Offtake Total",1.040331399
2022-09-27,"NTS Energy Offtaken, Powerstations Total",0.663317963
2022-09-26,"NTS Energy Offtaken, Industrial Offtake Total",0.047076037
2022-09-26,"NTS Energy Offtaken, LDZ Offtake Total",0.858764095
2022-09-26,"NTS Energy Offtaken, Powerstations Total",0.387121642
2022-09-25,"NTS Energy Offtaken, Industrial Offtake Total",0.044442634
2022-09-25,"NTS Energy Offtaken, LDZ Offtake Total",0.791004576
2022-09-25,"NTS Energy Offtaken, Powerstations Total",0.420853758
2022-09-24,"NTS Energy Offtaken, Industrial Offtake Total",0.063204608
2022-09-24,"NTS Energy Offtaken, LDZ Offtake Total",0.702237884
2022-09-24,"NTS Energy Offtaken, Powerstations Total",0.633271929
2022-09-23,"NTS Energy Offtaken, Industrial Offtake Total",0.064841197
2022-09-23,"NTS Energy Offtaken, LDZ Offtake Total",0.74145741
2022-09-23,"NTS Energy Offtaken, Powerstations Total",0.722468973
2022-09-22,"NTS Energy Offtaken, Industrial Offtake Total",0.061299159
2022-09-22,"NTS Energy Offtaken, LDZ Offtake Total",0.735450372
2022-09-22,"NTS Energy Offtaken, Powerstations Total",0.72860869
2022-09-21,"NTS Energy Offtaken, Industrial Offtake Total",0.055723794
2022-09-21,"NTS Energy Offtaken, LDZ Offtake Total",0.691094371
2022-09-21,"NTS Energy Offtaken, Powerstations Total",0.682277973
2022-09-20,"NTS Energy Offtaken, Industrial Offtake Total",0.067499484
2022-09-20,"NTS Energy Offtaken, LDZ Offtake Total",0.720729581
2022-09-20,"NTS Energy Offtaken, Powerstations Total",0.80312392
2022-09-19,"NTS Energy Offtaken, Industrial Offtake Total",0.063440437
2022-09-19,"NTS Energy Offtaken, LDZ Offtake Total",0.668783061
2022-09-19,"NTS Energy Offtaken, Powerstations Total",0.720935851
2022-09-18,"NTS Energy Offtaken, Industrial Offtake Total",0.037099385
2022-09-18,"NTS Energy Offtaken, LDZ Offtake Total",0.654091099
2022-09-18,"NTS Energy Offtaken, Powerstations Total",0.313428322
2022-09-17,"NTS Energy Offtaken, Industrial Offtake Total",0.037416621
2022-09-17,"NTS Energy Offtaken, LDZ Offtake Total",0.657842989
2022-09-17,"NTS Energy Offtaken, Powerstations Total",0.257045204
2022-09-16,"NTS Energy Offtaken, Industrial Offtake Total",0.032643994
2022-09-16,"NTS Energy Offtaken, LDZ Offtake Total",0.674965265
2022-09-16,"NTS Energy Offtaken, Powerstations Total",0.292287013
2022-09-15,"NTS Energy Offtaken, Industrial Offtake Total",0.046619265
2022-09-15,"NTS Energy Offtaken, LDZ Offtake Total",0.626576122
2022-09-15,"NTS Energy Offtaken, Powerstations Total",0.528625373
2022-09-14,"NTS Energy Offtaken, Industrial Offtake Total",0.058728487
2022-09-14,"NTS Energy Offtaken, LDZ Offtake Total",0.661596307
2022-09-14,"NTS Energy Offtaken, Powerstations Total",0.709453512
2022-09-13,"NTS Energy Offtaken, Industrial Offtake Total",0.064835485
2022-09-13,"NTS Energy Offtaken, LDZ Offtake Total",0.609924378
2022-09-13,"NTS Energy Offtaken, Powerstations Total",0.745997713
2022-09-12,"NTS Energy Offtaken, Industrial Offtake Total",0.064470435
2022-09-12,"NTS Energy Offtaken, LDZ Offtake Total",0.582534793
2022-09-12,"NTS Energy Offtaken, Powerstations Total",0.662394082
2022-09-11,"NTS Energy Offtaken, Industrial Offtake Total",0.061080631
2022-09-11,"NTS Energy Offtaken, LDZ Offtake Total",0.529684571
2022-09-11,"NTS Energy Offtaken, Powerstations Total",0.594855636
2022-09-10,"NTS Energy Offtaken, Industrial Offtake Total",0.066565423
2022-09-10,"NTS Energy Offtaken, LDZ Offtake Total",0.531798431
2022-09-10,"NTS Energy Offtaken, Powerstations Total",0.694266913
2022-09-09,"NTS Energy Offtaken, Industrial Offtake Total",0.060665459
2022-09-09,"NTS Energy Offtaken, LDZ Offtake Total",0.570994027
2022-09-09,"NTS Energy Offtaken, Powerstations Total",0.73439917
2022-09-08,"NTS Energy Offtaken, Industrial Offtake Total",0.063518141
2022-09-08,"NTS Energy Offtaken, LDZ Offtake Total",0.595715709
2022-09-08,"NTS Energy Offtaken, Powerstations Total",0.724417345
2022-09-07,"NTS Energy Offtaken, Industrial Offtake Total",0.065308769
2022-09-07,"NTS Energy Offtaken, LDZ Offtake Total",0.577086226
2022-09-07,"NTS Energy Offtaken, Powerstations Total",0.77160034
2022-09-06,"NTS Energy Offtaken, Industrial Offtake Total",0.06172873
2022-09-06,"NTS Energy Offtaken, LDZ Offtake Total",0.567275435
2022-09-06,"NTS Energy Offtaken, Powerstations Total",0.686773542
2022-09-05,"NTS Energy Offtaken, Industrial Offtake Total",0.059512214
2022-09-05,"NTS Energy Offtaken, LDZ Offtake Total",0.560524333
2022-09-05,"NTS Energy Offtaken, Powerstations Total",0.630436107
2022-09-04,"NTS Energy Offtaken, Industrial Offtake Total",0.050663356
2022-09-04,"NTS Energy Offtaken, LDZ Offtake Total",0.520119087
2022-09-04,"NTS Energy Offtaken, Powerstations Total",0.468514039
2022-09-03,"NTS Energy Offtaken, Industrial Offtake Total",0.051645258
2022-09-03,"NTS Energy Offtaken, LDZ Offtake Total",0.503055226
2022-09-03,"NTS Energy Offtaken, Powerstations Total",0.49314466
2022-09-02,"NTS Energy Offtaken, Industrial Offtake Total",0.065438812
2022-09-02,"NTS Energy Offtaken, LDZ Offtake Total",0.56543778
2022-09-02,"NTS Energy Offtaken, Powerstations Total",0.672649642
2022-09-01,"NTS Energy Offtaken, Industrial Offtake Total",0.074937066
2022-09-01,"NTS Energy Offtaken, LDZ Offtake Total",0.59039677
2022-09-01,"NTS Energy Offtaken, Powerstations Total",0.736007348
2022-08-31,"NTS Energy Offtaken, Industrial Offtake Total",0.072399509
2022-08-31,"NTS Energy Offtaken, LDZ Offtake Total",0.573993596
2022-08-31,"NTS Energy Offtaken, Powerstations Total",0.696467146
2022-08-30,"NTS Energy Offtaken, Industrial Offtake Total",0.074724594
2022-08-30,"NTS Energy Offtaken, LDZ Offtake Total",0.561399997
2022-08-30,"NTS Energy Offtaken, Powerstations Total",0.715183006
2022-08-29,"NTS Energy Offtaken, Industrial Offtake Total",0.075598592
2022-08-29,"NTS Energy Offtaken, LDZ Offtake Total",0.526129313
2022-08-29,"NTS Energy Offtaken, Powerstations Total",0.689684407
2022-08-28,"NTS Energy Offtaken, Industrial Offtake Total",0.074398587
2022-08-28,"NTS Energy Offtaken, LDZ Offtake Total",0.493650499
2022-08-28,"NTS Energy Offtaken, Powerstations Total",0.605104813
2022-08-27,"NTS Energy Offtaken, Industrial Offtake Total",0.073220921
2022-08-27,"NTS Energy Offtaken, LDZ Offtake Total",0.508100069
2022-08-27,"NTS Energy Offtaken, Powerstations Total",0.683675145
2022-08-26,"NTS Energy Offtaken, Industrial Offtake Total",0.07678691
2022-08-26,"NTS Energy Offtaken, LDZ Offtake Total",0.591253445
2022-08-26,"NTS Energy Offtaken, Powerstations Total",0.711033112
2022-08-25,"NTS Energy Offtaken, Industrial Offtake Total",0.076198472
2022-08-25,"NTS Energy Offtaken, LDZ Offtake Total",0.609707946
2022-08-25,"NTS Energy Offtaken, Powerstations Total",0.704296655
2022-08-24,"NTS Energy Offtaken, Industrial Offtake Total",0.072583857
2022-08-24,"NTS Energy Offtaken, LDZ Offtake Total",0.565365097
2022-08-24,"NTS Energy Offtaken, Powerstations Total",0.672259587
2022-08-23,"NTS Energy Offtaken, Industrial Offtake Total",0.07218709
2022-08-23,"NTS Energy Offtaken, LDZ Offtake Total",0.571331172
2022-08-23,"NTS Energy Offtaken, Powerstations Total",0.686549647
2022-08-22,"NTS Energy Offtaken, Industrial Offtake Total",0.073317945
2022-08-22,"NTS Energy Offtaken, LDZ Offtake Total",0.540792824
2022-08-22,"NTS Energy Offtaken, Powerstations Total",0.647762414
2022-08-21,"NTS Energy Offtaken, Industrial Offtake Total",0.074944732
2022-08-21,"NTS Energy Offtaken, LDZ Offtake Total",0.500713961
2022-08-21,"NTS Energy Offtaken, Powerstations Total",0.520722067
2022-08-20,"NTS Energy Offtaken, Industrial Offtake Total",0.068894845
2022-08-20,"NTS Energy Offtaken, LDZ Offtake Total",0.457610926
2022-08-20,"NTS Energy Offtaken, Powerstations Total",0.439424504
2022-08-19,"NTS Energy Offtaken, Industrial Offtake Total",0.073903946
2022-08-19,"NTS Energy Offtaken, LDZ Offtake Total",0.526589952
2022-08-19,"NTS Energy Offtaken, Powerstations Total",0.594527151
2022-08-18,"NTS Energy Offtaken, Industrial Offtake Total",0.071860775
2022-08-18,"NTS Energy Offtaken, LDZ Offtake Total",0.538233577
2022-08-18,"NTS Energy Offtaken, Powerstations Total",0.607424265
2022-08-17,"NTS Energy Offtaken, Industrial Offtake Total",0.076975581
2022-08-17,"NTS Energy Offtaken, LDZ Offtake Total",0.589105697
2022-08-17,"NTS Energy Offtaken, Powerstations Total",0.739329781
2022-08-16,"NTS Energy Offtaken, Industrial Offtake Total",0.075788883
2022-08-16,"NTS Energy Offtaken, LDZ Offtake Total",0.560136829
2022-08-16,"NTS Energy Offtaken, Powerstations Total",0.694053027
2022-08-15,"NTS Energy Offtaken, Industrial Offtake Total",0.074549249
2022-08-15,"NTS Energy Offtaken, LDZ Offtake Total",0.511769033
2022-08-15,"NTS Energy Offtaken, Powerstations Total",0.725054268
2022-08-14,"NTS Energy Offtaken, Industrial Offtake Total",0.065348415
2022-08-14,"NTS Energy Offtaken, LDZ Offtake Total",0.440514074
2022-08-14,"NTS Energy Offtaken, Powerstations Total",0.594365938
2022-08-13,"NTS Energy Offtaken, Industrial Offtake Total",0.064088072
2022-08-13,"NTS Energy Offtaken, LDZ Offtake Total",0.427041836
2022-08-13,"NTS Energy Offtaken, Powerstations Total",0.650937091
2022-08-12,"NTS Energy Offtaken, Industrial Offtake Total",0.072631508
2022-08-12,"NTS Energy Offtaken, LDZ Offtake Total",0.473545464
2022-08-12,"NTS Energy Offtaken, Powerstations Total",0.764315318
2022-08-11,"NTS Energy Offtaken, Industrial Offtake Total",0.075154466
2022-08-11,"NTS Energy Offtaken, LDZ Offtake Total",0.538535995
2022-08-11,"NTS Energy Offtaken, Powerstations Total",0.759598529
2022-08-10,"NTS Energy Offtaken, Industrial Offtake Total",0.07383759
2022-08-10,"NTS Energy Offtaken, LDZ Offtake Total",0.529869786
2022-08-10,"NTS Energy Offtaken, Powerstations Total",0.742537457
2022-08-09,"NTS Energy Offtaken, Industrial Offtake Total",0.075941029
2022-08-09,"NTS Energy Offtaken, LDZ Offtake Total",0.523439897
2022-08-09,"NTS Energy Offtaken, Powerstations Total",0.717374765
2022-08-08,"NTS Energy Offtaken, Industrial Offtake Total",0.073950868
2022-08-08,"NTS Energy Offtaken, LDZ Offtake Total",0.527130466
2022-08-08,"NTS Energy Offtaken, Powerstations Total",0.760378822
2022-08-07,"NTS Energy Offtaken, Industrial Offtake Total",0.063191141
2022-08-07,"NTS Energy Offtaken, LDZ Offtake Total",0.481151091
2022-08-07,"NTS Energy Offtaken, Powerstations Total",0.458000675
2022-08-06,"NTS Energy Offtaken, Industrial Offtake Total",0.063551707
2022-08-06,"NTS Energy Offtaken, LDZ Offtake Total",0.486730466
2022-08-06,"NTS Energy Offtaken, Powerstations Total",0.41306655
2022-08-05,"NTS Energy Offtaken, Industrial Offtake Total",0.072529289
2022-08-05,"NTS Energy Offtaken, LDZ Offtake Total",0.536062604
2022-08-05,"NTS Energy Offtaken, Powerstations Total",0.644850592
2022-08-04,"NTS Energy Offtaken, Industrial Offtake Total",0.075413187
2022-08-04,"NTS Energy Offtaken, LDZ Offtake Total",0.547713286
2022-08-04,"NTS Energy Offtaken, Powerstations Total",0.770911159
2022-08-03,"NTS Energy Offtaken, Industrial Offtake Total",0.076713067
2022-08-03,"NTS Energy Offtaken, LDZ Offtake Total",0.530280782
2022-08-03,"NTS Energy Offtaken, Powerstations Total",0.624383471
2022-08-02,"NTS Energy Offtaken, Industrial Offtake Total",0.072744955
2022-08-02,"NTS Energy Offtaken, LDZ Offtake Total",0.491437204
2022-08-02,"NTS Energy Offtaken, Powerstations Total",0.387059542
2022-08-01,"NTS Energy Offtaken, Industrial Offtake Total",0.072828228
2022-08-01,"NTS Energy Offtaken, LDZ Offtake Total",0.518995946
2022-08-01,"NTS Energy Offtaken, Powerstations Total",0.614767181
2022-07-31,"NTS Energy Offtaken, Industrial Offtake Total",0.075905763
2022-07-31,"NTS Energy Offtaken, LDZ Offtake Total",0.482176866
2022-07-31,"NTS Energy Offtaken, Powerstations Total",0.643907864
2022-07-30,"NTS Energy Offtaken, Industrial Offtake Total",0.064773415
2022-07-30,"NTS Energy Offtaken, LDZ Offtake Total",0.494114394
2022-07-30,"NTS Energy Offtaken, Powerstations Total",0.631878257
2022-07-29,"NTS Energy Offtaken, Industrial Offtake Total",0.073132983
2022-07-29,"NTS Energy Offtaken, LDZ Offtake Total",0.569526232
2022-07-29,"NTS Energy Offtaken, Powerstations Total",0.696442992
2022-07-28,"NTS Energy Offtaken, Industrial Offtake Total",0.080133602
2022-07-28,"NTS Energy Offtaken, LDZ Offtake Total",0.543942055
2022-07-28,"NTS Energy Offtaken, Powerstations Total",0.761303835
2022-07-27,"NTS Energy Offtaken, Industrial Offtake Total",0.080895471
2022-07-27,"NTS Energy Offtaken, LDZ Offtake Total",0.5775912
2022-07-27,"NTS Energy Offtaken, Powerstations Total",0.690474096
2022-07-26,"NTS Energy Offtaken, Industrial Offtake Total",0.077333732
2022-07-26,"NTS Energy Offtaken, LDZ Offtake Total",0.606371239
2022-07-26,"NTS Energy Offtaken, Powerstations Total",0.682571663
2022-07-25,"NTS Energy Offtaken, Industrial Offtake Total",0.0676472
2022-07-25,"NTS Energy Offtaken, LDZ Offtake Total",0.531805207
2022-07-25,"NTS Energy Offtaken, Powerstations Total",0.468518313
2022-07-24,"NTS Energy Offtaken, Industrial Offtake Total",0.057733942
2022-07-24,"NTS Energy Offtaken, LDZ Offtake Total",0.474432143
2022-07-24,"NTS Energy Offtaken, Powerstations Total",0.311728824
2022-07-23,"NTS Energy Offtaken, Industrial Offtake Total",0.065720645
2022-07-23,"NTS Energy Offtaken, LDZ Offtake Total",0.495592437
2022-07-23,"NTS Energy Offtaken, Powerstations Total",0.41798566
2022-07-22,"NTS Energy Offtaken, Industrial Offtake Total",0.080738499
2022-07-22,"NTS Energy Offtaken, LDZ Offtake Total",0.563830478
2022-07-22,"NTS Energy Offtaken, Powerstations Total",0.740800342
2022-07-21,"NTS Energy Offtaken, Industrial Offtake Total",0.078370226
2022-07-21,"NTS Energy Offtaken, LDZ Offtake Total",0.552218988
2022-07-21,"NTS Energy Offtaken, Powerstations Total",0.740331463
2022-07-20,"NTS Energy Offtaken, Industrial Offtake Total",0.071620857
2022-07-20,"NTS Energy Offtaken, LDZ Offtake Total",0.502543388
2022-07-20,"NTS Energy Offtaken, Powerstations Total",0.636406684
2022-07-19,"NTS Energy Offtaken, Industrial Offtake Total",0.075238488
2022-07-19,"NTS Energy Offtaken, LDZ Offtake Total",0.515781876
2022-07-19,"NTS Energy Offtaken, Powerstations Total",0.6757625
2022-07-18,"NTS Energy Offtaken, Industrial Offtake Total",0.079629984
2022-07-18,"NTS Energy Offtaken, LDZ Offtake Total",0.505310148
2022-07-18,"NTS Energy Offtaken, Powerstations Total",0.728085388
2022-07-17,"NTS Energy Offtaken, Industrial Offtake Total",0.066138191
2022-07-17,"NTS Energy Offtaken, LDZ Offtake Total",0.465367916
2022-07-17,"NTS Energy Offtaken, Powerstations Total",0.565152062
2022-07-16,"NTS Energy Offtaken, Industrial Offtake Total",0.06664811
2022-07-16,"NTS Energy Offtaken, LDZ Offtake Total",0.468321125
2022-07-16,"NTS Energy Offtaken, Powerstations Total",0.632481755
2022-07-15,"NTS Energy Offtaken, Industrial Offtake Total",0.078748117
2022-07-15,"NTS Energy Offtaken, LDZ Offtake Total",0.536130881
2022-07-15,"NTS Energy Offtaken, Powerstations Total",0.67808967
2022-07-14,"NTS Energy Offtaken, Industrial Offtake Total",0.081902451
2022-07-14,"NTS Energy Offtaken, LDZ Offtake Total",0.557371963
2022-07-14,"NTS Energy Offtaken, Powerstations Total",0.671426938
2022-07-13,"NTS Energy Offtaken, Industrial Offtake Total",0.079174121
2022-07-13,"NTS Energy Offtaken, LDZ Offtake Total",0.584304529
2022-07-13,"NTS Energy Offtaken, Powerstations Total",0.63335836
2022-07-12,"NTS Energy Offtaken, Industrial Offtake Total",0.073489527
2022-07-12,"NTS Energy Offtaken, LDZ Offtake Total",0.588605907
2022-07-12,"NTS Energy Offtaken, Powerstations Total",0.628697633
2022-07-11,"NTS Energy Offtaken, Industrial Offtake Total",0.07293842
2022-07-11,"NTS Energy Offtaken, LDZ Offtake Total",0.579862558
2022-07-11,"NTS Energy Offtaken, Powerstations Total",0.647892462
2022-07-10,"NTS Energy Offtaken, Industrial Offtake Total",0.066714809
2022-07-10,"NTS Energy Offtaken, LDZ Offtake Total",0.512327773
2022-07-10,"NTS Energy Offtaken, Powerstations Total",0.58315054
2022-07-09,"NTS Energy Offtaken, Industrial Offtake Total",0.07475015
2022-07-09,"NTS Energy Offtaken, LDZ Offtake Total",0.502823308
2022-07-09,"NTS Energy Offtaken, Powerstations Total",0.528041463
2022-07-08,"NTS Energy Offtaken, Industrial Offtake Total",0.078770878
2022-07-08,"NTS Energy Offtaken, LDZ Offtake Total",0.577962369
2022-07-08,"NTS Energy Offtaken, Powerstations Total",0.609076554
2022-07-07,"NTS Energy Offtaken, Industrial Offtake Total",0.078842574
2022-07-07,"NTS Energy Offtaken, LDZ Offtake Total",0.62052087
2022-07-07,"NTS Energy Offtaken, Powerstations Total",0.657588724
2022-07-06,"NTS Energy Offtaken, Industrial Offtake Total",0.060385449
2022-07-06,"NTS Energy Offtaken, LDZ Offtake Total",0.616862582
2022-07-06,"NTS Energy Offtaken, Powerstations Total",0.448658905
2022-07-05,"NTS Energy Offtaken, Industrial Offtake Total",0.078875969
2022-07-05,"NTS Energy Offtaken, LDZ Offtake Total",0.658984681
2022-07-05,"NTS Energy Offtaken, Powerstations Total",0.650168668
2022-07-04,"NTS Energy Offtaken, Industrial Offtake Total",0.079425145
2022-07-04,"NTS Energy Offtaken, LDZ Offtake Total",0.599558533
2022-07-04,"NTS Energy Offtaken, Powerstations Total",0.531503642
2022-07-03,"NTS Energy Offtaken, Industrial Offtake Total",0.077804181
2022-07-03,"NTS Energy Offtaken, LDZ Offtake Total",0.561765956
2022-07-03,"NTS Energy Offtaken, Powerstations Total",0.523082687
2022-07-02,"NTS Energy Offtaken, Industrial Offtake Total",0.082046417
2022-07-02,"NTS Energy Offtaken, LDZ Offtake Total",0.556845774
2022-07-02,"NTS Energy Offtaken, Powerstations Total",0.538586932
2022-07-01,"NTS Energy Offtaken, Industrial Offtake Total",0.085143919
2022-07-01,"NTS Energy Offtaken, LDZ Offtake Total",0.651022551
2022-07-01,"NTS Energy Offtaken, Powerstations Total",0.661601693
2022-06-30,"NTS Energy Offtaken, Industrial Offtake Total",0.08536554
2022-06-30,"NTS Energy Offtaken, LDZ Offtake Total",0.705013043
2022-06-30,"NTS Energy Offtaken, Powerstations Total",0.759104407
2022-06-29,"NTS Energy Offtaken, Industrial Offtake Total",0.082399745
2022-06-29,"NTS Energy Offtaken, LDZ Offtake Total",0.676446721
2022-06-29,"NTS Energy Offtaken, Powerstations Total",0.69446455
2022-06-28,"NTS Energy Offtaken, Industrial Offtake Total",0.07856854
2022-06-28,"NTS Energy Offtaken, LDZ Offtake Total",0.629243056
2022-06-28,"NTS Energy Offtaken, Powerstations Total",0.590083277
2022-06-27,"NTS Energy Offtaken, Industrial Offtake Total",0.08181574
2022-06-27,"NTS Energy Offtaken, LDZ Offtake Total",0.622721869
2022-06-27,"NTS Energy Offtaken, Powerstations Total",0.68233208
2022-06-26,"NTS Energy Offtaken, Industrial Offtake Total",0.06343144
2022-06-26,"NTS Energy Offtaken, LDZ Offtake Total",0.535072238
2022-06-26,"NTS Energy Offtaken, Powerstations Total",0.33791644
2022-06-25,"NTS Energy Offtaken, Industrial Offtake Total",0.063289137
2022-06-25,"NTS Energy Offtaken, LDZ Offtake Total",0.510691274
2022-06-25,"NTS Energy Offtaken, Powerstations Total",0.309382882
2022-06-24,"NTS Energy Offtaken, Industrial Offtake Total",0.073902963
2022-06-24,"NTS Energy Offtaken, LDZ Offtake Total",0.577089279
2022-06-24,"NTS Energy Offtaken, Powerstations Total",0.630286163
2022-06-23,"NTS Energy Offtaken, Industrial Offtake Total",0.071750326
2022-06-23,"NTS Energy Offtaken, LDZ Offtake Total",0.570365653
2022-06-23,"NTS Energy Offtaken, Powerstations Total",0.785085223
2022-06-22,"NTS Energy Offtaken, Industrial Offtake Total",0.071135947
2022-06-22,"NTS Energy Offtaken, LDZ Offtake Total",0.568297162
2022-06-22,"NTS Energy Offtaken, Powerstations Total",0.78401648
2022-06-21,"NTS Energy Offtaken, Industrial Offtake Total",0.073605457
2022-06-21,"NTS Energy Offtaken, LDZ Offtake Total",0.602272839
2022-06-21,"NTS Energy Offtaken, Powerstations Total",0.814166881
2022-06-20,"NTS Energy Offtaken, Industrial Offtake Total",0.072493109
2022-06-20,"NTS Energy Offtaken, LDZ Offtake Total",0.604291928
2022-06-20,"NTS Energy Offtaken, Powerstations Total",0.715754505
2022-06-19,"NTS Energy Offtaken, Industrial Offtake Total",0.070066117
2022-06-19,"NTS Energy Offtaken, LDZ Offtake Total",0.589502982
2022-06-19,"NTS Energy Offtaken, Powerstations Total",0.434282566
2022-06-18,"NTS Energy Offtaken, Industrial Offtake Total",0.073099788
2022-06-18,"NTS Energy Offtaken, LDZ Offtake Total",0.545589183
2022-06-18,"NTS Energy Offtaken, Powerstations Total",0.441015489
2022-06-17,"NTS Energy Offtaken, Industrial Offtake Total",0.066348424
2022-06-17,"NTS Energy Offtaken, LDZ Offtake Total",0.519826851
2022-06-17,"NTS Energy Offtaken, Powerstations Total",0.441490244
2022-06-16,"NTS Energy Offtaken, Industrial Offtake Total",0.073382381
2022-06-16,"NTS Energy Offtaken, LDZ Offtake Total",0.550386775
2022-06-16,"NTS Energy Offtaken, Powerstations Total",0.662626497
2022-06-15,"NTS Energy Offtaken, Industrial Offtake Total",0.074223908
2022-06-15,"NTS Energy Offtaken, LDZ Offtake Total",0.595937018
2022-06-15,"NTS Energy Offtaken, Powerstations Total",0.721439697
2022-06-14,"NTS Energy Offtaken, Industrial Offtake Total",0.077913648
2022-06-14,"NTS Energy Offtaken, LDZ Offtake Total",0.652052386
2022-06-14,"NTS Energy Offtaken, Powerstations Total",0.7314025
2022-06-13,"NTS Energy Offtaken, Industrial Offtake Total",0.077674372
2022-06-13,"NTS Energy Offtaken, LDZ Offtake Total",0.677978478
2022-06-13,"NTS Energy Offtaken, Powerstations Total",0.622810904
2022-06-12,"NTS Energy Offtaken, Industrial Offtake Total",0.06996787
2022-06-12,"NTS Energy Offtaken, LDZ Offtake Total",0.596076516
2022-06-12,"NTS Energy Offtaken, Powerstations Total",0.267395969
2022-06-11,"NTS Energy Offtaken, Industrial Offtake Total",0.061222939
2022-06-11,"NTS Energy Offtaken, LDZ Offtake Total",0.575901487
2022-06-11,"NTS Energy Offtaken, Powerstations Total",0.258461555
2022-06-10,"NTS Energy Offtaken, Industrial Offtake Total",0.060564387
2022-06-10,"NTS Energy Offtaken, LDZ Offtake Total",0.604669296
2022-06-10,"NTS Energy Offtaken, Powerstations Total",0.40075322
2022-06-09,"NTS Energy Offtaken, Industrial Offtake Total",0.070732349
2022-06-09,"NTS Energy Offtaken, LDZ Offtake Total",0.660750656
2022-06-09,"NTS Energy Offtaken, Powerstations Total",0.624246097
2022-06-08,"NTS Energy Offtaken, Industrial Offtake Total",0.067948815
2022-06-08,"NTS Energy Offtaken, LDZ Offtake Total",0.684326541
2022-06-08,"NTS Energy Offtaken, Powerstations Total",0.673063019
2022-06-07,"NTS Energy Offtaken, Industrial Offtake Total",0.07457036
2022-06-07,"NTS Energy Offtaken, LDZ Offtake Total",0.69910464
2022-06-07,"NTS Energy Offtaken, Powerstations Total",0.769906929
2022-06-06,"NTS Energy Offtaken, Industrial Offtake Total",0.06212314
2022-06-06,"NTS Energy Offtaken, LDZ Offtake Total",0.781820454
2022-06-06,"NTS Energy Offtaken, Powerstations Total",0.695458274
2022-06-05,"NTS Energy Offtaken, Industrial Offtake Total",0.060977984
2022-06-05,"NTS Energy Offtaken, LDZ Offtake Total",0.817457139
2022-06-05,"NTS Energy Offtaken, Powerstations Total",0.502188236
2022-06-04,"NTS Energy Offtaken, Industrial Offtake Total",0.061829778
2022-06-04,"NTS Energy Offtaken, LDZ Offtake Total",0.646556691
2022-06-04,"NTS Energy Offtaken, Powerstations Total",0.441634062
2022-06-03,"NTS Energy Offtaken, Industrial Offtake Total",0.062681155
2022-06-03,"NTS Energy Offtaken, LDZ Offtake Total",0.615324839
2022-06-03,"NTS Energy Offtaken, Powerstations Total",0.57969555
2022-06-02,"NTS Energy Offtaken, Industrial Offtake Total",0.062828975
2022-06-02,"NTS Energy Offtaken, LDZ Offtake Total",0.678238547
2022-06-02,"NTS Energy Offtaken, Powerstations Total",0.780862416
2022-06-01,"NTS Energy Offtaken, Industrial Offtake Total",0.071143294
2022-06-01,"NTS Energy Offtaken, LDZ Offtake Total",0.790875472
2022-06-01,"NTS Energy Offtaken, Powerstations Total",0.862028035
2022-05-31,"NTS Energy Offtaken, Industrial Offtake Total",0.07929135
2022-05-31,"NTS Energy Offtaken, LDZ Offtake Total",0.888864686
2022-05-31,"NTS Energy Offtaken, Powerstations Total",0.833532241
2022-05-30,"NTS Energy Offtaken, Industrial Offtake Total",0.082085217
2022-05-30,"NTS Energy Offtaken, LDZ Offtake Total",0.933746203
2022-05-30,"NTS Energy Offtaken, Powerstations Total",0.818629577
2022-05-29,"NTS Energy Offtaken, Industrial Offtake Total",0.071473977
2022-05-29,"NTS Energy Offtaken, LDZ Offtake Total",0.784667274
2022-05-29,"NTS Energy Offtaken, Powerstations Total",0.48743
2022-05-28,"NTS Energy Offtaken, Industrial Offtake Total",0.061229914
2022-05-28,"NTS Energy Offtaken, LDZ Offtake Total",0.709468667
2022-05-28,"NTS Energy Offtaken, Powerstations Total",0.424620228
2022-05-27,"NTS Energy Offtaken, Industrial Offtake Total",0.060895946
2022-05-27,"NTS Energy Offtaken, LDZ Offtake Total",0.753714251
2022-05-27,"NTS Energy Offtaken, Powerstations Total",0.343475197
2022-05-26,"NTS Energy Offtaken, Industrial Offtake Total",0.059961716
2022-05-26,"NTS Energy Offtaken, LDZ Offtake Total",0.769158382
2022-05-26,"NTS Energy Offtaken, Powerstations Total",0.3380278
2022-05-25,"NTS Energy Offtaken, Industrial Offtake Total",0.059158312
2022-05-25,"NTS Energy Offtaken, LDZ Offtake Total",0.797966603
2022-05-25,"NTS Energy Offtaken, Powerstations Total",0.365722788
2022-05-24,"NTS Energy Offtaken, Industrial Offtake Total",0.067852662
2022-05-24,"NTS Energy Offtaken, LDZ Offtake Total",0.759126187
2022-05-24,"NTS Energy Offtaken, Powerstations Total",0.658540608
2022-05-23,"NTS Energy Offtaken, Industrial Offtake Total",0.077159268
2022-05-23,"NTS Energy Offtaken, LDZ Offtake Total",0.741247766
2022-05-23,"NTS Energy Offtaken, Powerstations Total",0.70545164
2022-05-22,"NTS Energy Offtaken, Industrial Offtake Total",0.062881548
2022-05-22,"NTS Energy Offtaken, LDZ Offtake Total",0.629533888
2022-05-22,"NTS Energy Offtaken, Powerstations Total",0.590671367
2022-05-21,"NTS Energy Offtaken, Industrial Offtake Total",0.070213159
2022-05-21,"NTS Energy Offtaken, LDZ Offtake Total",0.673394048
2022-05-21,"NTS Energy Offtaken, Powerstations Total",0.565045519
2022-05-20,"NTS Energy Offtaken, Industrial Offtake Total",0.065839188
2022-05-20,"NTS Energy Offtaken, LDZ Offtake Total",0.706137344
2022-05-20,"NTS Energy Offtaken, Powerstations Total",0.668875709
2022-05-19,"NTS Energy Offtaken, Industrial Offtake Total",0.05457042
2022-05-19,"NTS Energy Offtaken, LDZ Offtake Total",0.685991636
2022-05-19,"NTS Energy Offtaken, Powerstations Total",0.775406852
2022-05-18,"NTS Energy Offtaken, Industrial Offtake Total",0.05222108
2022-05-18,"NTS Energy Offtaken, LDZ Offtake Total",0.684131987
2022-05-18,"NTS Energy Offtaken, Powerstations Total",0.634647151
2022-05-17,"NTS Energy Offtaken, Industrial Offtake Total",0.058329586
2022-05-17,"NTS Energy Offtaken, LDZ Offtake Total",0.683976249
2022-05-17,"NTS Energy Offtaken, Powerstations Total",0.619679346
2022-05-16,"NTS Energy Offtaken, Industrial Offtake Total",0.059988199
2022-05-16,"NTS Energy Offtaken, LDZ Offtake Total",0.785448983
2022-05-16,"NTS Energy Offtaken, Powerstations Total",0.686885993
2022-05-15,"NTS Energy Offtaken, Industrial Offtake Total",0.060809282
2022-05-15,"NTS Energy Offtaken, LDZ Offtake Total",0.700543595
2022-05-15,"NTS Energy Offtaken, Powerstations Total",0.486653591
2022-05-14,"NTS Energy Offtaken, Industrial Offtake Total",0.063958461
2022-05-14,"NTS Energy Offtaken, LDZ Offtake Total",0.689866549
2022-05-14,"NTS Energy Offtaken, Powerstations Total",0.728657014
2022-05-13,"NTS Energy Offtaken, Industrial Offtake Total",0.062317494
2022-05-13,"NTS Energy Offtaken, LDZ Offtake Total",0.846165934
2022-05-13,"NTS Energy Offtaken, Powerstations Total",0.465801632
2022-05-12,"NTS Energy Offtaken, Industrial Offtake Total",0.063446978
2022-05-12,"NTS Energy Offtaken, LDZ Offtake Total",0.899005774
2022-05-12,"NTS Energy Offtaken, Powerstations Total",0.541224691
2022-05-11,"NTS Energy Offtaken, Industrial Offtake Total",0.063609678
2022-05-11,"NTS Energy Offtaken, LDZ Offtake Total",0.885923575
2022-05-11,"NTS Energy Offtaken, Powerstations Total",0.562481674
2022-05-10,"NTS Energy Offtaken, Industrial Offtake Total",0.06051797
2022-05-10,"NTS Energy Offtaken, LDZ Offtake Total",0.783463704
2022-05-10,"NTS Energy Offtaken, Powerstations Total",0.448091383
2022-05-09,"NTS Energy Offtaken, Industrial Offtake Total",0.057440347
2022-05-09,"NTS Energy Offtaken, LDZ Offtake Total",0.784931195
2022-05-09,"NTS Energy Offtaken, Powerstations Total",0.546886996
2022-05-08,"NTS Energy Offtaken, Industrial Offtake Total",0.057159707
2022-05-08,"NTS Energy Offtaken, LDZ Offtake Total",0.788942258
2022-05-08,"NTS Energy Offtaken, Powerstations Total",0.616191513
2022-05-07,"NTS Energy Offtaken, Industrial Offtake Total",0.061510955
2022-05-07,"NTS Energy Offtaken, LDZ Offtake Total",0.80271756
2022-05-07,"NTS Energy Offtaken, Powerstations Total",0.817162798
2022-05-06,"NTS Energy Offtaken, Industrial Offtake Total",0.058275272
2022-05-06,"NTS Energy Offtaken, LDZ Offtake Total",0.864306742
2022-05-06,"NTS Energy Offtaken, Powerstations Total",0.848712063
2022-05-05,"NTS Energy Offtaken, Industrial Offtake Total",0.054914793
2022-05-05,"NTS Energy Offtaken, LDZ Offtake Total",0.91922878
2022-05-05,"NTS Energy Offtaken, Powerstations Total",0.844676596
2022-05-04,"NTS Energy Offtaken, Industrial Offtake Total",0.055020398
2022-05-04,"NTS Energy Offtaken, LDZ Offtake Total",1.039589961
2022-05-04,"NTS Energy Offtaken, Powerstations Total",0.880564345
2022-05-03,"NTS Energy Offtaken, Industrial Offtake Total",0.054868491
2022-05-03,"NTS Energy Offtaken, LDZ Offtake Total",1.106064477
2022-05-03,"NTS Energy Offtaken, Powerstations Total",0.867257382
2022-05-02,"NTS Energy Offtaken, Industrial Offtake Total",0.055224155
2022-05-02,"NTS Energy Offtaken, LDZ Offtake Total",1.056530024
2022-05-02,"NTS Energy Offtaken, Powerstations Total",0.888530526
2022-05-01,"NTS Energy Offtaken, Industrial Offtake Total",0.054536713
2022-05-01,"NTS Energy Offtaken, LDZ Offtake Total",1.020143332
2022-05-01,"NTS Energy Offtaken, Powerstations Total",0.851830292
2022-04-30,"NTS Energy Offtaken, Industrial Offtake Total",0.053118229
2022-04-30,"NTS Energy Offtaken, LDZ Offtake Total",1.005713256
2022-04-30,"NTS Energy Offtaken, Powerstations Total",0.840306739
2022-04-29,"NTS Energy Offtaken, Industrial Offtake Total",0.055280474
2022-04-29,"NTS Energy Offtaken, LDZ Offtake Total",1.229614935
2022-04-29,"NTS Energy Offtaken, Powerstations Total",0.938942596
2022-04-28,"NTS Energy Offtaken, Industrial Offtake Total",0.056037004
2022-04-28,"NTS Energy Offtaken, LDZ Offtake Total",1.387311022
2022-04-28,"NTS Energy Offtaken, Powerstations Total",0.912998119
2022-04-27,"NTS Energy Offtaken, Industrial Offtake Total",0.059136643
2022-04-27,"NTS Energy Offtaken, LDZ Offtake Total",1.360582363
2022-04-27,"NTS Energy Offtaken, Powerstations Total",0.881584123
2022-04-26,"NTS Energy Offtaken, Industrial Offtake Total",0.058773767
2022-04-26,"NTS Energy Offtaken, LDZ Offtake Total",1.199961884
2022-04-26,"NTS Energy Offtaken, Powerstations Total",0.869825383
2022-04-25,"NTS Energy Offtaken, Industrial Offtake Total",0.065421124
2022-04-25,"NTS Energy Offtaken, LDZ Offtake Total",1.225799383
2022-04-25,"NTS Energy Offtaken, Powerstations Total",0.809164103
2022-04-24,"NTS Energy Offtaken, Industrial Offtake Total",0.055211781
2022-04-24,"NTS Energy Offtaken, LDZ Offtake Total",0.984207583
2022-04-24,"NTS Energy Offtaken, Powerstations Total",0.356312697
2022-04-23,"NTS Energy Offtaken, Industrial Offtake Total",0.055762599
2022-04-23,"NTS Energy Offtaken, LDZ Offtake Total",0.993720066
2022-04-23,"NTS Energy Offtaken, Powerstations Total",0.184609508
2022-04-22,"NTS Energy Offtaken, Industrial Offtake Total",0.057197844
2022-04-22,"NTS Energy Offtaken, LDZ Offtake Total",1.036200849
2022-04-22,"NTS Energy Offtaken, Powerstations Total",0.438263252
2022-04-21,"NTS Energy Offtaken, Industrial Offtake Total",0.05590361
2022-04-21,"NTS Energy Offtaken, LDZ Offtake Total",1.006152619
2022-04-21,"NTS Energy Offtaken, Powerstations Total",0.60182488
2022-04-20,"NTS Energy Offtaken, Industrial Offtake Total",0.055368545
2022-04-20,"NTS Energy Offtaken, LDZ Offtake Total",1.022063348
2022-04-20,"NTS Energy Offtaken, Powerstations Total",0.747260396
2022-04-19,"NTS Energy Offtaken, Industrial Offtake Total",0.057769185
2022-04-19,"NTS Energy Offtaken, LDZ Offtake Total",1.076606643
2022-04-19,"NTS Energy Offtaken, Powerstations Total",0.833317557
2022-04-18,"NTS Energy Offtaken, Industrial Offtake Total",0.057849269
2022-04-18,"NTS Energy Offtaken, LDZ Offtake Total",0.942586551
2022-04-18,"NTS Energy Offtaken, Powerstations Total",0.545510256
2022-04-17,"NTS Energy Offtaken, Industrial Offtake Total",0.05727802
2022-04-17,"NTS Energy Offtaken, LDZ Offtake Total",0.81367206
2022-04-17,"NTS Energy Offtaken, Powerstations Total",0.212292519
2022-04-16,"NTS Energy Offtaken, Industrial Offtake Total",0.057282322
2022-04-16,"NTS Energy Offtaken, LDZ Offtake Total",0.810620215
2022-04-16,"NTS Energy Offtaken, Powerstations Total",0.31322171
2022-04-15,"NTS Energy Offtaken, Industrial Offtake Total",0.057855793
2022-04-15,"NTS Energy Offtaken, LDZ Offtake Total",0.901583363
2022-04-15,"NTS Energy Offtaken, Powerstations Total",0.570661164
2022-04-14,"NTS Energy Offtaken, Industrial Offtake Total",0.060705422
2022-04-14,"NTS Energy Offtaken, LDZ Offtake Total",1.066390716
2022-04-14,"NTS Energy Offtaken, Powerstations Total",0.847756003
2022-04-13,"NTS Energy Offtaken, Industrial Offtake Total",0.08431869
2022-04-13,"NTS Energy Offtaken, LDZ Offtake Total",1.168653223
2022-04-13,"NTS Energy Offtaken, Powerstations Total",0.780825048
2022-04-12,"NTS Energy Offtaken, Industrial Offtake Total",0.072488741
2022-04-12,"NTS Energy Offtaken, LDZ Offtake Total",1.31404207
2022-04-12,"NTS Energy Offtaken, Powerstations Total",0.669232002
2022-04-11,"NTS Energy Offtaken, Industrial Offtake Total",0.059369196
2022-04-11,"NTS Energy Offtaken, LDZ Offtake Total",1.397726147
2022-04-11,"NTS Energy Offtaken, Powerstations Total",0.343620394
2022-04-10,"NTS Energy Offtaken, Industrial Offtake Total",0.077259846
2022-04-10,"NTS Energy Offtaken, LDZ Offtake Total",1.496495092
2022-04-10,"NTS Energy Offtaken, Powerstations Total",0.520694487
2022-04-09,"NTS Energy Offtaken, Industrial Offtake Total",0.069368634
2022-04-09,"NTS Energy Offtaken, LDZ Offtake Total",1.618022565
2022-04-09,"NTS Energy Offtaken, Powerstations Total",0.526682668
2022-04-08,"NTS Energy Offtaken, Industrial Offtake Total",0.070932105
2022-04-08,"NTS Energy Offtaken, LDZ Offtake Total",1.740698989
2022-04-08,"NTS Energy Offtaken, Powerstations Total",0.591169326
2022-04-07,"NTS Energy Offtaken, Industrial Offtake Total",0.059579466
2022-04-07,"NTS Energy Offtaken, LDZ Offtake Total",1.741402561
2022-04-07,"NTS Energy Offtaken, Powerstations Total",0.35245603
2022-04-06,"NTS Energy Offtaken, Industrial Offtake Total",0.056015844
2022-04-06,"NTS Energy Offtaken, LDZ Offtake Total",1.538838813
2022-04-06,"NTS Energy Offtaken, Powerstations Total",0.329645422
2022-04-05,"NTS Energy Offtaken, Industrial Offtake Total",0.068326049
2022-04-05,"NTS Energy Offtaken, LDZ Offtake Total",1.488413861
2022-04-05,"NTS Energy Offtaken, Powerstations Total",0.407723249
2022-04-04,"NTS Energy Offtaken, Industrial Offtake Total",0.073742042
2022-04-04,"NTS Energy Offtaken, LDZ Offtake Total",1.713314321
2022-04-04,"NTS Energy Offtaken, Powerstations Total",0.415158468
2022-04-03,"NTS Energy Offtaken, Industrial Offtake Total",0.072568175
2022-04-03,"NTS Energy Offtaken, LDZ Offtake Total",1.821281937
2022-04-03,"NTS Energy Offtaken, Powerstations Total",0.522390666
2022-04-02,"NTS Energy Offtaken, Industrial Offtake Total",0.077171424
2022-04-02,"NTS Energy Offtaken, LDZ Offtake Total",1.869266273
2022-04-02,"NTS Energy Offtaken, Powerstations Total",0.776612327
2022-04-01,"NTS Energy Offtaken, Industrial Offtake Total",0.076749493
2022-04-01,"NTS Energy Offtaken, LDZ Offtake Total",2.106802874
2022-04-01,"NTS Energy Offtaken, Powerstations Total",0.764293683
2022-03-31,"NTS Energy Offtaken, Industrial Offtake Total",0.06676725
2022-03-31,"NTS Energy Offtaken, LDZ Offtake Total",2.186188023
2022-03-31,"NTS Energy Offtaken, Powerstations Total",0.500638798
2022-03-30,"NTS Energy Offtaken, Industrial Offtake Total",0.070685969
2022-03-30,"NTS Energy Offtaken, LDZ Offtake Total",1.859144177
2022-03-30,"NTS Energy Offtaken, Powerstations Total",0.671679214
2022-03-29,"NTS Energy Offtaken, Industrial Offtake Total",0.079396176
2022-03-29,"NTS Energy Offtaken, LDZ Offtake Total",1.528723876
2022-03-29,"NTS Energy Offtaken, Powerstations Total",0.840484756
2022-03-28,"NTS Energy Offtaken, Industrial Offtake Total",0.0861494
2022-03-28,"NTS Energy Offtaken, LDZ Offtake Total",1.299670579
2022-03-28,"NTS Energy Offtaken, Powerstations Total",0.849684508
2022-03-27,"NTS Energy Offtaken, Industrial Offtake Total",0.075233666
2022-03-27,"NTS Energy Offtaken, LDZ Offtake Total",1.227358988
2022-03-27,"NTS Energy Offtaken, Powerstations Total",0.651308939
2022-03-26,"NTS Energy Offtaken, Industrial Offtake Total",0.067857349
2022-03-26,"NTS Energy Offtaken, LDZ Offtake Total",1.056124708
2022-03-26,"NTS Energy Offtaken, Powerstations Total",0.539126749
2022-03-25,"NTS Energy Offtaken, Industrial Offtake Total",0.078843939
2022-03-25,"NTS Energy Offtaken, LDZ Offtake Total",1.208247428
2022-03-25,"NTS Energy Offtaken, Powerstations Total",0.713811853
2022-03-24,"NTS Energy Offtaken, Industrial Offtake Total",0.081529048
2022-03-24,"NTS Energy Offtaken, LDZ Offtake Total",1.267326091
2022-03-24,"NTS Energy Offtaken, Powerstations Total",0.758583208
2022-03-23,"NTS Energy Offtaken, Industrial Offtake Total",0.078757616
2022-03-23,"NTS Energy Offtaken, LDZ Offtake Total",1.261886943
2022-03-23,"NTS Energy Offtaken, Powerstations Total",0.7466345
2022-03-22,"NTS Energy Offtaken, Industrial Offtake Total",0.073299663
2022-03-22,"NTS Energy Offtaken, LDZ Offtake Total",1.349204986
2022-03-22,"NTS Energy Offtaken, Powerstations Total",0.674937608
2022-03-21,"NTS Energy Offtaken, Industrial Offtake Total",0.087024877
2022-03-21,"NTS Energy Offtaken, LDZ Offtake Total",1.721214132
2022-03-21,"NTS Energy Offtaken, Powerstations Total",0.713673592
2022-03-20,"NTS Energy Offtaken, Industrial Offtake Total",0.065525368
2022-03-20,"NTS Energy Offtaken, LDZ Offtake Total",1.618973417
2022-03-20,"NTS Energy Offtaken, Powerstations Total",0.448479827
2022-03-19,"NTS Energy Offtaken, Industrial Offtake Total",0.054924372
2022-03-19,"NTS Energy Offtaken, LDZ Offtake Total",1.428993491
2022-03-19,"NTS Energy Offtaken, Powerstations Total",0.175126811
2022-03-18,"NTS Energy Offtaken, Industrial Offtake Total",0.07519778
2022-03-18,"NTS Energy Offtaken, LDZ Offtake Total",1.513229688
2022-03-18,"NTS Energy Offtaken, Powerstations Total",0.449897334
2022-03-17,"NTS Energy Offtaken, Industrial Offtake Total",0.065601684
2022-03-17,"NTS Energy Offtaken, LDZ Offtake Total",1.773306316
2022-03-17,"NTS Energy Offtaken, Powerstations Total",0.519055271
2022-03-16,"NTS Energy Offtaken, Industrial Offtake Total",0.068866254
2022-03-16,"NTS Energy Offtaken, LDZ Offtake Total",1.840137682
2022-03-16,"NTS Energy Offtaken, Powerstations Total",0.717466507
2022-03-15,"NTS Energy Offtaken, Industrial Offtake Total",0.074630888
2022-03-15,"NTS Energy Offtaken, LDZ Offtake Total",1.669552427
2022-03-15,"NTS Energy Offtaken, Powerstations Total",0.661285296
2022-03-14,"NTS Energy Offtaken, Industrial Offtake Total",0.076344501
2022-03-14,"NTS Energy Offtaken, LDZ Offtake Total",1.710280602
2022-03-14,"NTS Energy Offtaken, Powerstations Total",0.62128818
2022-03-13,"NTS Energy Offtaken, Industrial Offtake Total",0.069752635
2022-03-13,"NTS Energy Offtaken, LDZ Offtake Total",1.658094943
2022-03-13,"NTS Energy Offtaken, Powerstations Total",0.283717674
2022-03-12,"NTS Energy Offtaken, Industrial Offtake Total",0.057247722
2022-03-12,"NTS Energy Offtaken, LDZ Offtake Total",1.563415723
2022-03-12,"NTS Energy Offtaken, Powerstations Total",0.219201253
2022-03-11,"NTS Energy Offtaken, Industrial Offtake Total",0.05920814
2022-03-11,"NTS Energy Offtaken, LDZ Offtake Total",1.691091348
2022-03-11,"NTS Energy Offtaken, Powerstations Total",0.290067211
2022-03-10,"NTS Energy Offtaken, Industrial Offtake Total",0.05642985
2022-03-10,"NTS Energy Offtaken, LDZ Offtake Total",1.648800715
2022-03-10,"NTS Energy Offtaken, Powerstations Total",0.366022549
2022-03-09,"NTS Energy Offtaken, Industrial Offtake Total",0.05645124
2022-03-09,"NTS Energy Offtaken, LDZ Offtake Total",1.850685598
2022-03-09,"NTS Energy Offtaken, Powerstations Total",0.423113496
2022-03-08,"NTS Energy Offtaken, Industrial Offtake Total",0.056184938
2022-03-08,"NTS Energy Offtaken, LDZ Offtake Total",2.161522234
2022-03-08,"NTS Energy Offtaken, Powerstations Total",0.328713644
2022-03-07,"NTS Energy Offtaken, Industrial Offtake Total",0.062493426
2022-03-07,"NTS Energy Offtaken, LDZ Offtake Total",2.300476498
2022-03-07,"NTS Energy Offtaken, Powerstations Total",0.513074711
2022-03-06,"NTS Energy Offtaken, Industrial Offtake Total",0.061384067
2022-03-06,"NTS Energy Offtaken, LDZ Offtake Total",2.120327344
2022-03-06,"NTS Energy Offtaken, Powerstations Total",0.523791068
2022-03-05,"NTS Energy Offtaken, Industrial Offtake Total",0.05707914
2022-03-05,"NTS Energy Offtaken, LDZ Offtake Total",2.076945196
2022-03-05,"NTS Energy Offtaken, Powerstations Total",0.471752677
2022-03-04,"NTS Energy Offtaken, Industrial Offtake Total",0.073320518
2022-03-04,"NTS Energy Offtaken, LDZ Offtake Total",2.047357356
2022-03-04,"NTS Energy Offtaken, Powerstations Total",0.652611143
2022-03-03,"NTS Energy Offtaken, Industrial Offtake Total",0.062658906
2022-03-03,"NTS Energy Offtaken, LDZ Offtake Total",2.033224481
2022-03-03,"NTS Energy Offtaken, Powerstations Total",0.640737733
2022-03-02,"NTS Energy Offtaken, Industrial Offtake Total",0.063472046
2022-03-02,"NTS Energy Offtaken, LDZ Offtake Total",2.198214257
2022-03-02,"NTS Energy Offtaken, Powerstations Total",0.554784565
2022-03-01,"NTS Energy Offtaken, Industrial Offtake Total",0.073347089
2022-03-01,"NTS Energy Offtaken, LDZ Offtake Total",2.118183248
2022-03-01,"NTS Energy Offtaken, Powerstations Total",0.656080914
2022-02-28,"NTS Energy Offtaken, Industrial Offtake Total",0.063903546
2022-02-28,"NTS Energy Offtaken, LDZ Offtake Total",2.089363015
2022-02-28,"NTS Energy Offtaken, Powerstations Total",0.548759891
2022-02-27,"NTS Energy Offtaken, Industrial Offtake Total",0.056439299
2022-02-27,"NTS Energy Offtaken, LDZ Offtake Total",1.954593042
2022-02-27,"NTS Energy Offtaken, Powerstations Total",0.172913341
2022-02-26,"NTS Energy Offtaken, Industrial Offtake Total",0.057112644
2022-02-26,"NTS Energy Offtaken, LDZ Offtake Total",1.997286411
2022-02-26,"NTS Energy Offtaken, Powerstations Total",0.233886176
2022-02-25,"NTS Energy Offtaken, Industrial Offtake Total",0.06130211
2022-02-25,"NTS Energy Offtaken, LDZ Offtake Total",2.165050819
2022-02-25,"NTS Energy Offtaken, Powerstations Total",0.505093473
2022-02-24,"NTS Energy Offtaken, Industrial Offtake Total",0.060727602
2022-02-24,"NTS Energy Offtaken, LDZ Offtake Total",2.317463724
2022-02-24,"NTS Energy Offtaken, Powerstations Total",0.22411152
2022-02-23,"NTS Energy Offtaken, Industrial Offtake Total",0.056470266
2022-02-23,"NTS Energy Offtaken, LDZ Offtake Total",2.126529989
2022-02-23,"NTS Energy Offtaken, Powerstations Total",0.2944116
2022-02-22,"NTS Energy Offtaken, Industrial Offtake Total",0.056896327
2022-02-22,"NTS Energy Offtaken, LDZ Offtake Total",2.045386799
2022-02-22,"NTS Energy Offtaken, Powerstations Total",0.300992633
2022-02-21,"NTS Energy Offtaken, Industrial Offtake Total",0.066028642
2022-02-21,"NTS Energy Offtaken, LDZ Offtake Total",2.294474194
2022-02-21,"NTS Energy Offtaken, Powerstations Total",0.396695121
2022-02-20,"NTS Energy Offtaken, Industrial Offtake Total",0.057574525
2022-02-20,"NTS Energy Offtaken, LDZ Offtake Total",2.114538327
2022-02-20,"NTS Energy Offtaken, Powerstations Total",0.196363938
2022-02-19,"NTS Energy Offtaken, Industrial Offtake Total",0.059740325
2022-02-19,"NTS Energy Offtaken, LDZ Offtake Total",2.350805582
2022-02-19,"NTS Energy Offtaken, Powerstations Total",0.381152349
2022-02-18,"NTS Energy Offtaken, Industrial Offtake Total",0.066313937
2022-02-18,"NTS Energy Offtaken, LDZ Offtake Total",2.295882013
2022-02-18,"NTS Energy Offtaken, Powerstations Total",0.329582698
2022-02-17,"NTS Energy Offtaken, Industrial Offtake Total",0.056811528
2022-02-17,"NTS Energy Offtaken, LDZ Offtake Total",2.07280909
2022-02-17,"NTS Energy Offtaken, Powerstations Total",0.296287606
2022-02-16,"NTS Energy Offtaken, Industrial Offtake Total",0.045094554
2022-02-16,"NTS Energy Offtaken, LDZ Offtake Total",1.902680278
2022-02-16,"NTS Energy Offtaken, Powerstations Total",0.26985156
2022-02-15,"NTS Energy Offtaken, Industrial Offtake Total",0.043292927
2022-02-15,"NTS Energy Offtaken, LDZ Offtake Total",2.210848092
2022-02-15,"NTS Energy Offtaken, Powerstations Total",0.426986113
2022-02-14,"NTS Energy Offtaken, Industrial Offtake Total",0.041094118
2022-02-14,"NTS Energy Offtaken, LDZ Offtake Total",2.174595946
2022-02-14,"NTS Energy Offtaken, Powerstations Total",0.414274719
2022-02-13,"NTS Energy Offtaken, Industrial Offtake Total",0.038520677
2022-02-13,"NTS Energy Offtaken, LDZ Offtake Total",2.036011178
2022-02-13,"NTS Energy Offtaken, Powerstations Total",0.340941041
2022-02-12,"NTS Energy Offtaken, Industrial Offtake Total",0.039032749
2022-02-12,"NTS Energy Offtaken, LDZ Offtake Total",2.181884701
2022-02-12,"NTS Energy Offtaken, Powerstations Total",0.258443581
2022-02-11,"NTS Energy Offtaken, Industrial Offtake Total",0.049269934
2022-02-11,"NTS Energy Offtaken, LDZ Offtake Total",2.357510205
2022-02-11,"NTS Energy Offtaken, Powerstations Total",0.610762963
2022-02-10,"NTS Energy Offtaken, Industrial Offtake Total",0.040059448
2022-02-10,"NTS Energy Offtaken, LDZ Offtake Total",2.263048847
2022-02-10,"NTS Energy Offtaken, Powerstations Total",0.500147928
2022-02-09,"NTS Energy Offtaken, Industrial Offtake Total",0.042519743
2022-02-09,"NTS Energy Offtaken, LDZ Offtake Total",1.966064893
2022-02-09,"NTS Energy Offtaken, Powerstations Total",0.468933295
2022-02-08,"NTS Energy Offtaken, Industrial Offtake Total",0.037978903
2022-02-08,"NTS Energy Offtaken, LDZ Offtake Total",1.922310408
2022-02-08,"NTS Energy Offtaken, Powerstations Total",0.386242352
2022-02-07,"NTS Energy Offtaken, Industrial Offtake Total",0.038237978
2022-02-07,"NTS Energy Offtaken, LDZ Offtake Total",2.278392659
2022-02-07,"NTS Energy Offtaken, Powerstations Total",0.462400727
2022-02-06,"NTS Energy Offtaken, Industrial Offtake Total",0.035858919
2022-02-06,"NTS Energy Offtaken, LDZ Offtake Total",2.138445372
2022-02-06,"NTS Energy Offtaken, Powerstations Total",0.188045798
2022-02-05,"NTS Energy Offtaken, Industrial Offtake Total",0.034957085
2022-02-05,"NTS Energy Offtaken, LDZ Offtake Total",2.192128215
2022-02-05,"NTS Energy Offtaken, Powerstations Total",0.201358963
2022-02-04,"NTS Energy Offtaken, Industrial Offtake Total",0.036884201
2022-02-04,"NTS Energy Offtaken, LDZ Offtake Total",2.214938455
2022-02-04,"NTS Energy Offtaken, Powerstations Total",0.341755708
2022-02-03,"NTS Energy Offtaken, Industrial Offtake Total",0.035341888
2022-02-03,"NTS Energy Offtaken, LDZ Offtake Total",1.945886826
2022-02-03,"NTS Energy Offtaken, Powerstations Total",0.476597011
2022-02-02,"NTS Energy Offtaken, Industrial Offtake Total",0.047580849
2022-02-02,"NTS Energy Offtaken, LDZ Offtake Total",1.905097462
2022-02-02,"NTS Energy Offtaken, Powerstations Total",0.580024112
2022-02-01,"NTS Energy Offtaken, Industrial Offtake Total",0.036293561
2022-02-01,"NTS Energy Offtaken, LDZ Offtake Total",1.988881014
2022-02-01,"NTS Energy Offtaken, Powerstations Total",0.360577971
2022-01-31,"NTS Energy Offtaken, Industrial Offtake Total",0.041985637
2022-01-31,"NTS Energy Offtaken, LDZ Offtake Total",2.354587846
2022-01-31,"NTS Energy Offtaken, Powerstations Total",0.474533602
2022-01-30,"NTS Energy Offtaken, Industrial Offtake Total",0.054080611
2022-01-30,"NTS Energy Offtaken, LDZ Offtake Total",2.16606932
2022-01-30,"NTS Energy Offtaken, Powerstations Total",0.397395358
2022-01-29,"NTS Energy Offtaken, Industrial Offtake Total",0.053877571
2022-01-29,"NTS Energy Offtaken, LDZ Offtake Total",1.893608909
2022-01-29,"NTS Energy Offtaken, Powerstations Total",0.278533325
2022-01-28,"NTS Energy Offtaken, Industrial Offtake Total",0.058631043
2022-01-28,"NTS Energy Offtaken, LDZ Offtake Total",2.263307481
2022-01-28,"NTS Energy Offtaken, Powerstations Total",0.553942439
2022-01-27,"NTS Energy Offtaken, Industrial Offtake Total",0.066446469
2022-01-27,"NTS Energy Offtaken, LDZ Offtake Total",2.210891941
2022-01-27,"NTS Energy Offtaken, Powerstations Total",0.689555502
2022-01-26,"NTS Energy Offtaken, Industrial Offtake Total",0.064328737
2022-01-26,"NTS Energy Offtaken, LDZ Offtake Total",2.396762026
2022-01-26,"NTS Energy Offtaken, Powerstations Total",0.604439556
2022-01-25,"NTS Energy Offtaken, Industrial Offtake Total",0.074258625
2022-01-25,"NTS Energy Offtaken, LDZ Offtake Total",2.727748328
2022-01-25,"NTS Energy Offtaken, Powerstations Total",0.918523333
2022-01-24,"NTS Energy Offtaken, Industrial Offtake Total",0.074397182
2022-01-24,"NTS Energy Offtaken, LDZ Offtake Total",2.620316249
2022-01-24,"NTS Energy Offtaken, Powerstations Total",0.957963595
2022-01-23,"NTS Energy Offtaken, Industrial Offtake Total",0.063639572
2022-01-23,"NTS Energy Offtaken, LDZ Offtake Total",2.313772859
2022-01-23,"NTS Energy Offtaken, Powerstations Total",0.693072027
2022-01-22,"NTS Energy Offtaken, Industrial Offtake Total",0.059309416
2022-01-22,"NTS Energy Offtaken, LDZ Offtake Total",2.332601513
2022-01-22,"NTS Energy Offtaken, Powerstations Total",0.699882277
2022-01-21,"NTS Energy Offtaken, Industrial Offtake Total",0.063767249
2022-01-21,"NTS Energy Offtaken, LDZ Offtake Total",2.703258444
2022-01-21,"NTS Energy Offtaken, Powerstations Total",0.830879094
2022-01-20,"NTS Energy Offtaken, Industrial Offtake Total",0.069723272
2022-01-20,"NTS Energy Offtaken, LDZ Offtake Total",2.705815982
2022-01-20,"NTS Energy Offtaken, Powerstations Total",0.880961457
2022-01-19,"NTS Energy Offtaken, Industrial Offtake Total",0.059380609
2022-01-19,"NTS Energy Offtaken, LDZ Offtake Total",2.400588487
2022-01-19,"NTS Energy Offtaken, Powerstations Total",0.686060266
2022-01-18,"NTS Energy Offtaken, Industrial Offtake Total",0.065085052
2022-01-18,"NTS Energy Offtaken, LDZ Offtake Total",2.635021337
2022-01-18,"NTS Energy Offtaken, Powerstations Total",0.827168755
2022-01-17,"NTS Energy Offtaken, Industrial Offtake Total",0.063889315
2022-01-17,"NTS Energy Offtaken, LDZ Offtake Total",2.490463561
2022-01-17,"NTS Energy Offtaken, Powerstations Total",0.866029096
2022-01-16,"NTS Energy Offtaken, Industrial Offtake Total",0.049078143
2022-01-16,"NTS Energy Offtaken, LDZ Offtake Total",2.26375179
2022-01-16,"NTS Energy Offtaken, Powerstations Total",0.560063568
2022-01-15,"NTS Energy Offtaken, Industrial Offtake Total",0.061013144
2022-01-15,"NTS Energy Offtaken, LDZ Offtake Total",2.48954611
2022-01-15,"NTS Energy Offtaken, Powerstations Total",0.739447455
2022-01-14,"NTS Energy Offtaken, Industrial Offtake Total",0.071789381
2022-01-14,"NTS Energy Offtaken, LDZ Offtake Total",2.54555806
2022-01-14,"NTS Energy Offtaken, Powerstations Total",0.901613618
2022-01-13,"NTS Energy Offtaken, Industrial Offtake Total",0.066552401
2022-01-13,"NTS Energy Offtaken, LDZ Offtake Total",2.467834135
2022-01-13,"NTS Energy Offtaken, Powerstations Total",0.873412971
2022-01-12,"NTS Energy Offtaken, Industrial Offtake Total",0.063111208
2022-01-12,"NTS Energy Offtaken, LDZ Offtake Total",2.414525797
2022-01-12,"NTS Energy Offtaken, Powerstations Total",0.919740456
2022-01-11,"NTS Energy Offtaken, Industrial Offtake Total",0.064251962
2022-01-11,"NTS Energy Offtaken, LDZ Offtake Total",2.179699677
2022-01-11,"NTS Energy Offtaken, Powerstations Total",0.905046841
2022-01-10,"NTS Energy Offtaken, Industrial Offtake Total",0.064542313
2022-01-10,"NTS Energy Offtaken, LDZ Offtake Total",2.371826119
2022-01-10,"NTS Energy Offtaken, Powerstations Total",0.810486765
2022-01-09,"NTS Energy Offtaken, Industrial Offtake Total",0.048181308
2022-01-09,"NTS Energy Offtaken, LDZ Offtake Total",2.337657223
2022-01-09,"NTS Energy Offtaken, Powerstations Total",0.612262225
2022-01-08,"NTS Energy Offtaken, Industrial Offtake Total",0.047191
2022-01-08,"NTS Energy Offtaken, LDZ Offtake Total",2.333548046
2022-01-08,"NTS Energy Offtaken, Powerstations Total",0.339063316
2022-01-07,"NTS Energy Offtaken, Industrial Offtake Total",0.051183767
2022-01-07,"NTS Energy Offtaken, LDZ Offtake Total",2.697838583
2022-01-07,"NTS Energy Offtaken, Powerstations Total",0.523195223
2022-01-06,"NTS Energy Offtaken, Industrial Offtake Total",0.044500412
2022-01-06,"NTS Energy Offtaken, LDZ Offtake Total",2.806648977
2022-01-06,"NTS Energy Offtaken, Powerstations Total",0.541557851
2022-01-05,"NTS Energy Offtaken, Industrial Offtake Total",0.050857727
2022-01-05,"NTS Energy Offtaken, LDZ Offtake Total",2.683213036
2022-01-05,"NTS Energy Offtaken, Powerstations Total",0.657200764
2022-01-04,"NTS Energy Offtaken, Industrial Offtake Total",0.043527456
2022-01-04,"NTS Energy Offtaken, LDZ Offtake Total",2.444341457
2022-01-04,"NTS Energy Offtaken, Powerstations Total",0.417939927
2022-01-03,"NTS Energy Offtaken, Industrial Offtake Total",0.047742973
2022-01-03,"NTS Energy Offtaken, LDZ Offtake Total",1.88120168
2022-01-03,"NTS Energy Offtaken, Powerstations Total",0.299600966
2022-01-02,"NTS Energy Offtaken, Industrial Offtake Total",0.040261669
2022-01-02,"NTS Energy Offtaken, LDZ Offtake Total",1.574262625
2022-01-02,"NTS Energy Offtaken, Powerstations Total",0.17056949
2022-01-01,"NTS Energy Offtaken, Industrial Offtake Total",0.039974245
2022-01-01,"NTS Energy Offtaken, LDZ Offtake Total",1.298334564
2022-01-01,"NTS Energy Offtaken, Powerstations Total",0.156066462
2021-12-31,"NTS Energy Offtaken, Industrial Offtake Total",0.041332862
2021-12-31,"NTS Energy Offtaken, LDZ Offtake Total",1.359399702
2021-12-31,"NTS Energy Offtaken, Powerstations Total",0.216548234
2021-12-30,"NTS Energy Offtaken, Industrial Offtake Total",0.043184476
2021-12-30,"NTS Energy Offtaken, LDZ Offtake Total",1.465177535
2021-12-30,"NTS Energy Offtaken, Powerstations Total",0.200369147
2021-12-29,"NTS Energy Offtaken, Industrial Offtake Total",0.043393797
2021-12-29,"NTS Energy Offtaken, LDZ Offtake Total",1.747323686
2021-12-29,"NTS Energy Offtaken, Powerstations Total",0.228211223
2021-12-28,"NTS Energy Offtaken, Industrial Offtake Total",0.047840668
2021-12-28,"NTS Energy Offtaken, LDZ Offtake Total",1.824742065
2021-12-28,"NTS Energy Offtaken, Powerstations Total",0.470451169
2021-12-27,"NTS Energy Offtaken, Industrial Offtake Total",0.056472493
2021-12-27,"NTS Energy Offtaken, LDZ Offtake Total",1.885892821
2021-12-27,"NTS Energy Offtaken, Powerstations Total",0.496147092
2021-12-26,"NTS Energy Offtaken, Industrial Offtake Total",0.048412143
2021-12-26,"NTS Energy Offtaken, LDZ Offtake Total",1.985344875
2021-12-26,"NTS Energy Offtaken, Powerstations Total",0.380870585
2021-12-25,"NTS Energy Offtaken, Industrial Offtake Total",0.043736973
2021-12-25,"NTS Energy Offtaken, LDZ Offtake Total",1.966268488
2021-12-25,"NTS Energy Offtaken, Powerstations Total",0.215752454
2021-12-24,"NTS Energy Offtaken, Industrial Offtake Total",0.055625582
2021-12-24,"NTS Energy Offtaken, LDZ Offtake Total",1.93917295
2021-12-24,"NTS Energy Offtaken, Powerstations Total",0.491491474
2021-12-23,"NTS Energy Offtaken, Industrial Offtake Total",0.057507876
2021-12-23,"NTS Energy Offtaken, LDZ Offtake Total",2.170778142
2021-12-23,"NTS Energy Offtaken, Powerstations Total",0.678777892
2021-12-22,"NTS Energy Offtaken, Industrial Offtake Total",0.060356585
2021-12-22,"NTS Energy Offtaken, LDZ Offtake Total",2.664939755
2021-12-22,"NTS Energy Offtaken, Powerstations Total",0.824661387
2021-12-21,"NTS Energy Offtaken, Industrial Offtake Total",0.070884896
2021-12-21,"NTS Energy Offtaken, LDZ Offtake Total",2.535989956
2021-12-21,"NTS Energy Offtaken, Powerstations Total",0.922644774
2021-12-20,"NTS Energy Offtaken, Industrial Offtake Total",0.073075601
2021-12-20,"NTS Energy Offtaken, LDZ Offtake Total",2.371874864
2021-12-20,"NTS Energy Offtaken, Powerstations Total",0.958515057
2021-12-19,"NTS Energy Offtaken, Industrial Offtake Total",0.063087978
2021-12-19,"NTS Energy Offtaken, LDZ Offtake Total",2.254029119
2021-12-19,"NTS Energy Offtaken, Powerstations Total",0.849429172
2021-12-18,"NTS Energy Offtaken, Industrial Offtake Total",0.058977872
2021-12-18,"NTS Energy Offtaken, LDZ Offtake Total",2.070543831
2021-12-18,"NTS Energy Offtaken, Powerstations Total",0.833427622
2021-12-17,"NTS Energy Offtaken, Industrial Offtake Total",0.064019583
2021-12-17,"NTS Energy Offtaken, LDZ Offtake Total",2.100083021
2021-12-17,"NTS Energy Offtaken, Powerstations Total",0.88494911
2021-12-16,"NTS Energy Offtaken, Industrial Offtake Total",0.070129923
2021-12-16,"NTS Energy Offtaken, LDZ Offtake Total",1.928750978
2021-12-16,"NTS Energy Offtaken, Powerstations Total",0.905096
2021-12-15,"NTS Energy Offtaken, Industrial Offtake Total",0.061256177
2021-12-15,"NTS Energy Offtaken, LDZ Offtake Total",1.81726281
2021-12-15,"NTS Energy Offtaken, Powerstations Total",0.723291121
2021-12-14,"NTS Energy Offtaken, Industrial Offtake Total",0.055317611
2021-12-14,"NTS Energy Offtaken, LDZ Offtake Total",1.882089856
2021-12-14,"NTS Energy Offtaken, Powerstations Total",0.617122777
2021-12-13,"NTS Energy Offtaken, Industrial Offtake Total",0.054942292
2021-12-13,"NTS Energy Offtaken, LDZ Offtake Total",1.944816549
2021-12-13,"NTS Energy Offtaken, Powerstations Total",0.736496386
2021-12-12,"NTS Energy Offtaken, Industrial Offtake Total",0.049508978
2021-12-12,"NTS Energy Offtaken, LDZ Offtake Total",1.72109313
2021-12-12,"NTS Energy Offtaken, Powerstations Total",0.366264739
2021-12-11,"NTS Energy Offtaken, Industrial Offtake Total",0.054585702
2021-12-11,"NTS Energy Offtaken, LDZ Offtake Total",2.237078729
2021-12-11,"NTS Energy Offtaken, Powerstations Total",0.498569722
2021-12-10,"NTS Energy Offtaken, Industrial Offtake Total",0.052511748
2021-12-10,"NTS Energy Offtaken, LDZ Offtake Total",2.466071306
2021-12-10,"NTS Energy Offtaken, Powerstations Total",0.678305705
2021-12-09,"NTS Energy Offtaken, Industrial Offtake Total",0.059672275
2021-12-09,"NTS Energy Offtaken, LDZ Offtake Total",2.422898118
2021-12-09,"NTS Energy Offtaken, Powerstations Total",0.730871579
2021-12-08,"NTS Energy Offtaken, Industrial Offtake Total",0.059363875
2021-12-08,"NTS Energy Offtaken, LDZ Offtake Total",2.54633539
2021-12-08,"NTS Energy Offtaken, Powerstations Total",0.659231823
2021-12-07,"NTS Energy Offtaken, Industrial Offtake Total",0.057588466
2021-12-07,"NTS Energy Offtaken, LDZ Offtake Total",2.641999289
2021-12-07,"NTS Energy Offtaken, Powerstations Total",0.65877378
2021-12-06,"NTS Energy Offtaken, Industrial Offtake Total",0.062150141
2021-12-06,"NTS Energy Offtaken, LDZ Offtake Total",2.610413283
2021-12-06,"NTS Energy Offtaken, Powerstations Total",0.760645253
2021-12-05,"NTS Energy Offtaken, Industrial Offtake Total",0.057197409
2021-12-05,"NTS Energy Offtaken, LDZ Offtake Total",2.36631227
2021-12-05,"NTS Energy Offtaken, Powerstations Total",0.637004258
2021-12-04,"NTS Energy Offtaken, Industrial Offtake Total",0.04480779
2021-12-04,"NTS Energy Offtaken, LDZ Offtake Total",2.236056395
2021-12-04,"NTS Energy Offtaken, Powerstations Total",0.443117637
2021-12-03,"NTS Energy Offtaken, Industrial Offtake Total",0.063654612
2021-12-03,"NTS Energy Offtaken, LDZ Offtake Total",2.393666344
2021-12-03,"NTS Energy Offtaken, Powerstations Total",0.739153961
2021-12-02,"NTS Energy Offtaken, Industrial Offtake Total",0.066013556
2021-12-02,"NTS Energy Offtaken, LDZ Offtake Total",2.693643329
2021-12-02,"NTS Energy Offtaken, Powerstations Total",0.746237901
2021-12-01,"NTS Energy Offtaken, Industrial Offtake Total",0.053274249
2021-12-01,"NTS Energy Offtaken, LDZ Offtake Total",2.277699704
2021-12-01,"NTS Energy Offtaken, Powerstations Total",0.539715338
2021-11-30,"NTS Energy Offtaken, Industrial Offtake Total",0.054076746
2021-11-30,"NTS Energy Offtaken, LDZ Offtake Total",2.121913687
2021-11-30,"NTS Energy Offtaken, Powerstations Total",0.562186516
2021-11-29,"NTS Energy Offtaken, Industrial Offtake Total",0.081305292
2021-11-29,"NTS Energy Offtaken, LDZ Offtake Total",2.846012185
2021-11-29,"NTS Energy Offtaken, Powerstations Total",0.737185851
2021-11-28,"NTS Energy Offtaken, Industrial Offtake Total",0.070163147
2021-11-28,"NTS Energy Offtaken, LDZ Offtake Total",2.720179039
2021-11-28,"NTS Energy Offtaken, Powerstations Total",0.710011506
2021-11-27,"NTS Energy Offtaken, Industrial Offtake Total",0.06618641
2021-11-27,"NTS Energy Offtaken, LDZ Offtake Total",2.625446977
2021-11-27,"NTS Energy Offtaken, Powerstations Total",0.49356004
2021-11-26,"NTS Energy Offtaken, Industrial Offtake Total",0.061252543
2021-11-26,"NTS Energy Offtaken, LDZ Offtake Total",2.403181666
2021-11-26,"NTS Energy Offtaken, Powerstations Total",0.496338315
2021-11-25,"NTS Energy Offtaken, Industrial Offtake Total",0.068925631
2021-11-25,"NTS Energy Offtaken, LDZ Offtake Total",2.341357104
2021-11-25,"NTS Energy Offtaken, Powerstations Total",0.640819208
2021-11-24,"NTS Energy Offtaken, Industrial Offtake Total",0.08196696
2021-11-24,"NTS Energy Offtaken, LDZ Offtake Total",2.216907502
2021-11-24,"NTS Energy Offtaken, Powerstations Total",0.801604089
2021-11-23,"NTS Energy Offtaken, Industrial Offtake Total",0.087293361
2021-11-23,"NTS Energy Offtaken, LDZ Offtake Total",2.250122417
2021-11-23,"NTS Energy Offtaken, Powerstations Total",0.862438064
2021-11-22,"NTS Energy Offtaken, Industrial Offtake Total",0.079893011
2021-11-22,"NTS Energy Offtaken, LDZ Offtake Total",2.2559968
2021-11-22,"NTS Energy Offtaken, Powerstations Total",0.761574604
2021-11-21,"NTS Energy Offtaken, Industrial Offtake Total",0.059944505
2021-11-21,"NTS Energy Offtaken, LDZ Offtake Total",1.938723753
2021-11-21,"NTS Energy Offtaken, Powerstations Total",0.360758187
2021-11-20,"NTS Energy Offtaken, Industrial Offtake Total",0.05946089
2021-11-20,"NTS Energy Offtaken, LDZ Offtake Total",1.542102937
2021-11-20,"NTS Energy Offtaken, Powerstations Total",0.430562492
2021-11-19,"NTS Energy Offtaken, Industrial Offtake Total",0.065319972
2021-11-19,"NTS Energy Offtaken, LDZ Offtake Total",1.505350678
2021-11-19,"NTS Energy Offtaken, Powerstations Total",0.573392321
2021-11-18,"NTS Energy Offtaken, Industrial Offtake Total",0.063036308
2021-11-18,"NTS Energy Offtaken, LDZ Offtake Total",1.656409052
2021-11-18,"NTS Energy Offtaken, Powerstations Total",0.46796293
2021-11-17,"NTS Energy Offtaken, Industrial Offtake Total",0.062761843
2021-11-17,"NTS Energy Offtaken, LDZ Offtake Total",1.749208652
2021-11-17,"NTS Energy Offtaken, Powerstations Total",0.481046336
2021-11-16,"NTS Energy Offtaken, Industrial Offtake Total",0.071831204
2021-11-16,"NTS Energy Offtaken, LDZ Offtake Total",1.708972343
2021-11-16,"NTS Energy Offtaken, Powerstations Total",0.637982041
2021-11-15,"NTS Energy Offtaken, Industrial Offtake Total",0.084452009
2021-11-15,"NTS Energy Offtaken, LDZ Offtake Total",1.693087584
2021-11-15,"NTS Energy Offtaken, Powerstations Total",0.800158493
2021-11-14,"NTS Energy Offtaken, Industrial Offtake Total",0.068156602
2021-11-14,"NTS Energy Offtaken, LDZ Offtake Total",1.493713131
2021-11-14,"NTS Energy Offtaken, Powerstations Total",0.582625698
2021-11-13,"NTS Energy Offtaken, Industrial Offtake Total",0.064791504
2021-11-13,"NTS Energy Offtaken, LDZ Offtake Total",1.441265111
2021-11-13,"NTS Energy Offtaken, Powerstations Total",0.537783118
2021-11-12,"NTS Energy Offtaken, Industrial Offtake Total",0.06516634
2021-11-12,"NTS Energy Offtaken, LDZ Offtake Total",1.509268269
2021-11-12,"NTS Energy Offtaken, Powerstations Total",0.366435889
2021-11-11,"NTS Energy Offtaken, Industrial Offtake Total",0.077556774
2021-11-11,"NTS Energy Offtaken, LDZ Offtake Total",1.502119808
2021-11-11,"NTS Energy Offtaken, Powerstations Total",0.675671938
2021-11-10,"NTS Energy Offtaken, Industrial Offtake Total",0.083933411
2021-11-10,"NTS Energy Offtaken, LDZ Offtake Total",1.535332918
2021-11-10,"NTS Energy Offtaken, Powerstations Total",0.855645233
2021-11-09,"NTS Energy Offtaken, Industrial Offtake Total",0.074546124
2021-11-09,"NTS Energy Offtaken, LDZ Offtake Total",1.443220392
2021-11-09,"NTS Energy Offtaken, Powerstations Total",0.650787133
2021-11-08,"NTS Energy Offtaken, Industrial Offtake Total",0.075592658
2021-11-08,"NTS Energy Offtaken, LDZ Offtake Total",1.793921621
2021-11-08,"NTS Energy Offtaken, Powerstations Total",0.676581343
2021-11-07,"NTS Energy Offtaken, Industrial Offtake Total",0.061003716
2021-11-07,"NTS Energy Offtaken, LDZ Offtake Total",1.637641768
2021-11-07,"NTS Energy Offtaken, Powerstations Total",0.318464038
2021-11-06,"NTS Energy Offtaken, Industrial Offtake Total",0.058117833
2021-11-06,"NTS Energy Offtaken, LDZ Offtake Total",1.57397679
2021-11-06,"NTS Energy Offtaken, Powerstations Total",0.237615175
2021-11-05,"NTS Energy Offtaken, Industrial Offtake Total",0.074997542
2021-11-05,"NTS Energy Offtaken, LDZ Offtake Total",1.992132436
2021-11-05,"NTS Energy Offtaken, Powerstations Total",0.615249713
2021-11-04,"NTS Energy Offtaken, Industrial Offtake Total",0.074308703
2021-11-04,"NTS Energy Offtaken, LDZ Offtake Total",2.040630292
2021-11-04,"NTS Energy Offtaken, Powerstations Total",0.567544918
2021-11-03,"NTS Energy Offtaken, Industrial Offtake Total",0.081180776
2021-11-03,"NTS Energy Offtaken, LDZ Offtake Total",1.987595557
2021-11-03,"NTS Energy Offtaken, Powerstations Total",0.690117849
2021-11-02,"NTS Energy Offtaken, Industrial Offtake Total",0.088951716
2021-11-02,"NTS Energy Offtaken, LDZ Offtake Total",1.837750891
2021-11-02,"NTS Energy Offtaken, Powerstations Total",0.832745312
2021-11-01,"NTS Energy Offtaken, Industrial Offtake Total",0.06778554
2021-11-01,"NTS Energy Offtaken, LDZ Offtake Total",1.693330826
2021-11-01,"NTS Energy Offtaken, Powerstations Total",0.419598066
2021-10-31,"NTS Energy Offtaken, Industrial Offtake Total",0.057677151
2021-10-31,"NTS Energy Offtaken, LDZ Offtake Total",1.445451627
2021-10-31,"NTS Energy Offtaken, Powerstations Total",0.221333228
2021-10-30,"NTS Energy Offtaken, Industrial Offtake Total",0.066378416
2021-10-30,"NTS Energy Offtaken, LDZ Offtake Total",1.325342408
2021-10-30,"NTS Energy Offtaken, Powerstations Total",0.328090137
2021-10-29,"NTS Energy Offtaken, Industrial Offtake Total",0.074243185
2021-10-29,"NTS Energy Offtaken, LDZ Offtake Total",1.225828206
2021-10-29,"NTS Energy Offtaken, Powerstations Total",0.404661699
2021-10-28,"NTS Energy Offtaken, Industrial Offtake Total",0.074230357
2021-10-28,"NTS Energy Offtaken, LDZ Offtake Total",1.150875999
2021-10-28,"NTS Energy Offtaken, Powerstations Total",0.396664944
2021-10-27,"NTS Energy Offtaken, Industrial Offtake Total",0.073215349
2021-10-27,"NTS Energy Offtaken, LDZ Offtake Total",1.113322552
2021-10-27,"NTS Energy Offtaken, Powerstations Total",0.359645051
2021-10-26,"NTS Energy Offtaken, Industrial Offtake Total",0.06871773
2021-10-26,"NTS Energy Offtaken, LDZ Offtake Total",1.274365843
2021-10-26,"NTS Energy Offtaken, Powerstations Total",0.410945985
2021-10-25,"NTS Energy Offtaken, Industrial Offtake Total",0.066250507
2021-10-25,"NTS Energy Offtaken, LDZ Offtake Total",1.27980443
2021-10-25,"NTS Energy Offtaken, Powerstations Total",0.510070206
2021-10-24,"NTS Energy Offtaken, Industrial Offtake Total",0.064070453
2021-10-24,"NTS Energy Offtaken, LDZ Offtake Total",1.238218153
2021-10-24,"NTS Energy Offtaken, Powerstations Total",0.228397409
2021-10-23,"NTS Energy Offtaken, Industrial Offtake Total",0.064883849
2021-10-23,"NTS Energy Offtaken, LDZ Offtake Total",1.334785778
2021-10-23,"NTS Energy Offtaken, Powerstations Total",0.391709847
2021-10-22,"NTS Energy Offtaken, Industrial Offtake Total",0.067441637
2021-10-22,"NTS Energy Offtaken, LDZ Offtake Total",1.566560127
2021-10-22,"NTS Energy Offtaken, Powerstations Total",0.62543119
2021-10-21,"NTS Energy Offtaken, Industrial Offtake Total",0.064408167
2021-10-21,"NTS Energy Offtaken, LDZ Offtake Total",1.485027625
2021-10-21,"NTS Energy Offtaken, Powerstations Total",0.335872507
2021-10-20,"NTS Energy Offtaken, Industrial Offtake Total",0.062906719
2021-10-20,"NTS Energy Offtaken, LDZ Offtake Total",1.082947864
2021-10-20,"NTS Energy Offtaken, Powerstations Total",0.420688522
2021-10-19,"NTS Energy Offtaken, Industrial Offtake Total",0.060417842
2021-10-19,"NTS Energy Offtaken, LDZ Offtake Total",0.930139612
2021-10-19,"NTS Energy Offtaken, Powerstations Total",0.37473389
2021-10-18,"NTS Energy Offtaken, Industrial Offtake Total",0.061653178
2021-10-18,"NTS Energy Offtaken, LDZ Offtake Total",1.145711169
2021-10-18,"NTS Energy Offtaken, Powerstations Total",0.519077781
2021-10-17,"NTS Energy Offtaken, Industrial Offtake Total",0.06312351
2021-10-17,"NTS Energy Offtaken, LDZ Offtake Total",1.083660638
2021-10-17,"NTS Energy Offtaken, Powerstations Total",0.464236938
2021-10-16,"NTS Energy Offtaken, Industrial Offtake Total",0.065344719
2021-10-16,"NTS Energy Offtaken, LDZ Offtake Total",1.200987374
2021-10-16,"NTS Energy Offtaken, Powerstations Total",0.626229752
2021-10-15,"NTS Energy Offtaken, Industrial Offtake Total",0.066989828
2021-10-15,"NTS Energy Offtaken, LDZ Offtake Total",1.207451279
2021-10-15,"NTS Energy Offtaken, Powerstations Total",0.750896884
2021-10-14,"NTS Energy Offtaken, Industrial Offtake Total",0.062486899
2021-10-14,"NTS Energy Offtaken, LDZ Offtake Total",1.125402625
2021-10-14,"NTS Energy Offtaken, Powerstations Total",0.449983511
2021-10-13,"NTS Energy Offtaken, Industrial Offtake Total",0.063842173
2021-10-13,"NTS Energy Offtaken, LDZ Offtake Total",1.178035953
2021-10-13,"NTS Energy Offtaken, Powerstations Total",0.65586356
2021-10-12,"NTS Energy Offtaken, Industrial Offtake Total",0.06785027
2021-10-12,"NTS Energy Offtaken, LDZ Offtake Total",1.221427666
2021-10-12,"NTS Energy Offtaken, Powerstations Total",0.701759601
2021-10-11,"NTS Energy Offtaken, Industrial Offtake Total",0.061779274
2021-10-11,"NTS Energy Offtaken, LDZ Offtake Total",1.162661943
2021-10-11,"NTS Energy Offtaken, Powerstations Total",0.633918831
2021-10-10,"NTS Energy Offtaken, Industrial Offtake Total",0.061151368
2021-10-10,"NTS Energy Offtaken, LDZ Offtake Total",0.944807547
2021-10-10,"NTS Energy Offtaken, Powerstations Total",0.443630157
2021-10-09,"NTS Energy Offtaken, Industrial Offtake Total",0.066505582
2021-10-09,"NTS Energy Offtaken, LDZ Offtake Total",0.859503149
2021-10-09,"NTS Energy Offtaken, Powerstations Total",0.60851951
2021-10-08,"NTS Energy Offtaken, Industrial Offtake Total",0.064658665
2021-10-08,"NTS Energy Offtaken, LDZ Offtake Total",0.880542624
2021-10-08,"NTS Energy Offtaken, Powerstations Total",0.675246279
2021-10-07,"NTS Energy Offtaken, Industrial Offtake Total",0.066514251
2021-10-07,"NTS Energy Offtaken, LDZ Offtake Total",0.979381422
2021-10-07,"NTS Energy Offtaken, Powerstations Total",0.568194204
2021-10-06,"NTS Energy Offtaken, Industrial Offtake Total",0.067897804
2021-10-06,"NTS Energy Offtaken, LDZ Offtake Total",1.187833095
2021-10-06,"NTS Energy Offtaken, Powerstations Total",0.558590729
2021-10-05,"NTS Energy Offtaken, Industrial Offtake Total",0.062647759
2021-10-05,"NTS Energy Offtaken, LDZ Offtake Total",1.25022141
2021-10-05,"NTS Energy Offtaken, Powerstations Total",0.375774173
2021-10-04,"NTS Energy Offtaken, Industrial Offtake Total",0.064714242
2021-10-04,"NTS Energy Offtaken, LDZ Offtake Total",1.158609183
2021-10-04,"NTS Energy Offtaken, Powerstations Total",0.510818271
2021-10-03,"NTS Energy Offtaken, Industrial Offtake Total",0.057544387
2021-10-03,"NTS Energy Offtaken, LDZ Offtake Total",1.090634342
2021-10-03,"NTS Energy Offtaken, Powerstations Total",0.220414974
2021-10-02,"NTS Energy Offtaken, Industrial Offtake Total",0.058404787
2021-10-02,"NTS Energy Offtaken, LDZ Offtake Total",1.194222635
2021-10-02,"NTS Energy Offtaken, Powerstations Total",0.344591338
2021-10-01,"NTS Energy Offtaken, Industrial Offtake Total",0.06085849
2021-10-01,"NTS Energy Offtaken, LDZ Offtake Total",0.977372246
2021-10-01,"NTS Energy Offtaken, Powerstations Total",0.305013239
2021-09-30,"NTS Energy Offtaken, Industrial Offtake Total",0.058820477
2021-09-30,"NTS Energy Offtaken, LDZ Offtake Total",1.154572706
2021-09-30,"NTS Energy Offtaken, Powerstations Total",0.392307542
2021-09-29,"NTS Energy Offtaken, Industrial Offtake Total",0.058657651
2021-09-29,"NTS Energy Offtaken, LDZ Offtake Total",1.030741875
2021-09-29,"NTS Energy Offtaken, Powerstations Total",0.425746675
2021-09-28,"NTS Energy Offtaken, Industrial Offtake Total",0.058995366
2021-09-28,"NTS Energy Offtaken, LDZ Offtake Total",0.943699658
2021-09-28,"NTS Energy Offtaken, Powerstations Total",0.521921239
2021-09-27,"NTS Energy Offtaken, Industrial Offtake Total",0.05365369
2021-09-27,"NTS Energy Offtaken, LDZ Offtake Total",0.734972907
2021-09-27,"NTS Energy Offtaken, Powerstations Total",0.334582321
2021-09-26,"NTS Energy Offtaken, Industrial Offtake Total",0.053076795
2021-09-26,"NTS Energy Offtaken, LDZ Offtake Total",0.580476409
2021-09-26,"NTS Energy Offtaken, Powerstations Total",0.298580051
2021-09-25,"NTS Energy Offtaken, Industrial Offtake Total",0.052330512
2021-09-25,"NTS Energy Offtaken, LDZ Offtake Total",0.611862465
2021-09-25,"NTS Energy Offtaken, Powerstations Total",0.56186732
2021-09-24,"NTS Energy Offtaken, Industrial Offtake Total",0.048640755
2021-09-24,"NTS Energy Offtaken, LDZ Offtake Total",0.662706641
2021-09-24,"NTS Energy Offtaken, Powerstations Total",0.415332287
2021-09-23,"NTS Energy Offtaken, Industrial Offtake Total",0.043906122
2021-09-23,"NTS Energy Offtaken, LDZ Offtake Total",0.729123811
2021-09-23,"NTS Energy Offtaken, Powerstations Total",0.4562775
2021-09-22,"NTS Energy Offtaken, Industrial Offtake Total",0.040202009
2021-09-22,"NTS Energy Offtaken, LDZ Offtake Total",0.707657682
2021-09-22,"NTS Energy Offtaken, Powerstations Total",0.459067381
2021-09-21,"NTS Energy Offtaken, Industrial Offtake Total",0.039507801
2021-09-21,"NTS Energy Offtaken, LDZ Offtake Total",0.711700407
2021-09-21,"NTS Energy Offtaken, Powerstations Total",0.644876739
2021-09-20,"NTS Energy Offtaken, Industrial Offtake Total",0.040525731
2021-09-20,"NTS Energy Offtaken, LDZ Offtake Total",0.705577622
2021-09-20,"NTS Energy Offtaken, Powerstations Total",0.664122432
2021-09-19,"NTS Energy Offtaken, Industrial Offtake Total",0.038345336
2021-09-19,"NTS Energy Offtaken, LDZ Offtake Total",0.608114829
2021-09-19,"NTS Energy Offtaken, Powerstations Total",0.641759291
2021-09-18,"NTS Energy Offtaken, Industrial Offtake Total",0.037982653
2021-09-18,"NTS Energy Offtaken, LDZ Offtake Total",0.579879919
2021-09-18,"NTS Energy Offtaken, Powerstations Total",0.603388071
2021-09-17,"NTS Energy Offtaken, Industrial Offtake Total",0.039386571
2021-09-17,"NTS Energy Offtaken, LDZ Offtake Total",0.63397304
2021-09-17,"NTS Energy Offtaken, Powerstations Total",0.656472496
2021-09-16,"NTS Energy Offtaken, Industrial Offtake Total",0.047704302
2021-09-16,"NTS Energy Offtaken, LDZ Offtake Total",0.655533021
2021-09-16,"NTS Energy Offtaken, Powerstations Total",0.681808223
2021-09-15,"NTS Energy Offtaken, Industrial Offtake Total",0.06796927
2021-09-15,"NTS Energy Offtaken, LDZ Offtake Total",0.700755479
2021-09-15,"NTS Energy Offtaken, Powerstations Total",0.773143309
2021-09-14,"NTS Energy Offtaken, Industrial Offtake Total",0.072480847
2021-09-14,"NTS Energy Offtaken, LDZ Offtake Total",0.767529321
2021-09-14,"NTS Energy Offtaken, Powerstations Total",0.743751458
2021-09-13,"NTS Energy Offtaken, Industrial Offtake Total",0.07532408
2021-09-13,"NTS Energy Offtaken, LDZ Offtake Total",0.692432612
2021-09-13,"NTS Energy Offtaken, Powerstations Total",0.718508731
2021-09-12,"NTS Energy Offtaken, Industrial Offtake Total",0.072393991
2021-09-12,"NTS Energy Offtaken, LDZ Offtake Total",0.605451356
2021-09-12,"NTS Energy Offtaken, Powerstations Total",0.633426787
2021-09-11,"NTS Energy Offtaken, Industrial Offtake Total",0.066896271
2021-09-11,"NTS Energy Offtaken, LDZ Offtake Total",0.537435425
2021-09-11,"NTS Energy Offtaken, Powerstations Total",0.512748125
2021-09-10,"NTS Energy Offtaken, Industrial Offtake Total",0.069067402
2021-09-10,"NTS Energy Offtaken, LDZ Offtake Total",0.601317827
2021-09-10,"NTS Energy Offtaken, Powerstations Total",0.676262403
2021-09-09,"NTS Energy Offtaken, Industrial Offtake Total",0.073261873
2021-09-09,"NTS Energy Offtaken, LDZ Offtake Total",0.632978818
2021-09-09,"NTS Energy Offtaken, Powerstations Total",0.71274646
2021-09-08,"NTS Energy Offtaken, Industrial Offtake Total",0.068638571
2021-09-08,"NTS Energy Offtaken, LDZ Offtake Total",0.597634606
2021-09-08,"NTS Energy Offtaken, Powerstations Total",0.665312223
2021-09-07,"NTS Energy Offtaken, Industrial Offtake Total",0.071427278
2021-09-07,"NTS Energy Offtaken, LDZ Offtake Total",0.587047524
2021-09-07,"NTS Energy Offtaken, Powerstations Total",0.684724954
2021-09-06,"NTS Energy Offtaken, Industrial Offtake Total",0.069406678
2021-09-06,"NTS Energy Offtaken, LDZ Offtake Total",0.609368456
2021-09-06,"NTS Energy Offtaken, Powerstations Total",0.669202118
2021-09-05,"NTS Energy Offtaken, Industrial Offtake Total",0.06468353
2021-09-05,"NTS Energy Offtaken, LDZ Offtake Total",0.589396328
2021-09-05,"NTS Energy Offtaken, Powerstations Total",0.555567939
2021-09-04,"NTS Energy Offtaken, Industrial Offtake Total",0.064415021
2021-09-04,"NTS Energy Offtaken, LDZ Offtake Total",0.649564945
2021-09-04,"NTS Energy Offtaken, Powerstations Total",0.541853318
2021-09-03,"NTS Energy Offtaken, Industrial Offtake Total",0.067202135
2021-09-03,"NTS Energy Offtaken, LDZ Offtake Total",0.737488636
2021-09-03,"NTS Energy Offtaken, Powerstations Total",0.660907929
2021-09-02,"NTS Energy Offtaken, Industrial Offtake Total",0.065845544
2021-09-02,"NTS Energy Offtaken, LDZ Offtake Total",0.775401271
2021-09-02,"NTS Energy Offtaken, Powerstations Total",0.693463006
2021-09-01,"NTS Energy Offtaken, Industrial Offtake Total",0.06609709
2021-09-01,"NTS Energy Offtaken, LDZ Offtake Total",0.791009906
2021-09-01,"NTS Energy Offtaken, Powerstations Total",0.646437668
2021-08-31,"NTS Energy Offtaken, Industrial Offtake Total",0.063670608
2021-08-31,"NTS Energy Offtaken, LDZ Offtake Total",0.771714606
2021-08-31,"NTS Energy Offtaken, Powerstations Total",0.567424184
2021-08-30,"NTS Energy Offtaken, Industrial Offtake Total",0.059031205
2021-08-30,"NTS Energy Offtaken, LDZ Offtake Total",0.702470607
2021-08-30,"NTS Energy Offtaken, Powerstations Total",0.43098184
2021-08-29,"NTS Energy Offtaken, Industrial Offtake Total",0.058175136
2021-08-29,"NTS Energy Offtaken, LDZ Offtake Total",0.611267643
2021-08-29,"NTS Energy Offtaken, Powerstations Total",0.362866103
2021-08-28,"NTS Energy Offtaken, Industrial Offtake Total",0.057605337
2021-08-28,"NTS Energy Offtaken, LDZ Offtake Total",0.576749345
2021-08-28,"NTS Energy Offtaken, Powerstations Total",0.415136076
2021-08-27,"NTS Energy Offtaken, Industrial Offtake Total",0.072218629
2021-08-27,"NTS Energy Offtaken, LDZ Offtake Total",0.654528283
2021-08-27,"NTS Energy Offtaken, Powerstations Total",0.55856975
2021-08-26,"NTS Energy Offtaken, Industrial Offtake Total",0.07406703
2021-08-26,"NTS Energy Offtaken, LDZ Offtake Total",0.633007237
2021-08-26,"NTS Energy Offtaken, Powerstations Total",0.467049802
2021-08-25,"NTS Energy Offtaken, Industrial Offtake Total",0.07567525
2021-08-25,"NTS Energy Offtaken, LDZ Offtake Total",0.630465193
2021-08-25,"NTS Energy Offtaken, Powerstations Total",0.55677297
2021-08-24,"NTS Energy Offtaken, Industrial Offtake Total",0.075896752
2021-08-24,"NTS Energy Offtaken, LDZ Offtake Total",0.627974031
2021-08-24,"NTS Energy Offtaken, Powerstations Total",0.603505512
2021-08-23,"NTS Energy Offtaken, Industrial Offtake Total",0.080933807
2021-08-23,"NTS Energy Offtaken, LDZ Offtake Total",0.627440489
2021-08-23,"NTS Energy Offtaken, Powerstations Total",0.627235882
2021-08-22,"NTS Energy Offtaken, Industrial Offtake Total",0.081486317
2021-08-22,"NTS Energy Offtaken, LDZ Offtake Total",0.575172379
2021-08-22,"NTS Energy Offtaken, Powerstations Total",0.539743423
2021-08-21,"NTS Energy Offtaken, Industrial Offtake Total",0.075890945
2021-08-21,"NTS Energy Offtaken, LDZ Offtake Total",0.578421521
2021-08-21,"NTS Energy Offtaken, Powerstations Total",0.5882773
2021-08-20,"NTS Energy Offtaken, Industrial Offtake Total",0.073470383
2021-08-20,"NTS Energy Offtaken, LDZ Offtake Total",0.627477198
2021-08-20,"NTS Energy Offtaken, Powerstations Total",0.610691677
2021-08-19,"NTS Energy Offtaken, Industrial Offtake Total",0.079819482
2021-08-19,"NTS Energy Offtaken, LDZ Offtake Total",0.674701802
2021-08-19,"NTS Energy Offtaken, Powerstations Total",0.677258282
2021-08-18,"NTS Energy Offtaken, Industrial Offtake Total",0.069658955
2021-08-18,"NTS Energy Offtaken, LDZ Offtake Total",0.666333655
2021-08-18,"NTS Energy Offtaken, Powerstations Total",0.541062174
2021-08-17,"NTS Energy Offtaken, Industrial Offtake Total",0.064650588
2021-08-17,"NTS Energy Offtaken, LDZ Offtake Total",0.680587746
2021-08-17,"NTS Energy Offtaken, Powerstations Total",0.432802625
2021-08-16,"NTS Energy Offtaken, Industrial Offtake Total",0.064538113
2021-08-16,"NTS Energy Offtaken, LDZ Offtake Total",0.656102387
2021-08-16,"NTS Energy Offtaken, Powerstations Total",0.398901488
2021-08-15,"NTS Energy Offtaken, Industrial Offtake Total",0.064994409
2021-08-15,"NTS Energy Offtaken, LDZ Offtake Total",0.560901519
2021-08-15,"NTS Energy Offtaken, Powerstations Total",0.372812091
2021-08-14,"NTS Energy Offtaken, Industrial Offtake Total",0.070350632
2021-08-14,"NTS Energy Offtaken, LDZ Offtake Total",0.545277703
2021-08-14,"NTS Energy Offtaken, Powerstations Total",0.418227563
2021-08-13,"NTS Energy Offtaken, Industrial Offtake Total",0.060590376
2021-08-13,"NTS Energy Offtaken, LDZ Offtake Total",0.58779039
2021-08-13,"NTS Energy Offtaken, Powerstations Total",0.241094166
2021-08-12,"NTS Energy Offtaken, Industrial Offtake Total",0.067249816
2021-08-12,"NTS Energy Offtaken, LDZ Offtake Total",0.608611468
2021-08-12,"NTS Energy Offtaken, Powerstations Total",0.358448109
2021-08-11,"NTS Energy Offtaken, Industrial Offtake Total",0.076775912
2021-08-11,"NTS Energy Offtaken, LDZ Offtake Total",0.623771593
2021-08-11,"NTS Energy Offtaken, Powerstations Total",0.465270959
2021-08-10,"NTS Energy Offtaken, Industrial Offtake Total",0.070535252
2021-08-10,"NTS Energy Offtaken, LDZ Offtake Total",0.625070751
2021-08-10,"NTS Energy Offtaken, Powerstations Total",0.588311486
2021-08-09,"NTS Energy Offtaken, Industrial Offtake Total",0.060227064
2021-08-09,"NTS Energy Offtaken, LDZ Offtake Total",0.64240551
2021-08-09,"NTS Energy Offtaken, Powerstations Total",0.514584961
2021-08-08,"NTS Energy Offtaken, Industrial Offtake Total",0.057099395
2021-08-08,"NTS Energy Offtaken, LDZ Offtake Total",0.591717538
2021-08-08,"NTS Energy Offtaken, Powerstations Total",0.268843618
2021-08-07,"NTS Energy Offtaken, Industrial Offtake Total",0.060632332
2021-08-07,"NTS Energy Offtaken, LDZ Offtake Total",0.58074043
2021-08-07,"NTS Energy Offtaken, Powerstations Total",0.312817341
2021-08-06,"NTS Energy Offtaken, Industrial Offtake Total",0.066101192
2021-08-06,"NTS Energy Offtaken, LDZ Offtake Total",0.582747182
2021-08-06,"NTS Energy Offtaken, Powerstations Total",0.328343299
2021-08-05,"NTS Energy Offtaken, Industrial Offtake Total",0.065038372
2021-08-05,"NTS Energy Offtaken, LDZ Offtake Total",0.576396065
2021-08-05,"NTS Energy Offtaken, Powerstations Total",0.333743717
2021-08-04,"NTS Energy Offtaken, Industrial Offtake Total",0.06536092
2021-08-04,"NTS Energy Offtaken, LDZ Offtake Total",0.567399937
2021-08-04,"NTS Energy Offtaken, Powerstations Total",0.536363253
2021-08-03,"NTS Energy Offtaken, Industrial Offtake Total",0.065407777
2021-08-03,"NTS Energy Offtaken, LDZ Offtake Total",0.591243562
2021-08-03,"NTS Energy Offtaken, Powerstations Total",0.631823668
2021-08-02,"NTS Energy Offtaken, Industrial Offtake Total",0.064771867
2021-08-02,"NTS Energy Offtaken, LDZ Offtake Total",0.617521563
2021-08-02,"NTS Energy Offtaken, Powerstations Total",0.636931275
2021-08-01,"NTS Energy Offtaken, Industrial Offtake Total",0.062908334
2021-08-01,"NTS Energy Offtaken, LDZ Offtake Total",0.572667579
2021-08-01,"NTS Energy Offtaken, Powerstations Total",0.523790875
2021-07-31,"NTS Energy Offtaken, Industrial Offtake Total",0.067058903
2021-07-31,"NTS Energy Offtaken, LDZ Offtake Total",0.575486939
2021-07-31,"NTS Energy Offtaken, Powerstations Total",0.46783698
2021-07-30,"NTS Energy Offtaken, Industrial Offtake Total",0.070613252
2021-07-30,"NTS Energy Offtaken, LDZ Offtake Total",0.621932674
2021-07-30,"NTS Energy Offtaken, Powerstations Total",0.543862966
2021-07-29,"NTS Energy Offtaken, Industrial Offtake Total",0.069634586
2021-07-29,"NTS Energy Offtaken, LDZ Offtake Total",0.592841784
2021-07-29,"NTS Energy Offtaken, Powerstations Total",0.382903206
2021-07-28,"NTS Energy Offtaken, Industrial Offtake Total",0.068659273
2021-07-28,"NTS Energy Offtaken, LDZ Offtake Total",0.577295188
2021-07-28,"NTS Energy Offtaken, Powerstations Total",0.395357808
2021-07-27,"NTS Energy Offtaken, Industrial Offtake Total",0.066203676
2021-07-27,"NTS Energy Offtaken, LDZ Offtake Total",0.559004001
2021-07-27,"NTS Energy Offtaken, Powerstations Total",0.639198741
2021-07-26,"NTS Energy Offtaken, Industrial Offtake Total",0.066006246
2021-07-26,"NTS Energy Offtaken, LDZ Offtake Total",0.536846537
2021-07-26,"NTS Energy Offtaken, Powerstations Total",0.625219395
2021-07-25,"NTS Energy Offtaken, Industrial Offtake Total",0.065411345
2021-07-25,"NTS Energy Offtaken, LDZ Offtake Total",0.519039324
2021-07-25,"NTS Energy Offtaken, Powerstations Total",0.584493819
2021-07-24,"NTS Energy Offtaken, Industrial Offtake Total",0.06502104
2021-07-24,"NTS Energy Offtaken, LDZ Offtake Total",0.484045686
2021-07-24,"NTS Energy Offtaken, Powerstations Total",0.557603238
2021-07-23,"NTS Energy Offtaken, Industrial Offtake Total",0.09174659
2021-07-23,"NTS Energy Offtaken, LDZ Offtake Total",0.528563114
2021-07-23,"NTS Energy Offtaken, Powerstations Total",0.593361839
2021-07-22,"NTS Energy Offtaken, Industrial Offtake Total",0.102811459
2021-07-22,"NTS Energy Offtaken, LDZ Offtake Total",0.5414563
2021-07-22,"NTS Energy Offtaken, Powerstations Total",0.676621132
2021-07-21,"NTS Energy Offtaken, Industrial Offtake Total",0.098051437
2021-07-21,"NTS Energy Offtaken, LDZ Offtake Total",0.555393488
2021-07-21,"NTS Energy Offtaken, Powerstations Total",0.674378779
2021-07-20,"NTS Energy Offtaken, Industrial Offtake Total",0.096527995
2021-07-20,"NTS Energy Offtaken, LDZ Offtake Total",0.553348641
2021-07-20,"NTS Energy Offtaken, Powerstations Total",0.603097216
2021-07-19,"NTS Energy Offtaken, Industrial Offtake Total",0.098232244
2021-07-19,"NTS Energy Offtaken, LDZ Offtake Total",0.544220988
2021-07-19,"NTS Energy Offtaken, Powerstations Total",0.603117339
2021-07-18,"NTS Energy Offtaken, Industrial Offtake Total",0.097196717
2021-07-18,"NTS Energy Offtaken, LDZ Offtake Total",0.486237059
2021-07-18,"NTS Energy Offtaken, Powerstations Total",0.471252888
2021-07-17,"NTS Energy Offtaken, Industrial Offtake Total",0.097040171
2021-07-17,"NTS Energy Offtaken, LDZ Offtake Total",0.483954266
2021-07-17,"NTS Energy Offtaken, Powerstations Total",0.36486242
2021-07-16,"NTS Energy Offtaken, Industrial Offtake Total",0.097095532
2021-07-16,"NTS Energy Offtaken, LDZ Offtake Total",0.592781275
2021-07-16,"NTS Energy Offtaken, Powerstations Total",0.431784935
2021-07-15,"NTS Energy Offtaken, Industrial Offtake Total",0.095219464
2021-07-15,"NTS Energy Offtaken, LDZ Offtake Total",0.596255851
2021-07-15,"NTS Energy Offtaken, Powerstations Total",0.466967555
2021-07-14,"NTS Energy Offtaken, Industrial Offtake Total",0.075871124
2021-07-14,"NTS Energy Offtaken, LDZ Offtake Total",0.589796673
2021-07-14,"NTS Energy Offtaken, Powerstations Total",0.413994361
2021-07-13,"NTS Energy Offtaken, Industrial Offtake Total",0.08983565
2021-07-13,"NTS Energy Offtaken, LDZ Offtake Total",0.613485419
2021-07-13,"NTS Energy Offtaken, Powerstations Total",0.539549801
2021-07-12,"NTS Energy Offtaken, Industrial Offtake Total",0.099942962
2021-07-12,"NTS Energy Offtaken, LDZ Offtake Total",0.631001332
2021-07-12,"NTS Energy Offtaken, Powerstations Total",0.650293343
2021-07-11,"NTS Energy Offtaken, Industrial Offtake Total",0.095532785
2021-07-11,"NTS Energy Offtaken, LDZ Offtake Total",0.589402411
2021-07-11,"NTS Energy Offtaken, Powerstations Total",0.499166241
2021-07-10,"NTS Energy Offtaken, Industrial Offtake Total",0.099532306
2021-07-10,"NTS Energy Offtaken, LDZ Offtake Total",0.582592077
2021-07-10,"NTS Energy Offtaken, Powerstations Total",0.553539755
2021-07-09,"NTS Energy Offtaken, Industrial Offtake Total",0.098907643
2021-07-09,"NTS Energy Offtaken, LDZ Offtake Total",0.614486115
2021-07-09,"NTS Energy Offtaken, Powerstations Total",0.644800398
2021-07-08,"NTS Energy Offtaken, Industrial Offtake Total",0.097874751
2021-07-08,"NTS Energy Offtaken, LDZ Offtake Total",0.66782596
2021-07-08,"NTS Energy Offtaken, Powerstations Total",0.637788377
2021-07-07,"NTS Energy Offtaken, Industrial Offtake Total",0.073506682
2021-07-07,"NTS Energy Offtaken, LDZ Offtake Total",0.672626449
2021-07-07,"NTS Energy Offtaken, Powerstations Total",0.52380441
2021-07-06,"NTS Energy Offtaken, Industrial Offtake Total",0.072751496
2021-07-06,"NTS Energy Offtaken, LDZ Offtake Total",0.696009934
2021-07-06,"NTS Energy Offtaken, Powerstations Total",0.381503909
2021-07-05,"NTS Energy Offtaken, Industrial Offtake Total",0.07514794
2021-07-05,"NTS Energy Offtaken, LDZ Offtake Total",0.634594388
2021-07-05,"NTS Energy Offtaken, Powerstations Total",0.491253914
2021-07-04,"NTS Energy Offtaken, Industrial Offtake Total",0.083627335
2021-07-04,"NTS Energy Offtaken, LDZ Offtake Total",0.574269654
2021-07-04,"NTS Energy Offtaken, Powerstations Total",0.400065232
2021-07-03,"NTS Energy Offtaken, Industrial Offtake Total",0.073615904
2021-07-03,"NTS Energy Offtaken, LDZ Offtake Total",0.56380641
2021-07-03,"NTS Energy Offtaken, Powerstations Total",0.438246648
2021-07-02,"NTS Energy Offtaken, Industrial Offtake Total",0.089915222
2021-07-02,"NTS Energy Offtaken, LDZ Offtake Total",0.608568185
2021-07-02,"NTS Energy Offtaken, Powerstations Total",0.571981631
2021-07-01,"NTS Energy Offtaken, Industrial Offtake Total",0.092243652
2021-07-01,"NTS Energy Offtaken, LDZ Offtake Total",0.651017521
2021-07-01,"NTS Energy Offtaken, Powerstations Total",0.591394266
2021-06-30,"NTS Energy Offtaken, Industrial Offtake Total",0.097750465
2021-06-30,"NTS Energy Offtaken, LDZ Offtake Total",0.714695284
2021-06-30,"NTS Energy Offtaken, Powerstations Total",0.570595984
2021-06-29,"NTS Energy Offtaken, Industrial Offtake Total",0.096524562
2021-06-29,"NTS Energy Offtaken, LDZ Offtake Total",0.699100182
2021-06-29,"NTS Energy Offtaken, Powerstations Total",0.606479556
2021-06-28,"NTS Energy Offtaken, Industrial Offtake Total",0.099136239
2021-06-28,"NTS Energy Offtaken, LDZ Offtake Total",0.766150844
2021-06-28,"NTS Energy Offtaken, Powerstations Total",0.644614962
2021-06-27,"NTS Energy Offtaken, Industrial Offtake Total",0.098541883
2021-06-27,"NTS Energy Offtaken, LDZ Offtake Total",0.630783205
2021-06-27,"NTS Energy Offtaken, Powerstations Total",0.431819088
2021-06-26,"NTS Energy Offtaken, Industrial Offtake Total",0.102484903
2021-06-26,"NTS Energy Offtaken, LDZ Offtake Total",0.659733643
2021-06-26,"NTS Energy Offtaken, Powerstations Total",0.441097031
2021-06-25,"NTS Energy Offtaken, Industrial Offtake Total",0.093293017
2021-06-25,"NTS Energy Offtaken, LDZ Offtake Total",0.736089254
2021-06-25,"NTS Energy Offtaken, Powerstations Total",0.436931401
2021-06-24,"NTS Energy Offtaken, Industrial Offtake Total",0.084829853
2021-06-24,"NTS Energy Offtaken, LDZ Offtake Total",0.680647158
2021-06-24,"NTS Energy Offtaken, Powerstations Total",0.50860523
2021-06-23,"NTS Energy Offtaken, Industrial Offtake Total",0.085926821
2021-06-23,"NTS Energy Offtaken, LDZ Offtake Total",0.746549929
2021-06-23,"NTS Energy Offtaken, Powerstations Total",0.609453179
2021-06-22,"NTS Energy Offtaken, Industrial Offtake Total",0.068466118
2021-06-22,"NTS Energy Offtaken, LDZ Offtake Total",0.79606178
2021-06-22,"NTS Energy Offtaken, Powerstations Total",0.537929801
2021-06-21,"NTS Energy Offtaken, Industrial Offtake Total",0.069522074
2021-06-21,"NTS Energy Offtaken, LDZ Offtake Total",0.845677974
2021-06-21,"NTS Energy Offtaken, Powerstations Total",0.486781915
2021-06-20,"NTS Energy Offtaken, Industrial Offtake Total",0.071762153
2021-06-20,"NTS Energy Offtaken, LDZ Offtake Total",0.70810967
2021-06-20,"NTS Energy Offtaken, Powerstations Total",0.472147592
2021-06-19,"NTS Energy Offtaken, Industrial Offtake Total",0.075664223
2021-06-19,"NTS Energy Offtaken, LDZ Offtake Total",0.655362065
2021-06-19,"NTS Energy Offtaken, Powerstations Total",0.447297512
2021-06-18,"NTS Energy Offtaken, Industrial Offtake Total",0.079442512
2021-06-18,"NTS Energy Offtaken, LDZ Offtake Total",0.670441366
2021-06-18,"NTS Energy Offtaken, Powerstations Total",0.510858738
2021-06-17,"NTS Energy Offtaken, Industrial Offtake Total",0.078196596
2021-06-17,"NTS Energy Offtaken, LDZ Offtake Total",0.641183982
2021-06-17,"NTS Energy Offtaken, Powerstations Total",0.595841815
2021-06-16,"NTS Energy Offtaken, Industrial Offtake Total",0.075250977
2021-06-16,"NTS Energy Offtaken, LDZ Offtake Total",0.611150831
2021-06-16,"NTS Energy Offtaken, Powerstations Total",0.533626903
2021-06-15,"NTS Energy Offtaken, Industrial Offtake Total",0.076870534
2021-06-15,"NTS Energy Offtaken, LDZ Offtake Total",0.632568862
2021-06-15,"NTS Energy Offtaken, Powerstations Total",0.41765067
2021-06-14,"NTS Energy Offtaken, Industrial Offtake Total",0.077564541
2021-06-14,"NTS Energy Offtaken, LDZ Offtake Total",0.629240981
2021-06-14,"NTS Energy Offtaken, Powerstations Total",0.412178418
2021-06-13,"NTS Energy Offtaken, Industrial Offtake Total",0.075844183
2021-06-13,"NTS Energy Offtaken, LDZ Offtake Total",0.549377924
2021-06-13,"NTS Energy Offtaken, Powerstations Total",0.275542427
2021-06-12,"NTS Energy Offtaken, Industrial Offtake Total",0.078321063
2021-06-12,"NTS Energy Offtaken, LDZ Offtake Total",0.589990658
2021-06-12,"NTS Energy Offtaken, Powerstations Total",0.320025111
2021-06-11,"NTS Energy Offtaken, Industrial Offtake Total",0.078791336
2021-06-11,"NTS Energy Offtaken, LDZ Offtake Total",0.619330721
2021-06-11,"NTS Energy Offtaken, Powerstations Total",0.318004115
2021-06-10,"NTS Energy Offtaken, Industrial Offtake Total",0.080568316
2021-06-10,"NTS Energy Offtaken, LDZ Offtake Total",0.612926023
2021-06-10,"NTS Energy Offtaken, Powerstations Total",0.378170624
2021-06-09,"NTS Energy Offtaken, Industrial Offtake Total",0.097069376
2021-06-09,"NTS Energy Offtaken, LDZ Offtake Total",0.623452436
2021-06-09,"NTS Energy Offtaken, Powerstations Total",0.371762518
2021-06-08,"NTS Energy Offtaken, Industrial Offtake Total",0.100705824
2021-06-08,"NTS Energy Offtaken, LDZ Offtake Total",0.645327532
2021-06-08,"NTS Energy Offtaken, Powerstations Total",0.442687762
2021-06-07,"NTS Energy Offtaken, Industrial Offtake Total",0.101994256
2021-06-07,"NTS Energy Offtaken, LDZ Offtake Total",0.638960871
2021-06-07,"NTS Energy Offtaken, Powerstations Total",0.536760058
2021-06-06,"NTS Energy Offtaken, Industrial Offtake Total",0.107754507
2021-06-06,"NTS Energy Offtaken, LDZ Offtake Total",0.617675859
2021-06-06,"NTS Energy Offtaken, Powerstations Total",0.49957547
2021-06-05,"NTS Energy Offtaken, Industrial Offtake Total",0.104403569
2021-06-05,"NTS Energy Offtaken, LDZ Offtake Total",0.609264649
2021-06-05,"NTS Energy Offtaken, Powerstations Total",0.42111224
2021-06-04,"NTS Energy Offtaken, Industrial Offtake Total",0.102564875
2021-06-04,"NTS Energy Offtaken, LDZ Offtake Total",0.686480417
2021-06-04,"NTS Energy Offtaken, Powerstations Total",0.533384758
2021-06-03,"NTS Energy Offtaken, Industrial Offtake Total",0.097293358
2021-06-03,"NTS Energy Offtaken, LDZ Offtake Total",0.666671748
2021-06-03,"NTS Energy Offtaken, Powerstations Total",0.492899566
2021-06-02,"NTS Energy Offtaken, Industrial Offtake Total",0.103149556
2021-06-02,"NTS Energy Offtaken, LDZ Offtake Total",0.660347803
2021-06-02,"NTS Energy Offtaken, Powerstations Total",0.424674302
2021-06-01,"NTS Energy Offtaken, Industrial Offtake Total",0.099515747
2021-06-01,"NTS Energy Offtaken, LDZ Offtake Total",0.670954086
2021-06-01,"NTS Energy Offtaken, Powerstations Total",0.433606017
2021-05-31,"NTS Energy Offtaken, Industrial Offtake Total",0.104548855
2021-05-31,"NTS Energy Offtaken, LDZ Offtake Total",0.715463122
2021-05-31,"NTS Energy Offtaken, Powerstations Total",0.331601585
2021-05-30,"NTS Energy Offtaken, Industrial Offtake Total",0.106492403
2021-05-30,"NTS Energy Offtaken, LDZ Offtake Total",0.747907583
2021-05-30,"NTS Energy Offtaken, Powerstations Total",0.379236935
2021-05-29,"NTS Energy Offtaken, Industrial Offtake Total",0.108956969
2021-05-29,"NTS Energy Offtaken, LDZ Offtake Total",0.758293248
2021-05-29,"NTS Energy Offtaken, Powerstations Total",0.533981642
2021-05-28,"NTS Energy Offtaken, Industrial Offtake Total",0.11695479
2021-05-28,"NTS Energy Offtaken, LDZ Offtake Total",0.927357326
2021-05-28,"NTS Energy Offtaken, Powerstations Total",0.669786244
2021-05-27,"NTS Energy Offtaken, Industrial Offtake Total",0.114417635
2021-05-27,"NTS Energy Offtaken, LDZ Offtake Total",1.016407519
2021-05-27,"NTS Energy Offtaken, Powerstations Total",0.640278362
2021-05-26,"NTS Energy Offtaken, Industrial Offtake Total",0.117834827
2021-05-26,"NTS Energy Offtaken, LDZ Offtake Total",1.304542962
2021-05-26,"NTS Energy Offtaken, Powerstations Total",0.606840058
2021-05-25,"NTS Energy Offtaken, Industrial Offtake Total",0.117786941
2021-05-25,"NTS Energy Offtaken, LDZ Offtake Total",1.456662862
2021-05-25,"NTS Energy Offtaken, Powerstations Total",0.524721703
2021-05-24,"NTS Energy Offtaken, Industrial Offtake Total",0.107532435
2021-05-24,"NTS Energy Offtaken, LDZ Offtake Total",1.400631286
2021-05-24,"NTS Energy Offtaken, Powerstations Total",0.463434674
2021-05-23,"NTS Energy Offtaken, Industrial Offtake Total",0.105324311
2021-05-23,"NTS Energy Offtaken, LDZ Offtake Total",1.425282088
2021-05-23,"NTS Energy Offtaken, Powerstations Total",0.277908505
2021-05-22,"NTS Energy Offtaken, Industrial Offtake Total",0.108624228
2021-05-22,"NTS Energy Offtaken, LDZ Offtake Total",1.350627173
2021-05-22,"NTS Energy Offtaken, Powerstations Total",0.496658442
2021-05-21,"NTS Energy Offtaken, Industrial Offtake Total",0.091779858
2021-05-21,"NTS Energy Offtaken, LDZ Offtake Total",1.504387248
2021-05-21,"NTS Energy Offtaken, Powerstations Total",0.336011907
2021-05-20,"NTS Energy Offtaken, Industrial Offtake Total",0.096547444
2021-05-20,"NTS Energy Offtaken, LDZ Offtake Total",1.453159168
2021-05-20,"NTS Energy Offtaken, Powerstations Total",0.387496988
2021-05-19,"NTS Energy Offtaken, Industrial Offtake Total",0.11119617
2021-05-19,"NTS Energy Offtaken, LDZ Offtake Total",1.126843108
2021-05-19,"NTS Energy Offtaken, Powerstations Total",0.726340646
2021-05-18,"NTS Energy Offtaken, Industrial Offtake Total",0.114488611
2021-05-18,"NTS Energy Offtaken, LDZ Offtake Total",1.186757286
2021-05-18,"NTS Energy Offtaken, Powerstations Total",0.734336137
2021-05-17,"NTS Energy Offtaken, Industrial Offtake Total",0.114940496
2021-05-17,"NTS Energy Offtaken, LDZ Offtake Total",1.265171047
2021-05-17,"NTS Energy Offtaken, Powerstations Total",0.722456683
2021-05-16,"NTS Energy Offtaken, Industrial Offtake Total",0.117025755
2021-05-16,"NTS Energy Offtaken, LDZ Offtake Total",1.169708206
2021-05-16,"NTS Energy Offtaken, Powerstations Total",0.621478001
2021-05-15,"NTS Energy Offtaken, Industrial Offtake Total",0.121072157
2021-05-15,"NTS Energy Offtaken, LDZ Offtake Total",1.261102825
2021-05-15,"NTS Energy Offtaken, Powerstations Total",0.641798824
2021-05-14,"NTS Energy Offtaken, Industrial Offtake Total",0.122516191
2021-05-14,"NTS Energy Offtaken, LDZ Offtake Total",1.384202902
2021-05-14,"NTS Energy Offtaken, Powerstations Total",0.753206501
2021-05-13,"NTS Energy Offtaken, Industrial Offtake Total",0.12004836
2021-05-13,"NTS Energy Offtaken, LDZ Offtake Total",1.318136154
2021-05-13,"NTS Energy Offtaken, Powerstations Total",0.701523881
2021-05-12,"NTS Energy Offtaken, Industrial Offtake Total",0.11738738
2021-05-12,"NTS Energy Offtaken, LDZ Offtake Total",1.201471222
2021-05-12,"NTS Energy Offtaken, Powerstations Total",0.671674363
2021-05-11,"NTS Energy Offtaken, Industrial Offtake Total",0.10919189
2021-05-11,"NTS Energy Offtaken, LDZ Offtake Total",1.219808287
2021-05-11,"NTS Energy Offtaken, Powerstations Total",0.596571971
2021-05-10,"NTS Energy Offtaken, Industrial Offtake Total",0.104558024
2021-05-10,"NTS Energy Offtaken, LDZ Offtake Total",1.162939084
2021-05-10,"NTS Energy Offtaken, Powerstations Total",0.373759313
2021-05-09,"NTS Energy Offtaken, Industrial Offtake Total",0.099091379
2021-05-09,"NTS Energy Offtaken, LDZ Offtake Total",1.090681603
2021-05-09,"NTS Energy Offtaken, Powerstations Total",0.292620937
2021-05-08,"NTS Energy Offtaken, Industrial Offtake Total",0.100874862
2021-05-08,"NTS Energy Offtaken, LDZ Offtake Total",1.540274461
2021-05-08,"NTS Energy Offtaken, Powerstations Total",0.293710615
2021-05-07,"NTS Energy Offtaken, Industrial Offtake Total",0.112576897
2021-05-07,"NTS Energy Offtaken, LDZ Offtake Total",1.552094693
2021-05-07,"NTS Energy Offtaken, Powerstations Total",0.664112934
2021-05-06,"NTS Energy Offtaken, Industrial Offtake Total",0.116373159
2021-05-06,"NTS Energy Offtaken, LDZ Offtake Total",1.783549327
2021-05-06,"NTS Energy Offtaken, Powerstations Total",0.714399915
2021-05-05,"NTS Energy Offtaken, Industrial Offtake Total",0.118100714
2021-05-05,"NTS Energy Offtaken, LDZ Offtake Total",1.781122887
2021-05-05,"NTS Energy Offtaken, Powerstations Total",0.665103942
2021-05-04,"NTS Energy Offtaken, Industrial Offtake Total",0.108731766
2021-05-04,"NTS Energy Offtaken, LDZ Offtake Total",1.808642667
2021-05-04,"NTS Energy Offtaken, Powerstations Total",0.364495718
2021-05-03,"NTS Energy Offtaken, Industrial Offtake Total",0.108229425
2021-05-03,"NTS Energy Offtaken, LDZ Offtake Total",1.786536672
2021-05-03,"NTS Energy Offtaken, Powerstations Total",0.327214217
2021-05-02,"NTS Energy Offtaken, Industrial Offtake Total",0.117655222
2021-05-02,"NTS Energy Offtaken, LDZ Offtake Total",1.509826163
2021-05-02,"NTS Energy Offtaken, Powerstations Total",0.656961595
2021-05-01,"NTS Energy Offtaken, Industrial Offtake Total",0.125119757
2021-05-01,"NTS Energy Offtaken, LDZ Offtake Total",1.575837821
2021-05-01,"NTS Energy Offtaken, Powerstations Total",0.738539049
2021-04-30,"NTS Energy Offtaken, Industrial Offtake Total",0.128158622
2021-04-30,"NTS Energy Offtaken, LDZ Offtake Total",1.723134547
2021-04-30,"NTS Energy Offtaken, Powerstations Total",0.806658222
2021-04-29,"NTS Energy Offtaken, Industrial Offtake Total",0.129963078
2021-04-29,"NTS Energy Offtaken, LDZ Offtake Total",1.771202662
2021-04-29,"NTS Energy Offtaken, Powerstations Total",0.76686723
2021-04-28,"NTS Energy Offtaken, Industrial Offtake Total",0.122812117
2021-04-28,"NTS Energy Offtaken, LDZ Offtake Total",1.723409255
2021-04-28,"NTS Energy Offtaken, Powerstations Total",0.652834544
2021-04-27,"NTS Energy Offtaken, Industrial Offtake Total",0.123800866
2021-04-27,"NTS Energy Offtaken, LDZ Offtake Total",1.539210759
2021-04-27,"NTS Energy Offtaken, Powerstations Total",0.666324778
2021-04-26,"NTS Energy Offtaken, Industrial Offtake Total",0.120476819
2021-04-26,"NTS Energy Offtaken, LDZ Offtake Total",1.491131478
2021-04-26,"NTS Energy Offtaken, Powerstations Total",0.693692072
2021-04-25,"NTS Energy Offtaken, Industrial Offtake Total",0.117974448
2021-04-25,"NTS Energy Offtaken, LDZ Offtake Total",1.313916961
2021-04-25,"NTS Energy Offtaken, Powerstations Total",0.453348998
2021-04-24,"NTS Energy Offtaken, Industrial Offtake Total",0.118300235
2021-04-24,"NTS Energy Offtaken, LDZ Offtake Total",1.189302964
2021-04-24,"NTS Energy Offtaken, Powerstations Total",0.486526929
2021-04-23,"NTS Energy Offtaken, Industrial Offtake Total",0.119838713
2021-04-23,"NTS Energy Offtaken, LDZ Offtake Total",1.294060757
2021-04-23,"NTS Energy Offtaken, Powerstations Total",0.668926931
2021-04-22,"NTS Energy Offtaken, Industrial Offtake Total",0.125041417
2021-04-22,"NTS Energy Offtaken, LDZ Offtake Total",1.473726085
2021-04-22,"NTS Energy Offtaken, Powerstations Total",0.734987781
2021-04-21,"NTS Energy Offtaken, Industrial Offtake Total",0.12407416
2021-04-21,"NTS Energy Offtaken, LDZ Offtake Total",1.446918446
2021-04-21,"NTS Energy Offtaken, Powerstations Total",0.722391726
2021-04-20,"NTS Energy Offtaken, Industrial Offtake Total",0.124208349
2021-04-20,"NTS Energy Offtaken, LDZ Offtake Total",1.313649352
2021-04-20,"NTS Energy Offtaken, Powerstations Total",0.81253109
2021-04-19,"NTS Energy Offtaken, Industrial Offtake Total",0.129496407
2021-04-19,"NTS Energy Offtaken, LDZ Offtake Total",1.385922444
2021-04-19,"NTS Energy Offtaken, Powerstations Total",0.850652851
2021-04-18,"NTS Energy Offtaken, Industrial Offtake Total",0.119467907
2021-04-18,"NTS Energy Offtaken, LDZ Offtake Total",1.446980699
2021-04-18,"NTS Energy Offtaken, Powerstations Total",0.692394666
2021-04-17,"NTS Energy Offtaken, Industrial Offtake Total",0.107746625
2021-04-17,"NTS Energy Offtaken, LDZ Offtake Total",1.516769351
2021-04-17,"NTS Energy Offtaken, Powerstations Total",0.653604679
2021-04-16,"NTS Energy Offtaken, Industrial Offtake Total",0.105100955
2021-04-16,"NTS Energy Offtaken, LDZ Offtake Total",1.788561238
2021-04-16,"NTS Energy Offtaken, Powerstations Total",0.765991972
2021-04-15,"NTS Energy Offtaken, Industrial Offtake Total",0.098179765
2021-04-15,"NTS Energy Offtaken, LDZ Offtake Total",1.871347837
2021-04-15,"NTS Energy Offtaken, Powerstations Total",0.840840282
2021-04-14,"NTS Energy Offtaken, Industrial Offtake Total",0.095760747
2021-04-14,"NTS Energy Offtaken, LDZ Offtake Total",1.842190981
2021-04-14,"NTS Energy Offtaken, Powerstations Total",0.871316763
2021-04-13,"NTS Energy Offtaken, Industrial Offtake Total",0.093717579
2021-04-13,"NTS Energy Offtaken, LDZ Offtake Total",1.988691089
2021-04-13,"NTS Energy Offtaken, Powerstations Total",0.886309215
2021-04-12,"NTS Energy Offtaken, Industrial Offtake Total",0.097095877
2021-04-12,"NTS Energy Offtaken, LDZ Offtake Total",2.166264394
2021-04-12,"NTS Energy Offtaken, Powerstations Total",0.868973196
2021-04-11,"NTS Energy Offtaken, Industrial Offtake Total",0.093770506
2021-04-11,"NTS Energy Offtaken, LDZ Offtake Total",2.040027746
2021-04-11,"NTS Energy Offtaken, Powerstations Total",0.63897045
2021-04-10,"NTS Energy Offtaken, Industrial Offtake Total",0.096104643
2021-04-10,"NTS Energy Offtaken, LDZ Offtake Total",2.010629946
2021-04-10,"NTS Energy Offtaken, Powerstations Total",0.664120247
2021-04-09,"NTS Energy Offtaken, Industrial Offtake Total",0.083509079
2021-04-09,"NTS Energy Offtaken, LDZ Offtake Total",1.893772351
2021-04-09,"NTS Energy Offtaken, Powerstations Total",0.736815245
2021-04-08,"NTS Energy Offtaken, Industrial Offtake Total",0.081358292
2021-04-08,"NTS Energy Offtaken, LDZ Offtake Total",2.005993621
2021-04-08,"NTS Energy Offtaken, Powerstations Total",0.511035341
2021-04-07,"NTS Energy Offtaken, Industrial Offtake Total",0.082888171
2021-04-07,"NTS Energy Offtaken, LDZ Offtake Total",2.424493318
2021-04-07,"NTS Energy Offtaken, Powerstations Total",0.779608674
2021-04-06,"NTS Energy Offtaken, Industrial Offtake Total",0.09572412
2021-04-06,"NTS Energy Offtaken, LDZ Offtake Total",2.33057095
2021-04-06,"NTS Energy Offtaken, Powerstations Total",0.359971578
2021-04-05,"NTS Energy Offtaken, Industrial Offtake Total",0.095582653
2021-04-05,"NTS Energy Offtaken, LDZ Offtake Total",1.944057341
2021-04-05,"NTS Energy Offtaken, Powerstations Total",0.220492981
2021-04-04,"NTS Energy Offtaken, Industrial Offtake Total",0.100833246
2021-04-04,"NTS Energy Offtaken, LDZ Offtake Total",1.550257185
2021-04-04,"NTS Energy Offtaken, Powerstations Total",0.247845931
2021-04-03,"NTS Energy Offtaken, Industrial Offtake Total",0.115673859
2021-04-03,"NTS Energy Offtaken, LDZ Offtake Total",1.719653085
2021-04-03,"NTS Energy Offtaken, Powerstations Total",0.519412829
2021-04-02,"NTS Energy Offtaken, Industrial Offtake Total",0.115309904
2021-04-02,"NTS Energy Offtaken, LDZ Offtake Total",1.729967889
2021-04-02,"NTS Energy Offtaken, Powerstations Total",0.457082237
2021-04-01,"NTS Energy Offtaken, Industrial Offtake Total",0.114011317
2021-04-01,"NTS Energy Offtaken, LDZ Offtake Total",1.56993367
2021-04-01,"NTS Energy Offtaken, Powerstations Total",0.495302542
2021-03-31,"NTS Energy Offtaken, Industrial Offtake Total",0.111655939
2021-03-31,"NTS Energy Offtaken, LDZ Offtake Total",1.149371621
2021-03-31,"NTS Energy Offtaken, Powerstations Total",0.567051533
2021-03-30,"NTS Energy Offtaken, Industrial Offtake Total",0.113813677
2021-03-30,"NTS Energy Offtaken, LDZ Offtake Total",1.183936135
2021-03-30,"NTS Energy Offtaken, Powerstations Total",0.498393279
2021-03-29,"NTS Energy Offtaken, Industrial Offtake Total",0.104535255
2021-03-29,"NTS Energy Offtaken, LDZ Offtake Total",1.394351688
2021-03-29,"NTS Energy Offtaken, Powerstations Total",0.238919701
2021-03-28,"NTS Energy Offtaken, Industrial Offtake Total",0.095172012
2021-03-28,"NTS Energy Offtaken, LDZ Offtake Total",1.688504799
2021-03-28,"NTS Energy Offtaken, Powerstations Total",0.163447306
2021-03-27,"NTS Energy Offtaken, Industrial Offtake Total",0.099659728
2021-03-27,"NTS Energy Offtaken, LDZ Offtake Total",1.835037649
2021-03-27,"NTS Energy Offtaken, Powerstations Total",0.196644405
2021-03-26,"NTS Energy Offtaken, Industrial Offtake Total",0.114386908
2021-03-26,"NTS Energy Offtaken, LDZ Offtake Total",1.880306339
2021-03-26,"NTS Energy Offtaken, Powerstations Total",0.278367424
2021-03-25,"NTS Energy Offtaken, Industrial Offtake Total",0.114899387
2021-03-25,"NTS Energy Offtaken, LDZ Offtake Total",1.73444088
2021-03-25,"NTS Energy Offtaken, Powerstations Total",0.316007986
2021-03-24,"NTS Energy Offtaken, Industrial Offtake Total",0.113841085
2021-03-24,"NTS Energy Offtaken, LDZ Offtake Total",1.784666511
2021-03-24,"NTS Energy Offtaken, Powerstations Total",0.471018855
2021-03-23,"NTS Energy Offtaken, Industrial Offtake Total",0.113114073
2021-03-23,"NTS Energy Offtaken, LDZ Offtake Total",1.882503464
2021-03-23,"NTS Energy Offtaken, Powerstations Total",0.45193923
2021-03-22,"NTS Energy Offtaken, Industrial Offtake Total",0.115451856
2021-03-22,"NTS Energy Offtaken, LDZ Offtake Total",1.843273863
2021-03-22,"NTS Energy Offtaken, Powerstations Total",0.723158603
2021-03-21,"NTS Energy Offtaken, Industrial Offtake Total",0.118400158
2021-03-21,"NTS Energy Offtaken, LDZ Offtake Total",1.753172891
2021-03-21,"NTS Energy Offtaken, Powerstations Total",0.619395902
2021-03-20,"NTS Energy Offtaken, Industrial Offtake Total",0.11829872
2021-03-20,"NTS Energy Offtaken, LDZ Offtake Total",1.814890397
2021-03-20,"NTS Energy Offtaken, Powerstations Total",0.583588099
2021-03-19,"NTS Energy Offtaken, Industrial Offtake Total",0.122025009
2021-03-19,"NTS Energy Offtaken, LDZ Offtake Total",1.915146076
2021-03-19,"NTS Energy Offtaken, Powerstations Total",0.789182801
2021-03-18,"NTS Energy Offtaken, Industrial Offtake Total",0.117383763
2021-03-18,"NTS Energy Offtaken, LDZ Offtake Total",2.004924564
2021-03-18,"NTS Energy Offtaken, Powerstations Total",0.692350373
2021-03-17,"NTS Energy Offtaken, Industrial Offtake Total",0.116849935
2021-03-17,"NTS Energy Offtaken, LDZ Offtake Total",2.028088021
2021-03-17,"NTS Energy Offtaken, Powerstations Total",0.672840837
2021-03-16,"NTS Energy Offtaken, Industrial Offtake Total",0.116677812
2021-03-16,"NTS Energy Offtaken, LDZ Offtake Total",1.825766573
2021-03-16,"NTS Energy Offtaken, Powerstations Total",0.501942629
2021-03-15,"NTS Energy Offtaken, Industrial Offtake Total",0.110294757
2021-03-15,"NTS Energy Offtaken, LDZ Offtake Total",1.974217557
2021-03-15,"NTS Energy Offtaken, Powerstations Total",0.698580823
2021-03-14,"NTS Energy Offtaken, Industrial Offtake Total",0.108802335
2021-03-14,"NTS Energy Offtaken, LDZ Offtake Total",2.112565947
2021-03-14,"NTS Energy Offtaken, Powerstations Total",0.281758759
2021-03-13,"NTS Energy Offtaken, Industrial Offtake Total",0.109118738
2021-03-13,"NTS Energy Offtaken, LDZ Offtake Total",2.160237389
2021-03-13,"NTS Energy Offtaken, Powerstations Total",0.246750623
2021-03-12,"NTS Energy Offtaken, Industrial Offtake Total",0.110168886
2021-03-12,"NTS Energy Offtaken, LDZ Offtake Total",2.216591359
2021-03-12,"NTS Energy Offtaken, Powerstations Total",0.292324174
2021-03-11,"NTS Energy Offtaken, Industrial Offtake Total",0.108551412
2021-03-11,"NTS Energy Offtaken, LDZ Offtake Total",2.141411487
2021-03-11,"NTS Energy Offtaken, Powerstations Total",0.308170189
2021-03-10,"NTS Energy Offtaken, Industrial Offtake Total",0.1054726
2021-03-10,"NTS Energy Offtaken, LDZ Offtake Total",2.280107956
2021-03-10,"NTS Energy Offtaken, Powerstations Total",0.416451716
2021-03-09,"NTS Energy Offtaken, Industrial Offtake Total",0.102729963
2021-03-09,"NTS Energy Offtaken, LDZ Offtake Total",2.12568274
2021-03-09,"NTS Energy Offtaken, Powerstations Total",0.622175939
2021-03-08,"NTS Energy Offtaken, Industrial Offtake Total",0.111772164
2021-03-08,"NTS Energy Offtaken, LDZ Offtake Total",2.350320172
2021-03-08,"NTS Energy Offtaken, Powerstations Total",0.780347604
2021-03-07,"NTS Energy Offtaken, Industrial Offtake Total",0.113248711
2021-03-07,"NTS Energy Offtaken, LDZ Offtake Total",2.330129136
2021-03-07,"NTS Energy Offtaken, Powerstations Total",0.773149742
2021-03-06,"NTS Energy Offtaken, Industrial Offtake Total",0.113931149
2021-03-06,"NTS Energy Offtaken, LDZ Offtake Total",2.405890115
2021-03-06,"NTS Energy Offtaken, Powerstations Total",0.81601055
2021-03-05,"NTS Energy Offtaken, Industrial Offtake Total",0.119653225
2021-03-05,"NTS Energy Offtaken, LDZ Offtake Total",2.554409058
2021-03-05,"NTS Energy Offtaken, Powerstations Total",0.876510188
2021-03-04,"NTS Energy Offtaken, Industrial Offtake Total",0.126233218
2021-03-04,"NTS Energy Offtaken, LDZ Offtake Total",2.519608854
2021-03-04,"NTS Energy Offtaken, Powerstations Total",0.842482089
2021-03-03,"NTS Energy Offtaken, Industrial Offtake Total",0.135571011
2021-03-03,"NTS Energy Offtaken, LDZ Offtake Total",2.514273522
2021-03-03,"NTS Energy Offtaken, Powerstations Total",0.876101324
2021-03-02,"NTS Energy Offtaken, Industrial Offtake Total",0.134452667
2021-03-02,"NTS Energy Offtaken, LDZ Offtake Total",2.412427632
2021-03-02,"NTS Energy Offtaken, Powerstations Total",0.909941033
2021-03-01,"NTS Energy Offtaken, Industrial Offtake Total",0.130404862
2021-03-01,"NTS Energy Offtaken, LDZ Offtake Total",2.289966534
2021-03-01,"NTS Energy Offtaken, Powerstations Total",0.882794063
2021-02-28,"NTS Energy Offtaken, Industrial Offtake Total",0.131757663
2021-02-28,"NTS Energy Offtaken, LDZ Offtake Total",1.997447744
2021-02-28,"NTS Energy Offtaken, Powerstations Total",0.762083345
2021-02-27,"NTS Energy Offtaken, Industrial Offtake Total",0.130419006
2021-02-27,"NTS Energy Offtaken, LDZ Offtake Total",1.887973089
2021-02-27,"NTS Energy Offtaken, Powerstations Total",0.728040752
2021-02-26,"NTS Energy Offtaken, Industrial Offtake Total",0.118960992
2021-02-26,"NTS Energy Offtaken, LDZ Offtake Total",2.005455349
2021-02-26,"NTS Energy Offtaken, Powerstations Total",0.683034552
2021-02-25,"NTS Energy Offtaken, Industrial Offtake Total",0.122409968
2021-02-25,"NTS Energy Offtaken, LDZ Offtake Total",1.84296212
2021-02-25,"NTS Energy Offtaken, Powerstations Total",0.582907381
2021-02-24,"NTS Energy Offtaken, Industrial Offtake Total",0.112366642
2021-02-24,"NTS Energy Offtaken, LDZ Offtake Total",1.678075562
2021-02-24,"NTS Energy Offtaken, Powerstations Total",0.36755699
2021-02-23,"NTS Energy Offtaken, Industrial Offtake Total",0.112109344
2021-02-23,"NTS Energy Offtaken, LDZ Offtake Total",1.916053733
2021-02-23,"NTS Energy Offtaken, Powerstations Total",0.337239562
2021-02-22,"NTS Energy Offtaken, Industrial Offtake Total",0.121798622
2021-02-22,"NTS Energy Offtaken, LDZ Offtake Total",1.895931443
2021-02-22,"NTS Energy Offtaken, Powerstations Total",0.610189826
2021-02-21,"NTS Energy Offtaken, Industrial Offtake Total",0.122038352
2021-02-21,"NTS Energy Offtaken, LDZ Offtake Total",1.678722944
2021-02-21,"NTS Energy Offtaken, Powerstations Total",0.524541507
2021-02-20,"NTS Energy Offtaken, Industrial Offtake Total",0.105867403
2021-02-20,"NTS Energy Offtaken, LDZ Offtake Total",1.744387157
2021-02-20,"NTS Energy Offtaken, Powerstations Total",0.276446157
2021-02-19,"NTS Energy Offtaken, Industrial Offtake Total",0.107796629
2021-02-19,"NTS Energy Offtaken, LDZ Offtake Total",2.226010241
2021-02-19,"NTS Energy Offtaken, Powerstations Total",0.337825708
2021-02-18,"NTS Energy Offtaken, Industrial Offtake Total",0.105221938
2021-02-18,"NTS Energy Offtaken, LDZ Offtake Total",2.169989869
2021-02-18,"NTS Energy Offtaken, Powerstations Total",0.373873345
2021-02-17,"NTS Energy Offtaken, Industrial Offtake Total",0.10330967
2021-02-17,"NTS Energy Offtaken, LDZ Offtake Total",2.110797098
2021-02-17,"NTS Energy Offtaken, Powerstations Total",0.382955577
2021-02-16,"NTS Energy Offtaken, Industrial Offtake Total",0.105323977
2021-02-16,"NTS Energy Offtaken, LDZ Offtake Total",2.131800574
2021-02-16,"NTS Energy Offtaken, Powerstations Total",0.430970526
2021-02-15,"NTS Energy Offtaken, Industrial Offtake Total",0.122081277
2021-02-15,"NTS Energy Offtaken, LDZ Offtake Total",2.332481918
2021-02-15,"NTS Energy Offtaken, Powerstations Total",0.524515114
2021-02-14,"NTS Energy Offtaken, Industrial Offtake Total",0.120056546
2021-02-14,"NTS Energy Offtaken, LDZ Offtake Total",2.967760664
2021-02-14,"NTS Energy Offtaken, Powerstations Total",0.322292829
2021-02-13,"NTS Energy Offtaken, Industrial Offtake Total",0.118259141
2021-02-13,"NTS Energy Offtaken, LDZ Offtake Total",3.311508989
2021-02-13,"NTS Energy Offtaken, Powerstations Total",0.352413002
2021-02-12,"NTS Energy Offtaken, Industrial Offtake Total",0.118668413
2021-02-12,"NTS Energy Offtaken, LDZ Offtake Total",3.360061702
2021-02-12,"NTS Energy Offtaken, Powerstations Total",0.540078292
2021-02-11,"NTS Energy Offtaken, Industrial Offtake Total",0.129142147
2021-02-11,"NTS Energy Offtaken, LDZ Offtake Total",3.341227291
2021-02-11,"NTS Energy Offtaken, Powerstations Total",0.728131669
2021-02-10,"NTS Energy Offtaken, Industrial Offtake Total",0.139978595
2021-02-10,"NTS Energy Offtaken, LDZ Offtake Total",3.285093557
2021-02-10,"NTS Energy Offtaken, Powerstations Total",0.841811838
2021-02-09,"NTS Energy Offtaken, Industrial Offtake Total",0.133163451
2021-02-09,"NTS Energy Offtaken, LDZ Offtake Total",3.282869826
2021-02-09,"NTS Energy Offtaken, Powerstations Total",0.687235073
2021-02-08,"NTS Energy Offtaken, Industrial Offtake Total",0.130714627
2021-02-08,"NTS Energy Offtaken, LDZ Offtake Total",3.294747353
2021-02-08,"NTS Energy Offtaken, Powerstations Total",0.649927877
2021-02-07,"NTS Energy Offtaken, Industrial Offtake Total",0.116737747
2021-02-07,"NTS Energy Offtaken, LDZ Offtake Total",2.884892635
2021-02-07,"NTS Energy Offtaken, Powerstations Total",0.357938703
2021-02-06,"NTS Energy Offtaken, Industrial Offtake Total",0.105701822
2021-02-06,"NTS Energy Offtaken, LDZ Offtake Total",2.36485226
2021-02-06,"NTS Energy Offtaken, Powerstations Total",0.423097343
2021-02-05,"NTS Energy Offtaken, Industrial Offtake Total",0.106618047
2021-02-05,"NTS Energy Offtaken, LDZ Offtake Total",2.242080517
2021-02-05,"NTS Energy Offtaken, Powerstations Total",0.631715087
2021-02-04,"NTS Energy Offtaken, Industrial Offtake Total",0.108475182
2021-02-04,"NTS Energy Offtaken, LDZ Offtake Total",2.407069004
2021-02-04,"NTS Energy Offtaken, Powerstations Total",0.654481594
2021-02-03,"NTS Energy Offtaken, Industrial Offtake Total",0.106147062
2021-02-03,"NTS Energy Offtaken, LDZ Offtake Total",2.328270377
2021-02-03,"NTS Energy Offtaken, Powerstations Total",0.586016932
2021-02-02,"NTS Energy Offtaken, Industrial Offtake Total",0.107634421
2021-02-02,"NTS Energy Offtaken, LDZ Offtake Total",2.4581179
2021-02-02,"NTS Energy Offtaken, Powerstations Total",0.524723339
2021-02-01,"NTS Energy Offtaken, Industrial Offtake Total",0.12733485
2021-02-01,"NTS Energy Offtaken, LDZ Offtake Total",2.784985132
2021-02-01,"NTS Energy Offtaken, Powerstations Total",0.814781556
2021-01-31,"NTS Energy Offtaken, Industrial Offtake Total",0.128996536
2021-01-31,"NTS Energy Offtaken, LDZ Offtake Total",2.708538018
2021-01-31,"NTS Energy Offtaken, Powerstations Total",0.634885044
2021-01-30,"NTS Energy Offtaken, Industrial Offtake Total",0.126208356
2021-01-30,"NTS Energy Offtaken, LDZ Offtake Total",2.502931361
2021-01-30,"NTS Energy Offtaken, Powerstations Total",0.485616208
2021-01-29,"NTS Energy Offtaken, Industrial Offtake Total",0.120119901
2021-01-29,"NTS Energy Offtaken, LDZ Offtake Total",2.134308528
2021-01-29,"NTS Energy Offtaken, Powerstations Total",0.550108013
2021-01-28,"NTS Energy Offtaken, Industrial Offtake Total",0.117034788
2021-01-28,"NTS Energy Offtaken, LDZ Offtake Total",2.164091262
2021-01-28,"NTS Energy Offtaken, Powerstations Total",0.542638526
2021-01-27,"NTS Energy Offtaken, Industrial Offtake Total",0.116673288
2021-01-27,"NTS Energy Offtaken, LDZ Offtake Total",2.3739646
2021-01-27,"NTS Energy Offtaken, Powerstations Total",0.762259115
2021-01-26,"NTS Energy Offtaken, Industrial Offtake Total",0.116319759
2021-01-26,"NTS Energy Offtaken, LDZ Offtake Total",2.917640181
2021-01-26,"NTS Energy Offtaken, Powerstations Total",0.781029043
2021-01-25,"NTS Energy Offtaken, Industrial Offtake Total",0.106323619
2021-01-25,"NTS Energy Offtaken, LDZ Offtake Total",2.983008738
2021-01-25,"NTS Energy Offtaken, Powerstations Total",0.702050159
2021-01-24,"NTS Energy Offtaken, Industrial Offtake Total",0.095530247
2021-01-24,"NTS Energy Offtaken, LDZ Offtake Total",2.910635815
2021-01-24,"NTS Energy Offtaken, Powerstations Total",0.718250245
2021-01-23,"NTS Energy Offtaken, Industrial Offtake Total",0.094637126
2021-01-23,"NTS Energy Offtaken, LDZ Offtake Total",2.726828169
2021-01-23,"NTS Energy Offtaken, Powerstations Total",0.765949274
2021-01-22,"NTS Energy Offtaken, Industrial Offtake Total",0.094351534
2021-01-22,"NTS Energy Offtaken, LDZ Offtake Total",2.618850924
2021-01-22,"NTS Energy Offtaken, Powerstations Total",0.727445887
2021-01-21,"NTS Energy Offtaken, Industrial Offtake Total",0.089093221
2021-01-21,"NTS Energy Offtaken, LDZ Offtake Total",2.549532591
2021-01-21,"NTS Energy Offtaken, Powerstations Total",0.463632518
2021-01-20,"NTS Energy Offtaken, Industrial Offtake Total",0.105018894
2021-01-20,"NTS Energy Offtaken, LDZ Offtake Total",2.233502321
2021-01-20,"NTS Energy Offtaken, Powerstations Total",0.615743286
2021-01-19,"NTS Energy Offtaken, Industrial Offtake Total",0.107075109
2021-01-19,"NTS Energy Offtaken, LDZ Offtake Total",2.200873378
2021-01-19,"NTS Energy Offtaken, Powerstations Total",0.591538944
2021-01-18,"NTS Energy Offtaken, Industrial Offtake Total",0.111008104
2021-01-18,"NTS Energy Offtaken, LDZ Offtake Total",2.551064115
2021-01-18,"NTS Energy Offtaken, Powerstations Total",0.63179275
2021-01-17,"NTS Energy Offtaken, Industrial Offtake Total",0.108441355
2021-01-17,"NTS Energy Offtaken, LDZ Offtake Total",2.402798201
2021-01-17,"NTS Energy Offtaken, Powerstations Total",0.459622136
2021-01-16,"NTS Energy Offtaken, Industrial Offtake Total",0.104607657
2021-01-16,"NTS Energy Offtaken, LDZ Offtake Total",2.523867454
2021-01-16,"NTS Energy Offtaken, Powerstations Total",0.391011146
2021-01-15,"NTS Energy Offtaken, Industrial Offtake Total",0.110951343
2021-01-15,"NTS Energy Offtaken, LDZ Offtake Total",2.920779666
2021-01-15,"NTS Energy Offtaken, Powerstations Total",0.731957818
2021-01-14,"NTS Energy Offtaken, Industrial Offtake Total",0.108256608
2021-01-14,"NTS Energy Offtaken, LDZ Offtake Total",2.675434455
2021-01-14,"NTS Energy Offtaken, Powerstations Total",0.805037607
2021-01-13,"NTS Energy Offtaken, Industrial Offtake Total",0.116525776
2021-01-13,"NTS Energy Offtaken, LDZ Offtake Total",2.644459161
2021-01-13,"NTS Energy Offtaken, Powerstations Total",0.803100016
2021-01-12,"NTS Energy Offtaken, Industrial Offtake Total",0.120688139
2021-01-12,"NTS Energy Offtaken, LDZ Offtake Total",2.529518607
2021-01-12,"NTS Energy Offtaken, Powerstations Total",0.77657219
2021-01-11,"NTS Energy Offtaken, Industrial Offtake Total",0.109812126
2021-01-11,"NTS Energy Offtaken, LDZ Offtake Total",2.56526476
2021-01-11,"NTS Energy Offtaken, Powerstations Total",0.565362213
2021-01-10,"NTS Energy Offtaken, Industrial Offtake Total",0.101094198
2021-01-10,"NTS Energy Offtaken, LDZ Offtake Total",2.764168485
2021-01-10,"NTS Energy Offtaken, Powerstations Total",0.643362348
2021-01-09,"NTS Energy Offtaken, Industrial Offtake Total",0.125254848
2021-01-09,"NTS Energy Offtaken, LDZ Offtake Total",2.88466474
2021-01-09,"NTS Energy Offtaken, Powerstations Total",0.736278173
2021-01-08,"NTS Energy Offtaken, Industrial Offtake Total",0.132623541
2021-01-08,"NTS Energy Offtaken, LDZ Offtake Total",3.104531211
2021-01-08,"NTS Energy Offtaken, Powerstations Total",0.920928671
2021-01-07,"NTS Energy Offtaken, Industrial Offtake Total",0.133240234
2021-01-07,"NTS Energy Offtaken, LDZ Offtake Total",3.106727781
2021-01-07,"NTS Energy Offtaken, Powerstations Total",0.912341952
2021-01-06,"NTS Energy Offtaken, Industrial Offtake Total",0.136461712
2021-01-06,"NTS Energy Offtaken, LDZ Offtake Total",2.942736306
2021-01-06,"NTS Energy Offtaken, Powerstations Total",0.87651992
2021-01-05,"NTS Energy Offtaken, Industrial Offtake Total",0.130107365
2021-01-05,"NTS Energy Offtaken, LDZ Offtake Total",2.902666822
2021-01-05,"NTS Energy Offtaken, Powerstations Total",0.783142803
2021-01-04,"NTS Energy Offtaken, Industrial Offtake Total",0.12481031
2021-01-04,"NTS Energy Offtaken, LDZ Offtake Total",2.886542811
2021-01-04,"NTS Energy Offtaken, Powerstations Total",0.704858803
2021-01-03,"NTS Energy Offtaken, Industrial Offtake Total",0.122810527
2021-01-03,"NTS Energy Offtaken, LDZ Offtake Total",2.643743986
2021-01-03,"NTS Energy Offtaken, Powerstations Total",0.55530148
2021-01-02,"NTS Energy Offtaken, Industrial Offtake Total",0.125043332
2021-01-02,"NTS Energy Offtaken, LDZ Offtake Total",2.668675069
2021-01-02,"NTS Energy Offtaken, Powerstations Total",0.665564728
2021-01-01,"NTS Energy Offtaken, Industrial Offtake Total",0.123505366
2021-01-01,"NTS Energy Offtaken, LDZ Offtake Total",2.665258229
2021-01-01,"NTS Energy Offtaken, Powerstations Total",0.608855208
2020-12-31,"NTS Energy Offtaken, Industrial Offtake Total",0.125542483
2020-12-31,"NTS Energy Offtaken, LDZ Offtake Total",2.882821966
2020-12-31,"NTS Energy Offtaken, Powerstations Total",0.6928983
2020-12-30,"NTS Energy Offtaken, Industrial Offtake Total",0.128534021
2020-12-30,"NTS Energy Offtaken, LDZ Offtake Total",2.754612319
2020-12-30,"NTS Energy Offtaken, Powerstations Total",0.774491406
2020-12-29,"NTS Energy Offtaken, Industrial Offtake Total",0.125913235
2020-12-29,"NTS Energy Offtaken, LDZ Offtake Total",2.669595011
2020-12-29,"NTS Energy Offtaken, Powerstations Total",0.700818915
2020-12-28,"NTS Energy Offtaken, Industrial Offtake Total",0.12674759
2020-12-28,"NTS Energy Offtaken, LDZ Offtake Total",2.6185771
2020-12-28,"NTS Energy Offtaken, Powerstations Total",0.753317414
2020-12-27,"NTS Energy Offtaken, Industrial Offtake Total",0.115514473
2020-12-27,"NTS Energy Offtaken, LDZ Offtake Total",2.169019812
2020-12-27,"NTS Energy Offtaken, Powerstations Total",0.43117621
2020-12-26,"NTS Energy Offtaken, Industrial Offtake Total",0.105188921
2020-12-26,"NTS Energy Offtaken, LDZ Offtake Total",2.163426922
2020-12-26,"NTS Energy Offtaken, Powerstations Total",0.20243537
2020-12-25,"NTS Energy Offtaken, Industrial Offtake Total",0.120905484
2020-12-25,"NTS Energy Offtaken, LDZ Offtake Total",2.479287119
2020-12-25,"NTS Energy Offtaken, Powerstations Total",0.407202661
2020-12-24,"NTS Energy Offtaken, Industrial Offtake Total",0.123032508
2020-12-24,"NTS Energy Offtaken, LDZ Offtake Total",2.465887806
2020-12-24,"NTS Energy Offtaken, Powerstations Total",0.409348155
2020-12-23,"NTS Energy Offtaken, Industrial Offtake Total",0.117376509
2020-12-23,"NTS Energy Offtaken, LDZ Offtake Total",2.054142934
2020-12-23,"NTS Energy Offtaken, Powerstations Total",0.430493903
2020-12-22,"NTS Energy Offtaken, Industrial Offtake Total",0.128468142
2020-12-22,"NTS Energy Offtaken, LDZ Offtake Total",1.99684939
2020-12-22,"NTS Energy Offtaken, Powerstations Total",0.775633151
2020-12-21,"NTS Energy Offtaken, Industrial Offtake Total",0.109345534
2020-12-21,"NTS Energy Offtaken, LDZ Offtake Total",2.006189664
2020-12-21,"NTS Energy Offtaken, Powerstations Total",0.581169041
2020-12-20,"NTS Energy Offtaken, Industrial Offtake Total",0.119736826
2020-12-20,"NTS Energy Offtaken, LDZ Offtake Total",2.02110493
2020-12-20,"NTS Energy Offtaken, Powerstations Total",0.306863337
2020-12-19,"NTS Energy Offtaken, Industrial Offtake Total",0.110554161
2020-12-19,"NTS Energy Offtaken, LDZ Offtake Total",1.772219577
2020-12-19,"NTS Energy Offtaken, Powerstations Total",0.245559179
2020-12-18,"NTS Energy Offtaken, Industrial Offtake Total",0.107212918
2020-12-18,"NTS Energy Offtaken, LDZ Offtake Total",1.837706277
2020-12-18,"NTS Energy Offtaken, Powerstations Total",0.347216989
2020-12-17,"NTS Energy Offtaken, Industrial Offtake Total",0.120237451
2020-12-17,"NTS Energy Offtaken, LDZ Offtake Total",2.074403855
2020-12-17,"NTS Energy Offtaken, Powerstations Total",0.508933779
2020-12-16,"NTS Energy Offtaken, Industrial Offtake Total",0.128073664
2020-12-16,"NTS Energy Offtaken, LDZ Offtake Total",2.142774916
2020-12-16,"NTS Energy Offtaken, Powerstations Total",0.490133299
2020-12-15,"NTS Energy Offtaken, Industrial Offtake Total",0.120067207
2020-12-15,"NTS Energy Offtaken, LDZ Offtake Total",2.085360541
2020-12-15,"NTS Energy Offtaken, Powerstations Total",0.612189548
2020-12-14,"NTS Energy Offtaken, Industrial Offtake Total",0.112150738
2020-12-14,"NTS Energy Offtaken, LDZ Offtake Total",2.015295695
2020-12-14,"NTS Energy Offtaken, Powerstations Total",0.488273888
2020-12-13,"NTS Energy Offtaken, Industrial Offtake Total",0.104127423
2020-12-13,"NTS Energy Offtaken, LDZ Offtake Total",2.140028824
2020-12-13,"NTS Energy Offtaken, Powerstations Total",0.363719997
2020-12-12,"NTS Energy Offtaken, Industrial Offtake Total",0.12347953
2020-12-12,"NTS Energy Offtaken, LDZ Offtake Total",2.031697291
2020-12-12,"NTS Energy Offtaken, Powerstations Total",0.694774994
2020-12-11,"NTS Energy Offtaken, Industrial Offtake Total",0.136344486
2020-12-11,"NTS Energy Offtaken, LDZ Offtake Total",2.096946959
2020-12-11,"NTS Energy Offtaken, Powerstations Total",0.765411415
2020-12-10,"NTS Energy Offtaken, Industrial Offtake Total",0.123440348
2020-12-10,"NTS Energy Offtaken, LDZ Offtake Total",2.389146267
2020-12-10,"NTS Energy Offtaken, Powerstations Total",0.686682804
2020-12-09,"NTS Energy Offtaken, Industrial Offtake Total",0.125149907
2020-12-09,"NTS Energy Offtaken, LDZ Offtake Total",2.500857401
2020-12-09,"NTS Energy Offtaken, Powerstations Total",0.797088745
2020-12-08,"NTS Energy Offtaken, Industrial Offtake Total",0.12634003
2020-12-08,"NTS Energy Offtaken, LDZ Offtake Total",2.64587816
2020-12-08,"NTS Energy Offtaken, Powerstations Total",0.837389142
2020-12-07,"NTS Energy Offtaken, Industrial Offtake Total",0.131431307
2020-12-07,"NTS Energy Offtaken, LDZ Offtake Total",2.739010385
2020-12-07,"NTS Energy Offtaken, Powerstations Total",0.892241271
2020-12-06,"NTS Energy Offtaken, Industrial Offtake Total",0.131963326
2020-12-06,"NTS Energy Offtaken, LDZ Offtake Total",2.456156228
2020-12-06,"NTS Energy Offtaken, Powerstations Total",0.846993062
2020-12-05,"NTS Energy Offtaken, Industrial Offtake Total",0.124834617
2020-12-05,"NTS Energy Offtaken, LDZ Offtake Total",2.356577739
2020-12-05,"NTS Energy Offtaken, Powerstations Total",0.726534778
2020-12-04,"NTS Energy Offtaken, Industrial Offtake Total",0.119812544
2020-12-04,"NTS Energy Offtaken, LDZ Offtake Total",2.559404206
2020-12-04,"NTS Energy Offtaken, Powerstations Total",0.547647196
2020-12-03,"NTS Energy Offtaken, Industrial Offtake Total",0.125612471
2020-12-03,"NTS Energy Offtaken, LDZ Offtake Total",2.452759112
2020-12-03,"NTS Energy Offtaken, Powerstations Total",0.756748617
2020-12-02,"NTS Energy Offtaken, Industrial Offtake Total",0.113593151
2020-12-02,"NTS Energy Offtaken, LDZ Offtake Total",2.349903524
2020-12-02,"NTS Energy Offtaken, Powerstations Total",0.783632647
2020-12-01,"NTS Energy Offtaken, Industrial Offtake Total",0.104935234
2020-12-01,"NTS Energy Offtaken, LDZ Offtake Total",2.317899676
2020-12-01,"NTS Energy Offtaken, Powerstations Total",0.841451618
2020-11-30,"NTS Energy Offtaken, Industrial Offtake Total",0.100929374
2020-11-30,"NTS Energy Offtaken, LDZ Offtake Total",2.138488721
2020-11-30,"NTS Energy Offtaken, Powerstations Total",0.62152028
2020-11-29,"NTS Energy Offtaken, Industrial Offtake Total",0.102663201
2020-11-29,"NTS Energy Offtaken, LDZ Offtake Total",1.931331736
2020-11-29,"NTS Energy Offtaken, Powerstations Total",0.747964712
2020-11-28,"NTS Energy Offtaken, Industrial Offtake Total",0.103982373
2020-11-28,"NTS Energy Offtaken, LDZ Offtake Total",2.051795998
2020-11-28,"NTS Energy Offtaken, Powerstations Total",0.761254847
2020-11-27,"NTS Energy Offtaken, Industrial Offtake Total",0.120240613
2020-11-27,"NTS Energy Offtaken, LDZ Offtake Total",2.33771179
2020-11-27,"NTS Energy Offtaken, Powerstations Total",0.86335216
2020-11-26,"NTS Energy Offtaken, Industrial Offtake Total",0.131739344
2020-11-26,"NTS Energy Offtaken, LDZ Offtake Total",2.229585424
2020-11-26,"NTS Energy Offtaken, Powerstations Total",0.932250597
2020-11-25,"NTS Energy Offtaken, Industrial Offtake Total",0.121320873
2020-11-25,"NTS Energy Offtaken, LDZ Offtake Total",1.925944157
2020-11-25,"NTS Energy Offtaken, Powerstations Total",0.817773679
2020-11-24,"NTS Energy Offtaken, Industrial Offtake Total",0.111746773
2020-11-24,"NTS Energy Offtaken, LDZ Offtake Total",1.81471933
2020-11-24,"NTS Energy Offtaken, Powerstations Total",0.468955919
2020-11-23,"NTS Energy Offtaken, Industrial Offtake Total",0.116653612
2020-11-23,"NTS Energy Offtaken, LDZ Offtake Total",2.107449086
2020-11-23,"NTS Energy Offtaken, Powerstations Total",0.560343513
2020-11-22,"NTS Energy Offtaken, Industrial Offtake Total",0.114938089
2020-11-22,"NTS Energy Offtaken, LDZ Offtake Total",1.805810681
2020-11-22,"NTS Energy Offtaken, Powerstations Total",0.435970262
2020-11-21,"NTS Energy Offtaken, Industrial Offtake Total",0.109394367
2020-11-21,"NTS Energy Offtaken, LDZ Offtake Total",1.691363251
2020-11-21,"NTS Energy Offtaken, Powerstations Total",0.303742354
2020-11-20,"NTS Energy Offtaken, Industrial Offtake Total",0.1121547
2020-11-20,"NTS Energy Offtaken, LDZ Offtake Total",2.128078464
2020-11-20,"NTS Energy Offtaken, Powerstations Total",0.50976731
2020-11-19,"NTS Energy Offtaken, Industrial Offtake Total",0.122590388
2020-11-19,"NTS Energy Offtaken, LDZ Offtake Total",2.061972315
2020-11-19,"NTS Energy Offtaken, Powerstations Total",0.602735467
2020-11-18,"NTS Energy Offtaken, Industrial Offtake Total",0.106014648
2020-11-18,"NTS Energy Offtaken, LDZ Offtake Total",1.627259311
2020-11-18,"NTS Energy Offtaken, Powerstations Total",0.301433723
2020-11-17,"NTS Energy Offtaken, Industrial Offtake Total",0.110870539
2020-11-17,"NTS Energy Offtaken, LDZ Offtake Total",1.525485714
2020-11-17,"NTS Energy Offtaken, Powerstations Total",0.325113598
2020-11-16,"NTS Energy Offtaken, Industrial Offtake Total",0.107724277
2020-11-16,"NTS Energy Offtaken, LDZ Offtake Total",1.80538196
2020-11-16,"NTS Energy Offtaken, Powerstations Total",0.3747913
2020-11-15,"NTS Energy Offtaken, Industrial Offtake Total",0.106063568
2020-11-15,"NTS Energy Offtaken, LDZ Offtake Total",1.569083976
2020-11-15,"NTS Energy Offtaken, Powerstations Total",0.287801487
2020-11-14,"NTS Energy Offtaken, Industrial Offtake Total",0.102224784
2020-11-14,"NTS Energy Offtaken, LDZ Offtake Total",1.524489946
2020-11-14,"NTS Energy Offtaken, Powerstations Total",0.291016868
2020-11-13,"NTS Energy Offtaken, Industrial Offtake Total",0.104760074
2020-11-13,"NTS Energy Offtaken, LDZ Offtake Total",1.62422549
2020-11-13,"NTS Energy Offtaken, Powerstations Total",0.430750574
2020-11-12,"NTS Energy Offtaken, Industrial Offtake Total",0.108549567
2020-11-12,"NTS Energy Offtaken, LDZ Offtake Total",1.598266165
2020-11-12,"NTS Energy Offtaken, Powerstations Total",0.416008316
2020-11-11,"NTS Energy Offtaken, Industrial Offtake Total",0.1049127
2020-11-11,"NTS Energy Offtaken, LDZ Offtake Total",1.597145026
2020-11-11,"NTS Energy Offtaken, Powerstations Total",0.425558204
2020-11-10,"NTS Energy Offtaken, Industrial Offtake Total",0.120947628
2020-11-10,"NTS Energy Offtaken, LDZ Offtake Total",1.435916453
2020-11-10,"NTS Energy Offtaken, Powerstations Total",0.686193269
2020-11-09,"NTS Energy Offtaken, Industrial Offtake Total",0.12280593
2020-11-09,"NTS Energy Offtaken, LDZ Offtake Total",1.482162954
2020-11-09,"NTS Energy Offtaken, Powerstations Total",0.751042196
2020-11-08,"NTS Energy Offtaken, Industrial Offtake Total",0.119991617
2020-11-08,"NTS Energy Offtaken, LDZ Offtake Total",1.544785734
2020-11-08,"NTS Energy Offtaken, Powerstations Total",0.556049023
2020-11-07,"NTS Energy Offtaken, Industrial Offtake Total",0.120528184
2020-11-07,"NTS Energy Offtaken, LDZ Offtake Total",1.721803308
2020-11-07,"NTS Energy Offtaken, Powerstations Total",0.610396408
2020-11-06,"NTS Energy Offtaken, Industrial Offtake Total",0.119622608
2020-11-06,"NTS Energy Offtaken, LDZ Offtake Total",1.925592165
2020-11-06,"NTS Energy Offtaken, Powerstations Total",0.670543192
2020-11-05,"NTS Energy Offtaken, Industrial Offtake Total",0.120903013
2020-11-05,"NTS Energy Offtaken, LDZ Offtake Total",2.005509194
2020-11-05,"NTS Energy Offtaken, Powerstations Total",0.757260671
2020-11-04,"NTS Energy Offtaken, Industrial Offtake Total",0.115088306
2020-11-04,"NTS Energy Offtaken, LDZ Offtake Total",2.033289069
2020-11-04,"NTS Energy Offtaken, Powerstations Total",0.770664118
2020-11-03,"NTS Energy Offtaken, Industrial Offtake Total",0.112787029
2020-11-03,"NTS Energy Offtaken, LDZ Offtake Total",1.935857898
2020-11-03,"NTS Energy Offtaken, Powerstations Total",0.6009156
2020-11-02,"NTS Energy Offtaken, Industrial Offtake Total",0.106527255
2020-11-02,"NTS Energy Offtaken, LDZ Offtake Total",1.48421804
2020-11-02,"NTS Energy Offtaken, Powerstations Total",0.399953502
2020-11-01,"NTS Energy Offtaken, Industrial Offtake Total",0.08968881
2020-11-01,"NTS Energy Offtaken, LDZ Offtake Total",1.373174995
2020-11-01,"NTS Energy Offtaken, Powerstations Total",0.279333214
2020-10-31,"NTS Energy Offtaken, Industrial Offtake Total",0.094580837
2020-10-31,"NTS Energy Offtaken, LDZ Offtake Total",1.349700466
2020-10-31,"NTS Energy Offtaken, Powerstations Total",0.292661088
2020-10-30,"NTS Energy Offtaken, Industrial Offtake Total",0.104631724
2020-10-30,"NTS Energy Offtaken, LDZ Offtake Total",1.361520131
2020-10-30,"NTS Energy Offtaken, Powerstations Total",0.551138434
2020-10-29,"NTS Energy Offtaken, Industrial Offtake Total",0.187606314
2020-10-29,"NTS Energy Offtaken, LDZ Offtake Total",1.733004808
2020-10-29,"NTS Energy Offtaken, Powerstations Total",0.402409511
2020-10-28,"NTS Energy Offtaken, Industrial Offtake Total",0.196051417
2020-10-28,"NTS Energy Offtaken, LDZ Offtake Total",1.831788218
2020-10-28,"NTS Energy Offtaken, Powerstations Total",0.387949995
2020-10-27,"NTS Energy Offtaken, Industrial Offtake Total",0.210006984
2020-10-27,"NTS Energy Offtaken, LDZ Offtake Total",1.749751152
2020-10-27,"NTS Energy Offtaken, Powerstations Total",0.432939641
2020-10-26,"NTS Energy Offtaken, Industrial Offtake Total",0.219162568
2020-10-26,"NTS Energy Offtaken, LDZ Offtake Total",1.69682366
2020-10-26,"NTS Energy Offtaken, Powerstations Total",0.399180909
2020-10-25,"NTS Energy Offtaken, Industrial Offtake Total",0.211242859
2020-10-25,"NTS Energy Offtaken, LDZ Offtake Total",1.513073622
2020-10-25,"NTS Energy Offtaken, Powerstations Total",0.33364416
2020-10-24,"NTS Energy Offtaken, Industrial Offtake Total",0.223724293
2020-10-24,"NTS Energy Offtaken, LDZ Offtake Total",1.526121761
2020-10-24,"NTS Energy Offtaken, Powerstations Total",0.317254591
2020-10-23,"NTS Energy Offtaken, Industrial Offtake Total",0.234026899
2020-10-23,"NTS Energy Offtaken, LDZ Offtake Total",1.467363535
2020-10-23,"NTS Energy Offtaken, Powerstations Total",0.516079057
2020-10-22,"NTS Energy Offtaken, Industrial Offtake Total",0.228763049
2020-10-22,"NTS Energy Offtaken, LDZ Offtake Total",1.337675349
2020-10-22,"NTS Energy Offtaken, Powerstations Total",0.533029343
2020-10-21,"NTS Energy Offtaken, Industrial Offtake Total",0.228266529
2020-10-21,"NTS Energy Offtaken, LDZ Offtake Total",1.215131381
2020-10-21,"NTS Energy Offtaken, Powerstations Total",0.53310812
2020-10-20,"NTS Energy Offtaken, Industrial Offtake Total",0.224366912
2020-10-20,"NTS Energy Offtaken, LDZ Offtake Total",1.270441871
2020-10-20,"NTS Energy Offtaken, Powerstations Total",0.368862631
2020-10-19,"NTS Energy Offtaken, Industrial Offtake Total",0.220350874
2020-10-19,"NTS Energy Offtaken, LDZ Offtake Total",1.49294151
2020-10-19,"NTS Energy Offtaken, Powerstations Total",0.456326229
2020-10-18,"NTS Energy Offtaken, Industrial Offtake Total",0.233826729
2020-10-18,"NTS Energy Offtaken, LDZ Offtake Total",1.514578673
2020-10-18,"NTS Energy Offtaken, Powerstations Total",0.69400067
2020-10-17,"NTS Energy Offtaken, Industrial Offtake Total",0.227635041
2020-10-17,"NTS Energy Offtaken, LDZ Offtake Total",1.494690182
2020-10-17,"NTS Energy Offtaken, Powerstations Total",0.688907858
2020-10-16,"NTS Energy Offtaken, Industrial Offtake Total",0.219558053
2020-10-16,"NTS Energy Offtaken, LDZ Offtake Total",1.640000379
2020-10-16,"NTS Energy Offtaken, Powerstations Total",0.807315071
2020-10-15,"NTS Energy Offtaken, Industrial Offtake Total",0.224145371
2020-10-15,"NTS Energy Offtaken, LDZ Offtake Total",1.631018838
2020-10-15,"NTS Energy Offtaken, Powerstations Total",0.795268356
2020-10-14,"NTS Energy Offtaken, Industrial Offtake Total",0.196867679
2020-10-14,"NTS Energy Offtaken, LDZ Offtake Total",1.543153175
2020-10-14,"NTS Energy Offtaken, Powerstations Total",0.6685546
2020-10-13,"NTS Energy Offtaken, Industrial Offtake Total",0.164588353
2020-10-13,"NTS Energy Offtaken, LDZ Offtake Total",1.64040387
2020-10-13,"NTS Energy Offtaken, Powerstations Total",0.560898749
2020-10-12,"NTS Energy Offtaken, Industrial Offtake Total",0.147529305
2020-10-12,"NTS Energy Offtaken, LDZ Offtake Total",1.607183169
2020-10-12,"NTS Energy Offtaken, Powerstations Total",0.669609331
2020-10-11,"NTS Energy Offtaken, Industrial Offtake Total",0.114274326
2020-10-11,"NTS Energy Offtaken, LDZ Offtake Total",1.37119907
2020-10-11,"NTS Energy Offtaken, Powerstations Total",0.528603171
2020-10-10,"NTS Energy Offtaken, Industrial Offtake Total",0.108194424
2020-10-10,"NTS Energy Offtaken, LDZ Offtake Total",1.519114612
2020-10-10,"NTS Energy Offtaken, Powerstations Total",0.335194393
2020-10-09,"NTS Energy Offtaken, Industrial Offtake Total",0.16119591
2020-10-09,"NTS Energy Offtaken, LDZ Offtake Total",1.481085977
2020-10-09,"NTS Energy Offtaken, Powerstations Total",0.451385254
2020-10-08,"NTS Energy Offtaken, Industrial Offtake Total",0.154089926
2020-10-08,"NTS Energy Offtaken, LDZ Offtake Total",1.252365689
2020-10-08,"NTS Energy Offtaken, Powerstations Total",0.610047293
2020-10-07,"NTS Energy Offtaken, Industrial Offtake Total",0.115349542
2020-10-07,"NTS Energy Offtaken, LDZ Offtake Total",1.275004138
2020-10-07,"NTS Energy Offtaken, Powerstations Total",0.503486127
2020-10-06,"NTS Energy Offtaken, Industrial Offtake Total",0.184805929
2020-10-06,"NTS Energy Offtaken, LDZ Offtake Total",1.24927644
2020-10-06,"NTS Energy Offtaken, Powerstations Total",0.48251608
2020-10-05,"NTS Energy Offtaken, Industrial Offtake Total",0.220531767
2020-10-05,"NTS Energy Offtaken, LDZ Offtake Total",1.258739301
2020-10-05,"NTS Energy Offtaken, Powerstations Total",0.60644485
2020-10-04,"NTS Energy Offtaken, Industrial Offtake Total",0.173902569
2020-10-04,"NTS Energy Offtaken, LDZ Offtake Total",1.271485494
2020-10-04,"NTS Energy Offtaken, Powerstations Total",0.429846958
2020-10-03,"NTS Energy Offtaken, Industrial Offtake Total",0.17274934
2020-10-03,"NTS Energy Offtaken, LDZ Offtake Total",1.209364324
2020-10-03,"NTS Energy Offtaken, Powerstations Total",0.409359928
2020-10-02,"NTS Energy Offtaken, Industrial Offtake Total",0.152572839
2020-10-02,"NTS Energy Offtaken, LDZ Offtake Total",1.337093948
2020-10-02,"NTS Energy Offtaken, Powerstations Total",0.494180139
2020-10-01,"NTS Energy Offtaken, Industrial Offtake Total",0.126433404
2020-10-01,"NTS Energy Offtaken, LDZ Offtake Total",1.155289296
2020-10-01,"NTS Energy Offtaken, Powerstations Total",0.718884749
2020-09-30,"NTS Energy Offtaken, Industrial Offtake Total",0.123926686
2020-09-30,"NTS Energy Offtaken, LDZ Offtake Total",1.202698455
2020-09-30,"NTS Energy Offtaken, Powerstations Total",0.624703565
2020-09-29,"NTS Energy Offtaken, Industrial Offtake Total",0.134032766
2020-09-29,"NTS Energy Offtaken, LDZ Offtake Total",1.038167838
2020-09-29,"NTS Energy Offtaken, Powerstations Total",0.706418717
2020-09-28,"NTS Energy Offtaken, Industrial Offtake Total",0.134566451
2020-09-28,"NTS Energy Offtaken, LDZ Offtake Total",1.230616835
2020-09-28,"NTS Energy Offtaken, Powerstations Total",0.787232122
2020-09-27,"NTS Energy Offtaken, Industrial Offtake Total",0.123226676
2020-09-27,"NTS Energy Offtaken, LDZ Offtake Total",1.209649023
2020-09-27,"NTS Energy Offtaken, Powerstations Total",0.434766414
2020-09-26,"NTS Energy Offtaken, Industrial Offtake Total",0.101714405
2020-09-26,"NTS Energy Offtaken, LDZ Offtake Total",1.297245645
2020-09-26,"NTS Energy Offtaken, Powerstations Total",0.276706853
2020-09-25,"NTS Energy Offtaken, Industrial Offtake Total",0.106339076
2020-09-25,"NTS Energy Offtaken, LDZ Offtake Total",1.257966203
2020-09-25,"NTS Energy Offtaken, Powerstations Total",0.336275819
2020-09-24,"NTS Energy Offtaken, Industrial Offtake Total",0.119822287
2020-09-24,"NTS Energy Offtaken, LDZ Offtake Total",1.089522759
2020-09-24,"NTS Energy Offtaken, Powerstations Total",0.579817232
2020-09-23,"NTS Energy Offtaken, Industrial Offtake Total",0.11484325
2020-09-23,"NTS Energy Offtaken, LDZ Offtake Total",0.843554753
2020-09-23,"NTS Energy Offtaken, Powerstations Total",0.711935512
2020-09-22,"NTS Energy Offtaken, Industrial Offtake Total",0.112929217
2020-09-22,"NTS Energy Offtaken, LDZ Offtake Total",0.718717683
2020-09-22,"NTS Energy Offtaken, Powerstations Total",0.623448199
2020-09-21,"NTS Energy Offtaken, Industrial Offtake Total",0.12741791
2020-09-21,"NTS Energy Offtaken, LDZ Offtake Total",0.708445319
2020-09-21,"NTS Energy Offtaken, Powerstations Total",0.796657192
2020-09-20,"NTS Energy Offtaken, Industrial Offtake Total",0.118090752
2020-09-20,"NTS Energy Offtaken, LDZ Offtake Total",0.672012223
2020-09-20,"NTS Energy Offtaken, Powerstations Total",0.514814059
2020-09-19,"NTS Energy Offtaken, Industrial Offtake Total",0.108866404
2020-09-19,"NTS Energy Offtaken, LDZ Offtake Total",0.65794807
2020-09-19,"NTS Energy Offtaken, Powerstations Total",0.299502522
2020-09-18,"NTS Energy Offtaken, Industrial Offtake Total",0.116347771
2020-09-18,"NTS Energy Offtaken, LDZ Offtake Total",0.707661667
2020-09-18,"NTS Energy Offtaken, Powerstations Total",0.496289616
2020-09-17,"NTS Energy Offtaken, Industrial Offtake Total",0.133881438
2020-09-17,"NTS Energy Offtaken, LDZ Offtake Total",0.690630822
2020-09-17,"NTS Energy Offtaken, Powerstations Total",0.665950193
2020-09-16,"NTS Energy Offtaken, Industrial Offtake Total",0.135702813
2020-09-16,"NTS Energy Offtaken, LDZ Offtake Total",0.664174343
2020-09-16,"NTS Energy Offtaken, Powerstations Total",0.689863962
2020-09-15,"NTS Energy Offtaken, Industrial Offtake Total",0.137052058
2020-09-15,"NTS Energy Offtaken, LDZ Offtake Total",0.649740119
2020-09-15,"NTS Energy Offtaken, Powerstations Total",0.820431248
2020-09-14,"NTS Energy Offtaken, Industrial Offtake Total",0.131997611
2020-09-14,"NTS Energy Offtaken, LDZ Offtake Total",0.644035408
2020-09-14,"NTS Energy Offtaken, Powerstations Total",0.790881373
2020-09-13,"NTS Energy Offtaken, Industrial Offtake Total",0.106572362
2020-09-13,"NTS Energy Offtaken, LDZ Offtake Total",0.617755272
2020-09-13,"NTS Energy Offtaken, Powerstations Total",0.26776397
2020-09-12,"NTS Energy Offtaken, Industrial Offtake Total",0.104280429
2020-09-12,"NTS Energy Offtaken, LDZ Offtake Total",0.685378253
2020-09-12,"NTS Energy Offtaken, Powerstations Total",0.250618459
2020-09-11,"NTS Energy Offtaken, Industrial Offtake Total",0.123391516
2020-09-11,"NTS Energy Offtaken, LDZ Offtake Total",0.801491923
2020-09-11,"NTS Energy Offtaken, Powerstations Total",0.501914441
2020-09-10,"NTS Energy Offtaken, Industrial Offtake Total",0.136806987
2020-09-10,"NTS Energy Offtaken, LDZ Offtake Total",0.826642623
2020-09-10,"NTS Energy Offtaken, Powerstations Total",0.758514658
2020-09-09,"NTS Energy Offtaken, Industrial Offtake Total",0.130831408
2020-09-09,"NTS Energy Offtaken, LDZ Offtake Total",0.689342305
2020-09-09,"NTS Energy Offtaken, Powerstations Total",0.65717788
2020-09-08,"NTS Energy Offtaken, Industrial Offtake Total",0.122753486
2020-09-08,"NTS Energy Offtaken, LDZ Offtake Total",0.683176795
2020-09-08,"NTS Energy Offtaken, Powerstations Total",0.603290239
2020-09-07,"NTS Energy Offtaken, Industrial Offtake Total",0.12535191
2020-09-07,"NTS Energy Offtaken, LDZ Offtake Total",0.802942271
2020-09-07,"NTS Energy Offtaken, Powerstations Total",0.531080291
2020-09-06,"NTS Energy Offtaken, Industrial Offtake Total",0.123432798
2020-09-06,"NTS Energy Offtaken, LDZ Offtake Total",0.722829683
2020-09-06,"NTS Energy Offtaken, Powerstations Total",0.623544383
2020-09-05,"NTS Energy Offtaken, Industrial Offtake Total",0.114896207
2020-09-05,"NTS Energy Offtaken, LDZ Offtake Total",0.746315859
2020-09-05,"NTS Energy Offtaken, Powerstations Total",0.375447573
2020-09-04,"NTS Energy Offtaken, Industrial Offtake Total",0.1185591
2020-09-04,"NTS Energy Offtaken, LDZ Offtake Total",0.757747494
2020-09-04,"NTS Energy Offtaken, Powerstations Total",0.42721272
2020-09-03,"NTS Energy Offtaken, Industrial Offtake Total",0.118899982
2020-09-03,"NTS Energy Offtaken, LDZ Offtake Total",0.71437118
2020-09-03,"NTS Energy Offtaken, Powerstations Total",0.464630391
2020-09-02,"NTS Energy Offtaken, Industrial Offtake Total",0.125176035
2020-09-02,"NTS Energy Offtaken, LDZ Offtake Total",0.814879623
2020-09-02,"NTS Energy Offtaken, Powerstations Total",0.536642066
2020-09-01,"NTS Energy Offtaken, Industrial Offtake Total",0.132651075
2020-09-01,"NTS Energy Offtaken, LDZ Offtake Total",0.793952883
2020-09-01,"NTS Energy Offtaken, Powerstations Total",0.70953002
2020-08-31,"NTS Energy Offtaken, Industrial Offtake Total",0.131698921
2020-08-31,"NTS Energy Offtaken, LDZ Offtake Total",0.795245472
2020-08-31,"NTS Energy Offtaken, Powerstations Total",0.734830413
2020-08-30,"NTS Energy Offtaken, Industrial Offtake Total",0.122592167
2020-08-30,"NTS Energy Offtaken, LDZ Offtake Total",0.801493219
2020-08-30,"NTS Energy Offtaken, Powerstations Total",0.512628955
2020-08-29,"NTS Energy Offtaken, Industrial Offtake Total",0.117335336
2020-08-29,"NTS Energy Offtaken, LDZ Offtake Total",0.857450737
2020-08-29,"NTS Energy Offtaken, Powerstations Total",0.314559298
2020-08-28,"NTS Energy Offtaken, Industrial Offtake Total",0.119817603
2020-08-28,"NTS Energy Offtaken, LDZ Offtake Total",0.791745833
2020-08-28,"NTS Energy Offtaken, Powerstations Total",0.490997279
2020-08-27,"NTS Energy Offtaken, Industrial Offtake Total",0.133485362
2020-08-27,"NTS Energy Offtaken, LDZ Offtake Total",0.767070558
2020-08-27,"NTS Energy Offtaken, Powerstations Total",0.664810251
2020-08-26,"NTS Energy Offtaken, Industrial Offtake Total",0.132809103
2020-08-26,"NTS Energy Offtaken, LDZ Offtake Total",0.70147142
2020-08-26,"NTS Energy Offtaken, Powerstations Total",0.675153998
2020-08-25,"NTS Energy Offtaken, Industrial Offtake Total",0.118681762
2020-08-25,"NTS Energy Offtaken, LDZ Offtake Total",0.682982007
2020-08-25,"NTS Energy Offtaken, Powerstations Total",0.352801695
2020-08-24,"NTS Energy Offtaken, Industrial Offtake Total",0.133734415
2020-08-24,"NTS Energy Offtaken, LDZ Offtake Total",0.632648168
2020-08-24,"NTS Energy Offtaken, Powerstations Total",0.68734016
2020-08-23,"NTS Energy Offtaken, Industrial Offtake Total",0.118309089
2020-08-23,"NTS Energy Offtaken, LDZ Offtake Total",0.587170701
2020-08-23,"NTS Energy Offtaken, Powerstations Total",0.517229946
2020-08-22,"NTS Energy Offtaken, Industrial Offtake Total",0.107507339
2020-08-22,"NTS Energy Offtaken, LDZ Offtake Total",0.56146313
2020-08-22,"NTS Energy Offtaken, Powerstations Total",0.269646571
2020-08-21,"NTS Energy Offtaken, Industrial Offtake Total",0.106151463
2020-08-21,"NTS Energy Offtaken, LDZ Offtake Total",0.593038949
2020-08-21,"NTS Energy Offtaken, Powerstations Total",0.257355379
2020-08-20,"NTS Energy Offtaken, Industrial Offtake Total",0.101041201
2020-08-20,"NTS Energy Offtaken, LDZ Offtake Total",0.584487809
2020-08-20,"NTS Energy Offtaken, Powerstations Total",0.356344956
2020-08-19,"NTS Energy Offtaken, Industrial Offtake Total",0.161042439
2020-08-19,"NTS Energy Offtaken, LDZ Offtake Total",0.611266197
2020-08-19,"NTS Energy Offtaken, Powerstations Total",0.561460939
2020-08-18,"NTS Energy Offtaken, Industrial Offtake Total",0.166088669
2020-08-18,"NTS Energy Offtaken, LDZ Offtake Total",0.585357702
2020-08-18,"NTS Energy Offtaken, Powerstations Total",0.722454918
2020-08-17,"NTS Energy Offtaken, Industrial Offtake Total",0.171075357
2020-08-17,"NTS Energy Offtaken, LDZ Offtake Total",0.61143927
2020-08-17,"NTS Energy Offtaken, Powerstations Total",0.737252783
2020-08-16,"NTS Energy Offtaken, Industrial Offtake Total",0.154765463
2020-08-16,"NTS Energy Offtaken, LDZ Offtake Total",0.557728829
2020-08-16,"NTS Energy Offtaken, Powerstations Total",0.553303702
2020-08-15,"NTS Energy Offtaken, Industrial Offtake Total",0.154563215
2020-08-15,"NTS Energy Offtaken, LDZ Offtake Total",0.543306664
2020-08-15,"NTS Energy Offtaken, Powerstations Total",0.564038048
2020-08-14,"NTS Energy Offtaken, Industrial Offtake Total",0.155245715
2020-08-14,"NTS Energy Offtaken, LDZ Offtake Total",0.566751085
2020-08-14,"NTS Energy Offtaken, Powerstations Total",0.686172146
2020-08-13,"NTS Energy Offtaken, Industrial Offtake Total",0.139015294
2020-08-13,"NTS Energy Offtaken, LDZ Offtake Total",0.546000078
2020-08-13,"NTS Energy Offtaken, Powerstations Total",0.734695316
2020-08-12,"NTS Energy Offtaken, Industrial Offtake Total",0.126988998
2020-08-12,"NTS Energy Offtaken, LDZ Offtake Total",0.512351406
2020-08-12,"NTS Energy Offtaken, Powerstations Total",0.734628292
2020-08-11,"NTS Energy Offtaken, Industrial Offtake Total",0.173554472
2020-08-11,"NTS Energy Offtaken, LDZ Offtake Total",0.563284842
2020-08-11,"NTS Energy Offtaken, Powerstations Total",0.77348632
2020-08-10,"NTS Energy Offtaken, Industrial Offtake Total",0.204270695
2020-08-10,"NTS Energy Offtaken, LDZ Offtake Total",0.545114093
2020-08-10,"NTS Energy Offtaken, Powerstations Total",0.682447912
2020-08-09,"NTS Energy Offtaken, Industrial Offtake Total",0.158562875
2020-08-09,"NTS Energy Offtaken, LDZ Offtake Total",0.497412264
2020-08-09,"NTS Energy Offtaken, Powerstations Total",0.34807346
2020-08-08,"NTS Energy Offtaken, Industrial Offtake Total",0.119597618
2020-08-08,"NTS Energy Offtaken, LDZ Offtake Total",0.475329797
2020-08-08,"NTS Energy Offtaken, Powerstations Total",0.405249741
2020-08-07,"NTS Energy Offtaken, Industrial Offtake Total",0.122750192
2020-08-07,"NTS Energy Offtaken, LDZ Offtake Total",0.534882089
2020-08-07,"NTS Energy Offtaken, Powerstations Total",0.634332819
2020-08-06,"NTS Energy Offtaken, Industrial Offtake Total",0.127627431
2020-08-06,"NTS Energy Offtaken, LDZ Offtake Total",0.574021276
2020-08-06,"NTS Energy Offtaken, Powerstations Total",0.618199827
2020-08-05,"NTS Energy Offtaken, Industrial Offtake Total",0.119509454
2020-08-05,"NTS Energy Offtaken, LDZ Offtake Total",0.60434463
2020-08-05,"NTS Energy Offtaken, Powerstations Total",0.397555793
2020-08-04,"NTS Energy Offtaken, Industrial Offtake Total",0.117082984
2020-08-04,"NTS Energy Offtaken, LDZ Offtake Total",0.664645845
2020-08-04,"NTS Energy Offtaken, Powerstations Total",0.379169303
2020-08-03,"NTS Energy Offtaken, Industrial Offtake Total",0.151191673
2020-08-03,"NTS Energy Offtaken, LDZ Offtake Total",0.609385192
2020-08-03,"NTS Energy Offtaken, Powerstations Total",0.585000924
2020-08-02,"NTS Energy Offtaken, Industrial Offtake Total",0.150980988
2020-08-02,"NTS Energy Offtaken, LDZ Offtake Total",0.522219774
2020-08-02,"NTS Energy Offtaken, Powerstations Total",0.416628646
2020-08-01,"NTS Energy Offtaken, Industrial Offtake Total",0.093123278
2020-08-01,"NTS Energy Offtaken, LDZ Offtake Total",0.511547516
2020-08-01,"NTS Energy Offtaken, Powerstations Total",0.422342591
2020-07-31,"NTS Energy Offtaken, Industrial Offtake Total",0.077797813
2020-07-31,"NTS Energy Offtaken, LDZ Offtake Total",0.531078937
2020-07-31,"NTS Energy Offtaken, Powerstations Total",0.430490021
2020-07-30,"NTS Energy Offtaken, Industrial Offtake Total",0.084242977
2020-07-30,"NTS Energy Offtaken, LDZ Offtake Total",0.630204788
2020-07-30,"NTS Energy Offtaken, Powerstations Total",0.540395899
2020-07-29,"NTS Energy Offtaken, Industrial Offtake Total",0.084644818
2020-07-29,"NTS Energy Offtaken, LDZ Offtake Total",0.673193236
2020-07-29,"NTS Energy Offtaken, Powerstations Total",0.573415852
2020-07-28,"NTS Energy Offtaken, Industrial Offtake Total",0.081307698
2020-07-28,"NTS Energy Offtaken, LDZ Offtake Total",0.676601098
2020-07-28,"NTS Energy Offtaken, Powerstations Total",0.351386012
2020-07-27,"NTS Energy Offtaken, Industrial Offtake Total",0.088089529
2020-07-27,"NTS Energy Offtaken, LDZ Offtake Total",0.636208039
2020-07-27,"NTS Energy Offtaken, Powerstations Total",0.4121322
2020-07-26,"NTS Energy Offtaken, Industrial Offtake Total",0.189865127
2020-07-26,"NTS Energy Offtaken, LDZ Offtake Total",0.564248765
2020-07-26,"NTS Energy Offtaken, Powerstations Total",0.272696499
2020-07-25,"NTS Energy Offtaken, Industrial Offtake Total",0.172314537
2020-07-25,"NTS Energy Offtaken, LDZ Offtake Total",0.572755297
2020-07-25,"NTS Energy Offtaken, Powerstations Total",0.357084554
2020-07-24,"NTS Energy Offtaken, Industrial Offtake Total",0.105949151
2020-07-24,"NTS Energy Offtaken, LDZ Offtake Total",0.612948415
2020-07-24,"NTS Energy Offtaken, Powerstations Total",0.593379102
2020-07-23,"NTS Energy Offtaken, Industrial Offtake Total",0.082527479
2020-07-23,"NTS Energy Offtaken, LDZ Offtake Total",0.635453591
2020-07-23,"NTS Energy Offtaken, Powerstations Total",0.63493335
2020-07-22,"NTS Energy Offtaken, Industrial Offtake Total",0.174265834
2020-07-22,"NTS Energy Offtaken, LDZ Offtake Total",0.634534754
2020-07-22,"NTS Energy Offtaken, Powerstations Total",0.595883827
2020-07-21,"NTS Energy Offtaken, Industrial Offtake Total",0.193389489
2020-07-21,"NTS Energy Offtaken, LDZ Offtake Total",0.659514052
2020-07-21,"NTS Energy Offtaken, Powerstations Total",0.686886422
2020-07-20,"NTS Energy Offtaken, Industrial Offtake Total",0.175063379
2020-07-20,"NTS Energy Offtaken, LDZ Offtake Total",0.663854686
2020-07-20,"NTS Energy Offtaken, Powerstations Total",0.630133281
2020-07-19,"NTS Energy Offtaken, Industrial Offtake Total",0.178520072
2020-07-19,"NTS Energy Offtaken, LDZ Offtake Total",0.583402087
2020-07-19,"NTS Energy Offtaken, Powerstations Total",0.31229152
2020-07-18,"NTS Energy Offtaken, Industrial Offtake Total",0.182414327
2020-07-18,"NTS Energy Offtaken, LDZ Offtake Total",0.563666868
2020-07-18,"NTS Energy Offtaken, Powerstations Total",0.312384811
2020-07-17,"NTS Energy Offtaken, Industrial Offtake Total",0.156642873
2020-07-17,"NTS Energy Offtaken, LDZ Offtake Total",0.612785891
2020-07-17,"NTS Energy Offtaken, Powerstations Total",0.516070385
2020-07-16,"NTS Energy Offtaken, Industrial Offtake Total",0.208294896
2020-07-16,"NTS Energy Offtaken, LDZ Offtake Total",0.703549485
2020-07-16,"NTS Energy Offtaken, Powerstations Total",0.603602756
2020-07-15,"NTS Energy Offtaken, Industrial Offtake Total",0.200137512
2020-07-15,"NTS Energy Offtaken, LDZ Offtake Total",0.746735731
2020-07-15,"NTS Energy Offtaken, Powerstations Total",0.671364161
2020-07-14,"NTS Energy Offtaken, Industrial Offtake Total",0.199305229
2020-07-14,"NTS Energy Offtaken, LDZ Offtake Total",0.692009209
2020-07-14,"NTS Energy Offtaken, Powerstations Total",0.660722937
2020-07-13,"NTS Energy Offtaken, Industrial Offtake Total",0.194084371
2020-07-13,"NTS Energy Offtaken, LDZ Offtake Total",0.63766971
2020-07-13,"NTS Energy Offtaken, Powerstations Total",0.539350992
2020-07-12,"NTS Energy Offtaken, Industrial Offtake Total",0.186558137
2020-07-12,"NTS Energy Offtaken, LDZ Offtake Total",0.581457541
2020-07-12,"NTS Energy Offtaken, Powerstations Total",0.331178297
2020-07-11,"NTS Energy Offtaken, Industrial Offtake Total",0.177728539
2020-07-11,"NTS Energy Offtaken, LDZ Offtake Total",0.645093791
2020-07-11,"NTS Energy Offtaken, Powerstations Total",0.38946781
2020-07-10,"NTS Energy Offtaken, Industrial Offtake Total",0.181902684
2020-07-10,"NTS Energy Offtaken, LDZ Offtake Total",0.724189475
2020-07-10,"NTS Energy Offtaken, Powerstations Total",0.499225357
2020-07-09,"NTS Energy Offtaken, Industrial Offtake Total",0.150468927
2020-07-09,"NTS Energy Offtaken, LDZ Offtake Total",0.801961038
2020-07-09,"NTS Energy Offtaken, Powerstations Total",0.653842209
2020-07-08,"NTS Energy Offtaken, Industrial Offtake Total",0.191257597
2020-07-08,"NTS Energy Offtaken, LDZ Offtake Total",0.788699383
2020-07-08,"NTS Energy Offtaken, Powerstations Total",0.745838943
2020-07-07,"NTS Energy Offtaken, Industrial Offtake Total",0.188065347
2020-07-07,"NTS Energy Offtaken, LDZ Offtake Total",0.756397138
2020-07-07,"NTS Energy Offtaken, Powerstations Total",0.684834895
2020-07-06,"NTS Energy Offtaken, Industrial Offtake Total",0.176632131
2020-07-06,"NTS Energy Offtaken, LDZ Offtake Total",0.719630761
2020-07-06,"NTS Energy Offtaken, Powerstations Total",0.348287206
2020-05-31,"NTS Energy Offtaken, Industrial Offtake Total",0.108727683
2020-05-31,"NTS Energy Offtaken, LDZ Offtake Total",0.550214414
2020-05-31,"NTS Energy Offtaken, Powerstations Total",0.243289599
2020-05-30,"NTS Energy Offtaken, Industrial Offtake Total",0.107042313
2020-05-30,"NTS Energy Offtaken, LDZ Offtake Total",0.547863004
2020-05-30,"NTS Energy Offtaken, Powerstations Total",0.216883623
2020-05-29,"NTS Energy Offtaken, Industrial Offtake Total",0.108296704
2020-05-29,"NTS Energy Offtaken, LDZ Offtake Total",0.582610591
2020-05-29,"NTS Energy Offtaken, Powerstations Total",0.28757431
2020-05-28,"NTS Energy Offtaken, Industrial Offtake Total",0.177955415
2020-05-28,"NTS Energy Offtaken, LDZ Offtake Total",0.641187902
2020-05-28,"NTS Energy Offtaken, Powerstations Total",0.32191979
2020-05-27,"NTS Energy Offtaken, Industrial Offtake Total",0.203904123
2020-05-27,"NTS Energy Offtaken, LDZ Offtake Total",0.668558977
2020-05-27,"NTS Energy Offtaken, Powerstations Total",0.475007454
2020-05-26,"NTS Energy Offtaken, Industrial Offtake Total",0.144442942
2020-05-26,"NTS Energy Offtaken, LDZ Offtake Total",0.627496655
2020-05-26,"NTS Energy Offtaken, Powerstations Total",0.44081219
2020-05-25,"NTS Energy Offtaken, Industrial Offtake Total",0.109231239
2020-05-25,"NTS Energy Offtaken, LDZ Offtake Total",0.649172418
2020-05-25,"NTS Energy Offtaken, Powerstations Total",0.288482756
